Iteration	mU	mW	eP	robustness	|CoRa<=0.1|	min(CoRA)	0.001	0.0016102620275609393	0.002592943797404667	0.0041753189365604	0.006723357536499335	0.010826367338740546	0.017433288221999882	0.02807216203941177	0.04520353656360243	0.0727895384398315	0.11721022975334802	0.18873918221350972	0.30391953823131973	0.48939009184774934	0.7880462815669912	1.2689610031679222	2.043359717856942	3.2903445623126686	5.298316906283709	8.531678524172808	13.73823795883263	22.122162910704493	35.62247890262442	57.36152510448679	92.36708571873861	148.73521072935117	239.5026619987486	385.6620421163472	621.0169418915616	1000.0
0	24.5758	0.5095	13.1539	0.7	4.137931034482759	0.0001547332738774836	([0.0008019484182557982, 0.0005056023694851464, 0.00032600922314541836, 0.00022174408832895717, 0.00016873440425724115, 0.0001547332738774836, 0.00017649984782052631, 0.0002390471680874725, 0.000356780974406226, 0.0005567728180337274, 0.0008848676429821455, 0.0014158903959309594, 0.0022699335441398183, 0.003637534104662281, 0.005817174826118369, 0.009267975621044608, 0.014676196736376018, 0.023021283916890914, 0.035598862647255536, 0.0539143553950615, 0.07933429982503265, 0.11246449474524695, 0.1524931948960376, 0.19701314213084933, 0.2426537877444988, 0.28618118065438214, 0.3253389955522144, 0.35906115786597237, 0.3872224819303555, 0.41025660387403245], [0.020715053793217884, 0.020721538563060464, 0.020725659432495325, 0.020728367036990526, 0.020730286641211702, 0.020731861824077852, 0.020733456692688362, 0.020735439897474093, 0.0207382696888525, 0.020742599487686808, 0.020749427983469723, 0.020760327480974946, 0.020777800769821126, 0.02080584257403627, 0.020850819016716773, 0.02092282747792977, 0.021037751092386345, 0.02122024655982571, 0.021507829027006885, 0.021955923596574528, 0.022643149525209818, 0.023675396476359925, 0.025187258719525693, 0.027341090225863226, 0.030326734998922678, 0.03436613301499453, 0.03972497872901222, 0.046730729432174524, 0.05579538908463108, 0.06744258048077462], [0.0, 0.0, 0.0, 0.0, 0.0, 0.0, 0.0, 0.0, 0.0, 0.0, 0.0, 0.0, 0.0, 0.0, 0.0, 0.0, 0.0, 0.0, 0.0, 0.0, 0.0, 0.0, 0.0, 0.0, 0.0, 0.0, 0.0, 0.0, 0.0, 0.0])
1.0	31.2	0.366	12.35	0.6666666666666666	3.9310344827586206	0.00018817230419252562	0.0006400108609680017	0.00041153541623403957	0.0002781253620616755	0.00020899326893435356	0.00018817230419252562	0.00021084490743628965	0.0002822265385607344	0.00041874435487444133	0.0006517566618309623	0.00103459612202479	0.0016543643776746235	0.0026506920027003942	0.004244507317755367	0.006780261621323081	0.010783666533071227	0.017030610567658474	0.02660569540960433	0.04089458626691796	0.06141003213671668	0.08934774312104961	0.12490959675690294	0.16674248528279936	0.21201722299228068	0.2572853680842092	0.2995698527361829	0.3370103395999697	0.368889112282756	0.3953052454217644	0.41680147752796814	0.43408894082230975
2.0	31.2	0.366	12.35	0.6666666666666666	3.9310344827586206	0.00018817230419252562	0.0006400108609680017	0.00041153541623403957	0.0002781253620616755	0.00020899326893435356	0.00018817230419252562	0.00021084490743628965	0.0002822265385607344	0.00041874435487444133	0.0006517566618309623	0.00103459612202479	0.0016543643776746235	0.0026506920027003942	0.004244507317755367	0.006780261621323081	0.010783666533071227	0.017030610567658474	0.02660569540960433	0.04089458626691796	0.06141003213671668	0.08934774312104961	0.12490959675690294	0.16674248528279936	0.21201722299228068	0.2572853680842092	0.2995698527361829	0.3370103395999697	0.368889112282756	0.3953052454217644	0.41680147752796814	0.43408894082230975
3.0	30.71	0.3977	10.11	0.6666666666666666	3.9310344827586206	0.00019977977800358064	0.00065149695081883	0.0004201613024592398	0.0002858821394454715	0.00021767283984321776	0.00019977977800358064	0.00022806009913879842	0.0003090191152869435	0.00046128038500658234	0.0007197950236529245	0.001143669090773046	0.001829173557347404	0.0029303196232804796	0.00469018487178299	0.0074863608626810655	0.011891791485708333	0.018744156930678945	0.029196507534341803	0.04468395975476118	0.06669918039904757	0.09628700850241906	0.1333516265147339	0.1761905886249578	0.22175166301350527	0.2666023492482991	0.3079713838514906	0.3442564209662442	0.3749458684375513	0.4002620631650603	0.4208023884334402	0.43728972693471824
4.0	21.8	0.3446	8.793	0.6666666666666666	3.9310344827586206	0.00023234759683167855	0.0009102390084316072	0.0005800399814299153	0.00038375952963052245	0.00027614208878085495	0.00023234759683167855	0.0002422549451040812	0.0003081286511200167	0.0004451164154547146	0.0006846672369386659	0.0010815781814801503	0.0017260817042772983	0.0027632120492495785	0.00442252719307844	0.007061595389849449	0.011224997910736903	0.0177135425305033	0.027639875987846566	0.04241090986946581	0.06353375882009966	0.09214629454978429	0.12833164229559085	0.17059285906936159	0.21600415124256064	0.2611174160412201	0.3030366209022965	0.34000733154378826	0.3713982153784657	0.39736086154097705	0.418461813075792	0.4354178137731767
5.0	19.66	0.4268	6.943	0.6666666666666666	3.9310344827586206	0.00023885763945621043	0.0010064710837612092	0.0006387104837142441	0.0004183848769155161	0.0002947104159705288	0.00023914673764028723	0.00023885763945621043	0.0002937565194356932	0.0004164670976633688	0.0006351716615182835	0.0009999364985840658	0.0015937921819007149	0.002550656017533692	0.004083041695149729	0.006522988692464286	0.010378499076850858	0.01640198683216271	0.02565119607664823	0.03949029100900241	0.05943423118210342	0.08672897307170915	0.12168551354073787	0.16308860611457277	0.20820779598478684	0.2536024828801543	0.29622282082680385	0.3341072747677772	0.3664531015537057	0.393306487727486	0.4151854814585441	0.432794745071635
6.0	31.25	0.4622	7.146	0.6333333333333333	3.7241379310344827	0.00022324083019649956	0.0006442511933857937	0.00041935265693086464	0.00029132681413892865	0.00023062964267803936	0.00022324083019649956	0.00026743843901621666	0.00037338792154112627	0.0005654380773503114	0.000887601561791431	0.001413342030818981	0.0022615568666767977	0.003621502877631497	0.005790063801373421	0.009224223948203622	0.014607434103064393	0.022915793666380975	0.03544183955754451	0.05369008167194696	0.07903128372367908	0.11208282115612887	0.1520498468673799	0.19653975967044393	0.24218653060670195	0.28574949336108674	0.32496001735753527	0.3587404689311273	0.38695787425396816	0.41004188547215026	0.42866990448951836	0.4435705092886468
7.0	26.0	0.3824	9.407	0.6666666666666666	3.9310344827586206	0.0002112749441597665	0.0007657575752414044	0.0004903257987759393	0.0003281322051213054	0.0002417626496764878	0.0002112749441597665	0.00022961915709488446	0.0003010083297606119	0.00044186400228854434	0.0006845272134444099	0.0010845091309423438	0.001732738020805739	0.0027750728381708187	0.004442181435858815	0.007093198572014766	0.011274886148073279	0.017790881272704125	0.027756964288593193	0.04258233696741207	0.06377327858660178	0.09246090350591654	0.12871486769253895	0.17102229954355636	0.2164471132724827	0.2615417786238903	0.3034195567744881	0.34033776717128456	0.37167450829973686	0.3975870280843139	0.41864438998037173	0.4355638910565196
8.0	26.0	0.3824	9.407	0.6666666666666666	3.9310344827586206	0.0002112749441597665	0.0007657575752414044	0.0004903257987759393	0.0003281322051213054	0.0002417626496764878	0.0002112749441597665	0.00022961915709488446	0.0003010083297606119	0.00044186400228854434	0.0006845272134444099	0.0010845091309423438	0.001732738020805739	0.0027750728381708187	0.004442181435858815	0.007093198572014766	0.011274886148073279	0.017790881272704125	0.027756964288593193	0.04258233696741207	0.06377327858660178	0.09246090350591654	0.12871486769253895	0.17102229954355636	0.2164471132724827	0.2615417786238903	0.3034195567744881	0.34033776717128456	0.37167450829973686	0.3975870280843139	0.41864438998037173	0.4355638910565196
9.0	22.82	0.4145	14.28	0.7	4.137931034482759	0.000164557855851456	0.000863406943934987	0.0005441745291647043	0.0003505868566250749	0.00023800018079500103	0.00018042408826866632	0.000164557855851456	0.00018672934231209467	0.0002520431499566362	0.0003755385726724531	0.000585603131453284	0.000930368445287934	0.001488404308875126	0.0023857665677358532	0.0038222858000126377	0.006110551102302627	0.009730241952508439	0.0153955917059826	0.024119570243730584	0.037228146517184764	0.056233629161976696	0.08245561957593017	0.11637817553618783	0.157016976018827	0.20182027552473109	0.24737879387132541	0.2905318571388112	0.3291489794357174	0.36227955737489803	0.3898749714130348	0.4124073604075732
10.0	22.82	0.4145	14.28	0.7	4.137931034482759	0.000164557855851456	0.000863406943934987	0.0005441745291647043	0.0003505868566250749	0.00023800018079500103	0.00018042408826866632	0.000164557855851456	0.00018672934231209467	0.0002520431499566362	0.0003755385726724531	0.000585603131453284	0.000930368445287934	0.001488404308875126	0.0023857665677358532	0.0038222858000126377	0.006110551102302627	0.009730241952508439	0.0153955917059826	0.024119570243730584	0.037228146517184764	0.056233629161976696	0.08245561957593017	0.11637817553618783	0.157016976018827	0.20182027552473109	0.24737879387132541	0.2905318571388112	0.3291489794357174	0.36227955737489803	0.3898749714130348	0.4124073604075732
11.0	19.92	0.4437	15.87	0.7333333333333333	4.344827586206897	0.00015331797637677225	0.0009857296390824804	0.0006181131099067765	0.00039317607787021664	0.00025906504720642367	0.0001848277758500654	0.00015331797637677225	0.00015725244600914702	0.0001975308715372871	0.00028343387725471227	0.0004347353588393964	0.0006861845367733938	0.0010953060759888095	0.001755094936189571	0.002813963153914631	0.004506095965566685	0.007195645102991552	0.011436381293989365	0.018041032820744894	0.02813540839600219	0.04313592647428431	0.06454588402322163	0.09347427786783578	0.12994722686178722	0.17240089580947715	0.2178668195719447	0.26290001638140176	0.3046439079106763	0.34139345572129864	0.372556758308864	0.39830896607828503
12.0	19.92	0.4437	15.87	0.7333333333333333	4.344827586206897	0.00015331797637677225	0.0009857296390824804	0.0006181131099067765	0.00039317607787021664	0.00025906504720642367	0.0001848277758500654	0.00015331797637677225	0.00015725244600914702	0.0001975308715372871	0.00028343387725471227	0.0004347353588393964	0.0006861845367733938	0.0010953060759888095	0.001755094936189571	0.002813963153914631	0.004506095965566685	0.007195645102991552	0.011436381293989365	0.018041032820744894	0.02813540839600219	0.04313592647428431	0.06454588402322163	0.09347427786783578	0.12994722686178722	0.17240089580947715	0.2178668195719447	0.26290001638140176	0.3046439079106763	0.34139345572129864	0.372556758308864	0.39830896607828503
13.0	19.92	0.4437	15.87	0.7333333333333333	4.344827586206897	0.00015331797637677225	0.0009857296390824804	0.0006181131099067765	0.00039317607787021664	0.00025906504720642367	0.0001848277758500654	0.00015331797637677225	0.00015725244600914702	0.0001975308715372871	0.00028343387725471227	0.0004347353588393964	0.0006861845367733938	0.0010953060759888095	0.001755094936189571	0.002813963153914631	0.004506095965566685	0.007195645102991552	0.011436381293989365	0.018041032820744894	0.02813540839600219	0.04313592647428431	0.06454588402322163	0.09347427786783578	0.12994722686178722	0.17240089580947715	0.2178668195719447	0.26290001638140176	0.3046439079106763	0.34139345572129864	0.372556758308864	0.39830896607828503
14.0	19.92	0.4437	15.87	0.7333333333333333	4.344827586206897	0.00015331797637677225	0.0009857296390824804	0.0006181131099067765	0.00039317607787021664	0.00025906504720642367	0.0001848277758500654	0.00015331797637677225	0.00015725244600914702	0.0001975308715372871	0.00028343387725471227	0.0004347353588393964	0.0006861845367733938	0.0010953060759888095	0.001755094936189571	0.002813963153914631	0.004506095965566685	0.007195645102991552	0.011436381293989365	0.018041032820744894	0.02813540839600219	0.04313592647428431	0.06454588402322163	0.09347427786783578	0.12994722686178722	0.17240089580947715	0.2178668195719447	0.26290001638140176	0.3046439079106763	0.34139345572129864	0.372556758308864	0.39830896607828503
15.0	22.25	0.6006	17.8	0.7333333333333333	4.344827586206897	0.00012467546317794506	0.0008816702959659503	0.0005519306790807855	0.0003496189542589374	0.00022808081328665352	0.00015925921165763665	0.00012725632716105472	0.00012467546317794506	0.0001509151380927602	0.00021202549970593865	0.00032208949712549643	0.0005064306306978894	0.0008073412893233341	0.0012935325095627212	0.002075173227638298	0.003327192295618796	0.005324219567863748	0.00849032518613528	0.013463457360866321	0.021163727698706263	0.03282972044573247	0.04994517399403973	0.07394336819957102	0.10562914819437458	0.14449435318970721	0.1884091404788583	0.23410496270222772	0.27824091143008983	0.31834042768110354	0.3531224167450027	0.38231304670213684
16.0	21.98	0.6413	18.32	0.7666666666666667	4.551724137931035	0.00011778427296086612	0.0008920077466612748	0.0005579285820997983	0.0003526590365809456	0.0002288641184339764	0.00015796622139337924	0.000123588038495331	0.00011778427296086612	0.00013920958728743665	0.00019280447746359235	0.0002909235214886787	0.00045615293679900337	0.0007264304397805939	0.0011635511228065758	0.0018667691174121552	0.0029939864470912066	0.004793787216943097	0.007651685920178917	0.012151668084793734	0.019145558450296155	0.029801541056736137	0.045564503589696305	0.06791965124606271	0.09787391283402538	0.13526208655649008	0.17830545606418288	0.22390843362193152	0.2686488919162198	0.309804593961308	0.34582994713018517	0.376256811022307
17.0	21.98	0.6413	18.32	0.7666666666666667	4.551724137931035	0.00011778427296086612	0.0008920077466612748	0.0005579285820997983	0.0003526590365809456	0.0002288641184339764	0.00015796622139337924	0.000123588038495331	0.00011778427296086612	0.00013920958728743665	0.00019280447746359235	0.0002909235214886787	0.00045615293679900337	0.0007264304397805939	0.0011635511228065758	0.0018667691174121552	0.0029939864470912066	0.004793787216943097	0.007651685920178917	0.012151668084793734	0.019145558450296155	0.029801541056736137	0.045564503589696305	0.06791965124606271	0.09787391283402538	0.13526208655649008	0.17830545606418288	0.22390843362193152	0.2686488919162198	0.309804593961308	0.34582994713018517	0.376256811022307
18.0	21.73	0.8499	20.66	0.7666666666666667	4.551724137931035	9.576300143982649e-5	0.0009009196467526812	0.0005621840656145216	0.00035323709620614516	0.00022589654157741123	0.00015076620938285644	0.0001104909147365416	9.576300143982649e-5	0.00010317669063172216	0.00013444086399532214	0.00019676867466786088	0.0003045286173721803	0.0004825221884765453	0.0007716020513611397	0.0012378161846151657	0.00198690133261999	0.003186737907553196	0.005101106697339503	0.008138012298607361	0.012912996964258794	0.020318058103830815	0.03156337500240814	0.0481184197923578	0.0714410293698884	0.10242285642330166	0.14069807858114683	0.1842775242125015	0.2299564847910774	0.27435471543675083	0.31489314714362127	0.3501839555753764
19.0	25.67	0.6466	17.02	0.7333333333333333	4.344827586206897	0.00012202228478368901	0.0007653774792944261	0.0004801749912839647	0.00030585995499488	0.00020221919047870682	0.00014532175067148465	0.00012202228478368901	0.0001269343159133123	0.00016118661468604245	0.00023267714985413464	0.0003578764226118929	0.0005655745943271886	0.0009033787909213081	0.00144830785557168	0.0023235378805132522	0.003724167498559194	0.005955462619026225	0.009486358385642627	0.015016456052298734	0.023541244494626967	0.03637104185635082	0.05501507335455558	0.08081830504605497	0.11432919505369013	0.15465358947339644	0.19931405933127613	0.24491988684332192	0.2882710541374126	0.32717128144136326	0.3606102008381531	0.38849984362970325
20.0	39.79	0.8938	19.57	0.7333333333333333	4.344827586206897	9.579520820504477e-5	0.0004954829991476456	0.0003123694300859252	0.00020143076123956574	0.0001370516693556914	0.00010435856187710615	9.579520820504477e-5	0.00010938003006564203	0.00014824677413165945	0.00022136133141228723	0.0003455727387474088	0.0005494507071244309	0.0008797397192795828	0.0014117744149605431	0.0022658871149858414	0.0036326458005983813	0.005810376157799371	0.009257850082775935	0.014660786708857372	0.02299794519459168	0.035564304465275705	0.05386510820523049	0.0792678363077421	0.11238083555748633	0.15239606666265385	0.19690947707323736	0.24255149854745678	0.2860867027569127	0.3252560691164662	0.35899099525695544	0.3871645942693295
21.0	34.76	1.084	13.93	0.7333333333333333	4.344827586206897	0.00010296056528215326	0.0005665241153783105	0.00035655981583691576	0.0002289691769951571	0.00015429885068856265	0.00011530019164286061	0.00010296056528215326	0.00011442569665292357	0.0001523391675882678	0.0002254459450373383	0.0003505918470051659	0.0005565589452821766	0.0008905651235905968	0.0014287795272817055	0.002292899006613947	0.0036756407152459974	0.005878609143090631	0.009365372529021284	0.014828204810927737	0.023253781132353137	0.03594438136076305	0.0544072568638539	0.07999944847484926	0.11330118139887876	0.15346369899660195	0.19804796076702097	0.24367397682496642	0.2871227931560496	0.32616504253957945	0.3597598020976215	0.3877987544953493
22.0	23.2	1.681	10.44	0.7666666666666667	4.551724137931035	9.550888147738805e-5	0.0008442169590334187	0.0005271184829254483	0.0003317272151046633	0.00021297857950531237	0.00014345672808762738	0.00010710093272635073	9.550888147738805e-5	0.00010599928665319418	0.00014099147687113452	0.00020855821285926636	0.00032427302596968173	0.0005147601354889845	0.000823717601117248	0.0013216769622740423	0.002121424696459306	0.0034018111564946382	0.005443352281045071	0.008678727170796015	0.013757781718001674	0.021615383786137077	0.033504674369579254	0.05091587335212178	0.07526759778514097	0.10731725077033837	0.14648161558863435	0.19055944447449857	0.23625277088953345	0.28024433928533027	0.3201118707219535	0.3546289597741624
23.0	28.55	1.452	10.34	0.7666666666666667	4.551724137931035	0.00010537669673400503	0.0006878212587243137	0.00043111197965298414	0.00027397488863679394	0.0001801501646673032	0.00012796971864275172	0.00010537669673400503	0.00010714811594848196	0.00013368915576534218	0.00019112245848637252	0.0002926887933410871	0.00046176805780927076	0.000737179195767261	0.0011818810251357666	0.001896820417041481	0.003042455144301974	0.004871234772045305	0.007774387373871036	0.012343933047139715	0.019441985951781357	0.030247638158199155	0.046212532746593135	0.06881572212923251	0.0990356099708791	0.1366559741150396	0.1798431800900414	0.22547165494811344	0.27012830268431115	0.3111271138916968	0.34696348470432486	0.3772002578780474
24.0	28.55	1.452	10.34	0.7666666666666667	4.551724137931035	0.00010537669673400503	0.0006878212587243137	0.00043111197965298414	0.00027397488863679394	0.0001801501646673032	0.00012796971864275172	0.00010537669673400503	0.00010714811594848196	0.00013368915576534218	0.00019112245848637252	0.0002926887933410871	0.00046176805780927076	0.000737179195767261	0.0011818810251357666	0.001896820417041481	0.003042455144301974	0.004871234772045305	0.007774387373871036	0.012343933047139715	0.019441985951781357	0.030247638158199155	0.046212532746593135	0.06881572212923251	0.0990356099708791	0.1366559741150396	0.1798431800900414	0.22547165494811344	0.27012830268431115	0.3111271138916968	0.34696348470432486	0.3772002578780474
25.0	28.55	1.452	10.34	0.7666666666666667	4.551724137931035	0.00010537669673400503	0.0006878212587243137	0.00043111197965298414	0.00027397488863679394	0.0001801501646673032	0.00012796971864275172	0.00010537669673400503	0.00010714811594848196	0.00013368915576534218	0.00019112245848637252	0.0002926887933410871	0.00046176805780927076	0.000737179195767261	0.0011818810251357666	0.001896820417041481	0.003042455144301974	0.004871234772045305	0.007774387373871036	0.012343933047139715	0.019441985951781357	0.030247638158199155	0.046212532746593135	0.06881572212923251	0.0990356099708791	0.1366559741150396	0.1798431800900414	0.22547165494811344	0.27012830268431115	0.3111271138916968	0.34696348470432486	0.3772002578780474
26.0	32.11	2.034	10.32	0.7666666666666667	4.551724137931035	8.952085132946798e-5	0.0006112795065759618	0.0003828016613315129	0.0002427511054496179	0.00015880248773889524	0.00011156529196989179	9.012368548744426e-5	8.952085132946798e-5	0.00010961470904757419	0.00015504245719113232	0.00023628320363909856	0.00037205484113210686	0.0005935735277193011	0.0009515934909516664	0.001527682132594107	0.0024518963626493	0.003929832925496568	0.006282538447652427	0.01000180899840429	0.015818153226030394	0.024763716769506817	0.038181153062875735	0.05758487191896134	0.08426460940271675	0.1186319998831785	0.15960413915177749	0.20455094862696324	0.250046959096684	0.292977079367286	0.33128287614420293	0.3640777536079908
27.0	36.13	2.835	14.92	0.8	4.758620689655173	6.152022364114267e-5	0.0005422670552020646	0.00033855664022250343	0.00021306300836046853	0.00013681382696869134	9.219415131371384e-5	6.889189851697494e-5	6.152022364114267e-5	6.837407771115112e-5	9.103573345968929e-5	0.00013473791649418735	0.00020956577820721752	0.0003327676598376932	0.0005326879422478971	0.0008551769359738292	0.0013738198732580998	0.002205992018056672	0.003537544910375132	0.005659567508223638	0.009020205543914413	0.014290594720898055	0.022431757439943727	0.034722034644388285	0.05266138248472578	0.07763932409291259	0.11032587976273037	0.15000412751314104	0.19435023233366464	0.2400207350649079	0.2837451377362477	0.3231981497928162
28.0	35.14	3.145	18.23	0.8333333333333334	4.9655172413793105	5.377992965355846e-5	0.0005569924019962876	0.00034721638063083156	0.0002176551564415968	0.00013839861615048968	9.113745191627306e-5	6.494919247523122e-5	5.377992965355846e-5	5.504699923311223e-5	6.90422044516085e-5	9.899808831526269e-5	0.00015183139444472344	0.00023973160467969553	0.000382951071327358	0.0006144138083290538	0.0009871360718736331	0.0015859882009510704	0.002546041968104768	0.004080546192489123	0.006522023754441822	0.010378814436461025	0.016403589034368077	0.025654298193928494	0.03949525469868019	0.0594414556491133	0.08673870096716015	0.12169759715233328	0.16310238394228094	0.2082222264046854	0.25361648306280477	0.296235577457007
29.0	29.47	3.05	16.37	0.8333333333333334	4.9655172413793105	5.755494018547875e-5	0.0006637983817078724	0.00041352943736394296	0.0002587745722517799	0.0001638199642898685	0.00010673457172914249	7.432722561292157e-5	5.9107016508940355e-5	5.755494018547875e-5	6.931111189629219e-5	9.709063096740771e-5	0.00014730775661285774	0.00023154907403000584	0.00036922630566658336	0.0005919961241305242	0.0009509016349017995	0.0015277138274891247	0.0024526538301857157	0.003931478281550282	0.006285419063071361	0.010006508021887335	0.015825553502212424	0.024775044576676085	0.03819792691474205	0.057608638052895705	0.08429637437880334	0.11867148812476448	0.15964935473749808	0.20459855555325784	0.25009337662161424	0.2930195460137682
30.0	25.23	3.18	15.26	0.8333333333333334	4.9655172413793105	5.748089193589947e-5	0.0007749188721224817	0.0004824322826315937	0.00030134947086304345	0.00018989581440032814	0.0001223353195246211	8.305838186934195e-5	6.298697898843479e-5	5.748089193589947e-5	6.526635380676087e-5	8.814113681234049e-5	0.00013138756126954569	0.000204986234369013	0.00032590347715495926	0.0005219611539800954	0.000838131412315367	0.0013465772196937056	0.002162415969316028	0.0034679783793720776	0.005548992311901239	0.008845740938100123	0.014018539941707594	0.022015154370248848	0.03410124754156427	0.05177212436491155	0.07643256269419156	0.10879741947950562	0.14821767206178796	0.19243100702600668	0.238115980542162	0.28197763052618924
31.0	29.65	1.64	18.68	0.8	4.758620689655173	7.235777760485443e-5	0.0006605520150814853	0.00041227726103120567	0.0002592285010485947	0.00016608553613831469	0.00011133589724827533	8.232833241087587e-5	7.235777760485443e-5	7.911830940638712e-5	0.0001041698888122928	0.00015329562079611806	0.00023782871442930197	0.00037724575831793667	0.0006035989917239414	0.0009687426695536972	0.0015558451445699636	0.0024973910016789576	0.004002680541626254	0.006398317192147606	0.010184115863542748	0.016101348851532853	0.02519474556678544	0.03881763995422397	0.05848505431239834	0.08546583152845594	0.12012282487140105	0.16130832591576727	0.2063424200826871	0.2517912926373423	0.2945712317649976	0.33267122961296663
32.0	23.69	1.581	18.02	0.8	4.758620689655173	7.700051423076448e-5	0.0008258210989363086	0.0005146937637725572	0.0003224084388565	0.00020461379999236632	0.0001341127649668159	9.461765286574815e-5	7.700051423076448e-5	7.718832563283548e-5	9.522240389324631e-5	0.00013526588936867807	0.00020655900708976883	0.0003255356397984059	0.0005195707830209274	0.0008331738291003076	0.001337926918455954	0.0021481265730212457	0.003444884069777952	0.005512105522960378	0.008787420078548066	0.013927494396929101	0.021875608431765524	0.03389309246666366	0.051473545068216796	0.07602666493639679	0.1082822167047099	0.14761407918774508	0.19178102896768112	0.23746955091955768	0.28137676344206075	0.32111147272590573
33.0	28.3	2.613	16.42	0.8333333333333334	4.9655172413793105	6.251801251578282e-5	0.0006913147917033935	0.0004307668286773629	0.000269708913477008	0.00017097601315390948	0.00011176576801565896	7.839652913352363e-5	6.315523950364581e-5	6.251801251578282e-5	7.633621033112659e-5	0.00010780083458889961	0.0001641757903640055	0.00025846497887663017	0.0004123862172031503	0.0006613071270413192	0.0010622003797737232	0.001706242356415785	0.0027384196361091473	0.004387295142249505	0.007008401331889365	0.011143101006482988	0.01758781144525978	0.027450208707413947	0.0421335232058167	0.06314617788018362	0.09163690124742853	0.12771059013772706	0.1698962020775115	0.21528485252932203	0.2604277399091817	0.30241386401370574
34.0	26.13	3.414	15.59	0.8333333333333334	4.9655172413793105	5.486476131000178e-5	0.0007482254564225377	0.000465786961364591	0.0002909142130644944	0.00018326167474451264	0.0001179697054430361	7.995230217908103e-5	6.0422353957498e-5	5.486476131000178e-5	6.199391719551642e-5	8.345612607007756e-5	0.00012420789627917307	0.00019365519140211824	0.000307810214779864	0.0004929464212601972	0.0007915502328494965	0.0012718254749483624	0.0020426405309855785	0.003276593580821661	0.005244574939161669	0.008365034284714686	0.013268048567611086	0.020863869056399913	0.03238120445808077	0.04929906991371217	0.07305989681761851	0.10449961780951798	0.14316026651504435	0.18696081137103918	0.2326539918739344	0.2768841813576057
35.0	28.4	2.864	14.77	0.8333333333333334	4.9655172413793105	6.310890658311669e-5	0.0006889111519696243	0.000429297219626704	0.00026883440930945316	0.0001704947305874112	0.00011156653751568955	7.843332160568315e-5	6.343656835314303e-5	6.310890658311669e-5	7.737321792521838e-5	0.00010952349371038689	0.0001669817355228927	0.00026300114364374285	0.00041969648379597827	0.0006730686573100921	0.0010810983654877331	0.0017365572798137654	0.002786930969158702	0.004464630759922215	0.007130949851616716	0.011335470269234205	0.01788538440001837	0.027900355989562323	0.042792395990592313	0.06406672492485925	0.09284612520476956	0.1291837355922599	0.17154725146727207	0.21698814121757218	0.26205971984475934	0.30388667717936585
36.0	36.03	2.549	17.48	0.8	4.758620689655173	5.9980472113586776e-5	0.0005436731523422765	0.0003393379600376209	0.00021339978755580662	0.00013678377971563878	9.179027106378727e-5	6.802078158261792e-5	5.9980472113586776e-5	6.58097918876116e-5	8.685440743889146e-5	0.00012797395103349206	0.00019865857800759553	0.0003152043778611948	0.0005044318205465488	0.0008097582379874368	0.0013009027775329808	0.002089146202215773	0.003350858122959156	0.0053626914211542245	0.008551593786482774	0.013559448332836557	0.021311234853742075	0.03305035786098484	0.05026277000624655	0.07437708033135919	0.1061827090859185	0.14514688791468788	0.1891161548186718	0.234812002085335	0.2789010639210468	0.3189245643837974
37.0	22.44	2.21	17.84	0.8333333333333334	4.9655172413793105	6.374177688617849e-5	0.0008711504716644004	0.0005423307338837595	0.00033872246034546386	0.00021336933788065196	0.00013733151417805693	9.304291123915424e-5	7.026798570809831e-5	6.374177688617849e-5	7.195458030514422e-5	9.680246276928066e-5	0.00014402247658011492	0.00022451000170790178	0.0003568136105758021	0.0005713601390462933	0.0009173243045295979	0.0014735703056084968	0.0023657841470563984	0.003792718285002636	0.006065029454971867	0.009659414806103366	0.015285972000022467	0.02395270827748149	0.036981178532756544	0.055882939123265106	0.08198505580960741	0.11579021620068652	0.15633992800913415	0.2011034717056523	0.24667651526102147	0.2898868849513225
38.0	22.24	1.914	18.52	0.8333333333333334	4.9655172413793105	6.736943317145592e-5	0.0008790865194620146	0.0005473804015836106	0.00034204968885308073	0.0002157421201360117	0.000139298026622179	9.505771082293974e-5	7.279688902047459e-5	6.736943317145592e-5	7.751946065247122e-5	0.00010559026303467389	0.00015806215822863713	0.0002470396567167089	0.00039302059236821194	0.0006295581171329214	0.0010108175555845554	0.0016235802991502693	0.0026059727132672805	0.004175995736230303	0.0066733425824627305	0.010616685845354062	0.016772466804250586	0.026214470189772313	0.040319820048243964	0.06060255147714105	0.08827934971847223	0.12359687067970018	0.16525788930384494	0.21047252070650818	0.2557945373309427	0.29821679354881103
39.0	22.17	2.528	23.31	0.8666666666666667	5.172413793103448	5.302699935084209e-5	0.0008813411470503137	0.0005482727281618041	0.0003417846929405629	0.00021425798774615516	0.00013625134136007787	8.974386499389315e-5	6.398714869260099e-5	5.302699935084209e-5	5.4329093785383025e-5	6.819336058236406e-5	9.782215572980092e-5	0.00015005683606960298	0.00023694911717244625	0.00037852000926498475	0.0006073168258536575	0.0009757510787068907	0.0015677318412612477	0.002516819818921215	0.004033926792145122	0.006448054178441535	0.010262461787634673	0.016223027758992245	0.025379834205498164	0.039090689669902784	0.05887069098367024	0.08597949387632738	0.12075893470786522	0.1620337644737804	0.20710328665825375	0.25253068581387983
40.0	26.48	2.848	25.64	0.8666666666666667	5.172413793103448	4.7135428519560834e-5	0.0007380935113156842	0.0004592313956405448	0.000286423089388543	0.0001797979280487966	0.00011473289102736106	7.619410223013451e-5	5.5273790223309014e-5	4.7135428519560834e-5	4.9897008920894554e-5	6.419599167442075e-5	9.333552859232925e-5	0.00014404459772261976	0.00022802412828223204	0.00036462681091422065	0.0005852647303348975	0.0009404980914593755	0.0015112747768632167	0.0024264872205081137	0.0038898136181050513	0.006219334005727268	0.009902506858076629	0.015663974282763136	0.02452897030835166	0.037834185172339725	0.05709343791881138	0.08360754132236049	0.1178145869028159	0.15866734599519153	0.20356373556925447	0.24908365570189311
41.0	22.75	2.851	28.47	0.9	5.379310344827586	4.4950172428990284e-5	0.0008587141851238683	0.000534017409453308	0.0003326153089328245	0.00020805819755106874	0.00013158894922065417	8.554123067702696e-5	5.927260998210052e-5	4.6710458820100584e-5	4.4950172428990284e-5	5.358413580932653e-5	7.460696424570322e-5	0.00011287462654988696	0.00017722149848827358	0.00028248781382909927	0.0004529110752552519	0.0007276261415025614	0.0011694440274528735	0.001878678552339237	0.003014554969015623	0.0048274866462319314	0.007705589928826668	0.012236452895036436	0.019276488861076118	0.029998746506193222	0.045851156793307174	0.0683162771462475	0.09838848407094189	0.13587999978656454	0.17898768590189404	0.22460249161496235
42.0	23.72	3.564	21.58	0.8666666666666667	5.172413793103448	4.6776968918276315e-5	0.0008237081103900408	0.0005123211506850932	0.0003192279749022171	0.0001998901393805096	0.000126753595827156	8.29212361583965e-5	5.826238321768944e-5	4.70764535834754e-5	4.6776968918276315e-5	5.72939370745103e-5	8.105695279118513e-5	0.00012355441435410195	0.00019459555708362485	0.00031056004759600714	0.0004981368524791607	0.0008003691604884502	0.0012862801578009944	0.00206599068064701	0.00331402590581711	0.0053042026432415165	0.008459277525354221	0.013415310403252171	0.021090026098555276	0.03271961867430232	0.04978670958852135	0.07372687463488935	0.10535262256437801	0.14416808575462745	0.18805529600135304	0.23375079826958622
43.0	28.67	3.853	18.68	0.8666666666666667	5.172413793103448	4.7180859225476364e-5	0.0006818814119242881	0.0004243762906759387	0.00026488674447173235	0.00016660832189574847	0.00010684296847023888	7.17804009030845e-5	5.331599394976502e-5	4.7180859225476364e-5	5.195604823678884e-5	6.874435916423677e-5	0.00010142382372414854	0.00015753996946859709	0.00025003868549650267	0.0004002285232980915	0.000642626629062388	0.0010327294117164273	0.0016593008641690335	0.0026635003150523385	0.004267962977349383	0.006819316344283517	0.010846171132257616	0.01712813277106108	0.026753963624526502	0.04111255126251679	0.06171606434522751	0.08975213040059034	0.1254056022352231	0.16730235973975785	0.21259869396803552	0.25784567330373603
44.0	48.77	3.979	18.79	0.8333333333333334	4.9655172413793105	4.6273159570797564e-5	0.0004018206882032867	0.00025089699792318014	0.00015795425750520317	0.00010152515056594356	6.856972561801243e-5	5.147020138665441e-5	4.6273159570797564e-5	5.1776515198123353e-5	6.92513838955186e-5	0.00010273440685616608	0.00015995652335636378	0.0002541182941914082	0.00040691001510815737	0.0006534431335032776	0.0010501511434928346	0.001687276112969976	0.00270829109674347	0.004339396881803953	0.006932568481722988	0.011024073455222824	0.017403621301120477	0.027171370266015953	0.041724919856944986	0.0625743718311026	0.09088421701721316	0.12679139261696099	0.1688633566724277	0.2142167565327843	0.25940226701891766	0.3014869384176806
45.0	33.03	4.155	19.45	0.8666666666666667	5.172413793103448	4.4572777285024925e-5	0.0005920543571681122	0.0003685862706544489	0.00023026365965231297	0.00014515729975703121	9.360774474769613e-5	6.370183620812457e-5	4.852640712899313e-5	4.4572777285024925e-5	5.0926323227155775e-5	6.905471836425745e-5	0.00010314564583454423	0.00016107040123857158	0.00025619144412449127	0.0004104193636376362	0.0006591937223713523	0.001059455919412414	0.001702243138730754	0.0027322690684775954	0.00437764311623053	0.006993198758967727	0.011119289019001928	0.017550998296363685	0.02739450983563264	0.04205194309104865	0.06303207616553018	0.0914868053508131	0.12752742825117905	0.16969055783037326	0.2150723485885017	0.2602238453791691
46.0	26.96	3.465	21.89	0.8666666666666667	5.172413793103448	4.625446700430766e-5	0.0007249604012772345	0.0004510564411758251	0.000281321123931233	0.00017659110829327322	0.00011268037112957134	7.482149728300311e-5	5.4263773779902435e-5	4.625446700430766e-5	4.8941410929834286e-5	6.294485361458085e-5	9.149974819505632e-5	0.00014120026451392705	0.00022351513347158391	0.0003574147869720342	0.0005736932500520487	0.0009219207990882103	0.0014814722256451362	0.0023787649513880003	0.003813641735276403	0.006098383222336823	0.009712031506393291	0.015367853327150705	0.024077620888670187	0.03716622968654113	0.05614582528934382	0.08233789821056016	0.11623117996574185	0.15684780578545124	0.20164126553564005	0.24720348902280928
47.0	23.77	2.937	26.61	0.8666666666666667	5.172413793103448	4.6343964595996184e-5	0.0008219694658018861	0.0005112321144473101	0.00031853749613599267	0.00019943884164848422	0.00012643722604579677	8.266667287934314e-5	5.8010772375002676e-5	4.676961734462944e-5	4.6343964595996184e-5	5.663467109897207e-5	8.001908129557015e-5	0.00012189823684094404	0.00019193890831091924	0.0003062907637658324	0.0004912733963231339	0.000789339307715246	0.0012685720430966913	0.0020376094798942564	0.003268665786155097	0.005232030068043193	0.00834525615141063	0.013237169253367181	0.020816450730403863	0.03231022809893046	0.04919673618720551	0.07291980952538067	0.10432026687988678	0.14294810795787405	0.1867301267824583	0.23242256232131492
48.0	29.51	2.951	23.01	0.8666666666666667	5.172413793103448	4.857429713639592e-5	0.0006625820275693697	0.0004124583851198495	0.0002576014566340132	0.00016227361068021	0.00010445741823441168	7.079270204944352e-5	5.3497845390776324e-5	4.857429713639592e-5	5.488314639520108e-5	7.388152309729604e-5	0.00010995767105610582	0.00017144030328534684	0.00027251026361480203	0.00043644240435388267	0.0007008906861270727	0.001126344169627611	0.0018094670899246328	0.0029037916913290554	0.004651000580357317	0.007426216983298773	0.011798667820551067	0.018601109294751086	0.02898121706061267	0.044370525738226946	0.06626413914379772	0.0957201575380056	0.13266745966064186	0.17543119030011303	0.22097528473255437	0.2658641096606154
49.0	26.67	3.116	32.63	0.9	5.379310344827586	4.049330532564291e-5	0.0007326388979383083	0.00045563889007944994	0.00028386404618417274	0.00017768135665808328	0.00011256961447138615	7.348395457279967e-5	5.1390089728134707e-5	4.118015518514523e-5	4.049330532564291e-5	4.917018656554382e-5	6.921559352067997e-5	0.00010526019419863611	0.00016562621486872046	0.0002642383912467858	0.0004238086994680285	0.0006809966747397073	0.0010946493208434669	0.0017587970556642485	0.002822828098755155	0.004522040548235282	0.007222019398998165	0.011478443780037623	0.01810646243417991	0.028234519771819993	0.043280899344762175	0.06474805717966926	0.09373912846473771	0.13026881994253342	0.1727600656946849	0.21823613231604888
50.0	23.67	2.493	35.26	0.9	5.379310344827586	4.319245887037839e-5	0.0008253651636828593	0.0005132715842249025	0.0003196907790897767	0.00019997203392379997	0.0001264734019703603	8.221411314399491e-5	5.6964794992336785e-5	4.488835284981918e-5	4.319245887037839e-5	5.148442933248548e-5	7.167995625449954e-5	0.00010844414600778184	0.00017026489431974144	0.00027140141519578677	0.00043514441064854993	0.0006991052788767063	0.00112366340653927	0.0018052838117376083	0.002897171368601361	0.00464049621585441	0.0074096118082870545	0.011772650848721219	0.018560950611206127	0.028920647110604786	0.044282239429878224	0.06614148749817372	0.09556020109781312	0.13247421610755564	0.17521649433393052	0.22075559765484914
51.0	18.7	3.645	36.03	0.9333333333333333	5.586206896551724	3.5583694815517175e-5	0.0010440915625568022	0.0006489436544759621	0.000403568626398	0.000251409294460834	0.00015734886373184538	9.966186193526553e-5	6.50175698425785e-5	4.540773156965034e-5	3.629856087468205e-5	3.5583694815517175e-5	4.309742450156004e-5	6.0576002847438984e-5	9.205772201864946e-5	0.00014481284250080786	0.00023101449999038808	0.0003705267499898193	0.0005954279720526682	0.0009572472736160821	0.0015384116512944667	0.002470102897094795	0.003959522031360466	0.006330055877310718	0.010076840345910288	0.015934850706011475	0.02494145601852257	0.03844376739438997	0.057956527016925885	0.08476094187092881	0.11924855563764102	0.16030962167245297
52.0	18.28	4.958	43.44	0.9666666666666667	5.793103448275862	2.733890333250189e-5	0.0010679304118709164	0.0006636433544060805	0.00041251432192176827	0.0002566643059435622	0.00016012639355313687	0.00010060346134004756	6.434070189846258e-5	4.2955763563521606e-5	3.15044529370247e-5	2.733890333250189e-5	2.9495746843307448e-5	3.847334317494947e-5	5.634657700974503e-5	8.724532257891433e-5	0.00013830585319527024	0.00022131158212971717	0.00035539311818587603	0.0005713875880900599	0.000918802267552442	0.0014768308583889356	0.002371556319403761	0.0038022729043266836	0.00608041340021499	0.009683777528997465	0.015323943404264314	0.024010673244224894	0.03706708000673622	0.05600500237589473	0.08214892723434301	0.11599506755271911
53.0	19.45	3.75	59.51	0.9666666666666667	5.793103448275862	2.6795677649609265e-5	0.0010037694721508424	0.0006237716408400589	0.00038774867081808954	0.0002412917393769279	0.00015059727030578788	9.471609853686831e-5	6.073432578209101e-5	4.079662187426434e-5	3.029330515999575e-5	2.6795677649609265e-5	2.949480585144285e-5	3.901442576987481e-5	5.75546955601884e-5	8.939954978849286e-5	0.00014190353369279842	0.00022718249556064038	0.0003648891571252338	0.0005866896506798553	0.000943409760961531	0.0015163327269044975	0.002434825566827651	0.003903269557398997	0.006240787940159334	0.009936340136762518	0.015716586160234688	0.024609134229909024	0.03795272865385517	0.05726141404263988	0.08383224518206135	0.11809428515561322
54.0	23.26	3.756	60.9	0.9666666666666667	5.793103448275862	2.670145241980584e-5	0.000839548528024532	0.0005217458030174465	0.00032440879194920884	0.00020202233137817032	0.00012632914669532467	7.984156783940047e-5	5.1815153883150354e-5	3.577073041215547e-5	2.7998578655626513e-5	2.670145241980584e-5	3.157919562343926e-5	4.3759167987044575e-5	6.605623645699933e-5	0.00010362173669322466	0.00016512948522395506	0.00026476788813089154	0.00042548527601699954	0.0006842039242481517	0.00110011825626671	0.0017677648042963468	0.002837297526357706	0.004545176408696348	0.007258712959486068	0.011536036283072471	0.01819548522795323	0.028369008520395544	0.04347735475092814	0.06502177505159898	0.09409740709732671	0.13070349155610908
55.0	23.26	3.756	60.9	0.9666666666666667	5.793103448275862	2.670145241980584e-5	0.000839548528024532	0.0005217458030174465	0.00032440879194920884	0.00020202233137817032	0.00012632914669532467	7.984156783940047e-5	5.1815153883150354e-5	3.577073041215547e-5	2.7998578655626513e-5	2.670145241980584e-5	3.157919562343926e-5	4.3759167987044575e-5	6.605623645699933e-5	0.00010362173669322466	0.00016512948522395506	0.00026476788813089154	0.00042548527601699954	0.0006842039242481517	0.00110011825626671	0.0017677648042963468	0.002837297526357706	0.004545176408696348	0.007258712959486068	0.011536036283072471	0.01819548522795323	0.028369008520395544	0.04347735475092814	0.06502177505159898	0.09409740709732671	0.13070349155610908
56.0	28.2	3.353	49.46	0.9333333333333333	5.586206896551724	3.107215852551775e-5	0.0006927570142381887	0.0004306712960216353	0.0002680525663330872	0.00016737542286036293	0.00010538811524874336	6.776691368374921e-5	4.5815681098865507e-5	3.4459388710709396e-5	3.107215852551775e-5	3.487053370198738e-5	4.673222117567394e-5	6.939832642639613e-5	0.0001081051099817576	0.00017178922511986382	0.0002751395240866517	0.00044195530873918315	0.0007105498633730735	0.0011423515806051922	0.0018354424462692996	0.002945530859440933	0.004717616846802225	0.007531752490827603	0.01196413417842004	0.018856521451110036	0.029366308257274387	0.04493146000550699	0.0670426704581134	0.09673423064004626	0.13389081378984752	0.1767883376241465
57.0	38.57	2.601	37.73	0.8666666666666667	5.172413793103448	4.06442452714538e-5	0.0005071457866385485	0.0003158028901092845	0.00019742464221375976	0.00012467803636610924	8.075581303619e-5	5.550640241131106e-5	4.3092648560727035e-5	4.06442452714538e-5	4.7594612659031965e-5	6.554955041368809e-5	9.865698839289381e-5	0.00015456175055584087	0.00024616169348315713	0.0003945597326224952	0.0006338643846065096	0.0010188715207433583	0.001637205017304399	0.0026282173861592708	0.004211744633957105	0.006730203754939241	0.010706160802957628	0.01691121485241193	0.026425033569474926	0.04062940257373287	0.0610377388810738	0.08885550268269743	0.12430524762345939	0.16605955014412413	0.2113071651676087	0.2566005066205877
58.0	29.92	3.942	43.4	0.9333333333333333	5.586206896551724	3.063931501111945e-5	0.0006529886714713922	0.00040597169336134233	0.00025272463151690394	0.00015788008032798837	9.953158874045506e-5	6.419559718715615e-5	4.370394416817985e-5	3.331895807143651e-5	3.063931501111945e-5	3.504515721976535e-5	4.755462280764882e-5	7.105849753887021e-5	0.00011098645513246054	0.00017655669009194826	0.00028289196934668627	0.00045447599273512563	0.0007307094182010195	0.0011747475630493642	0.0018874000959033283	0.0030286376050496005	0.004849998622918212	0.0077412611922347855	0.012292348930567533	0.0193626646381315	0.030128423405115873	0.04603951083283764	0.06857668204592832	0.09872600922110053	0.136284886182627	0.17943423835281966
59.0	30.6	2.779	46.37	0.9	5.379310344827586	3.611181205970615e-5	0.0006386232092807056	0.0003971728934213341	0.0002474629097861725	0.00015494059121164472	9.823528912907376e-5	6.424297908398766e-5	4.5106057063057416e-5	3.640005351139278e-5	3.611181205970615e-5	4.417424027320561e-5	6.245037368015914e-5	9.516265824128171e-5	0.00014986517325518817	0.0002391794132052101	0.0003836840467940626	0.0006165984789982445	0.000991269965955493	0.0015930074391605278	0.0025575186442196676	0.004099003441393507	0.006551397790128282	0.010425066967367847	0.016475379533875713	0.025763397628698018	0.03965598038157847	0.05966801827348041	0.0870397278211861	0.12206928008086994	0.16352491798818214	0.20866404714952821
60.0	30.6	2.779	46.37	0.9	5.379310344827586	3.611181205970615e-5	0.0006386232092807056	0.0003971728934213341	0.0002474629097861725	0.00015494059121164472	9.823528912907376e-5	6.424297908398766e-5	4.5106057063057416e-5	3.640005351139278e-5	3.611181205970615e-5	4.417424027320561e-5	6.245037368015914e-5	9.516265824128171e-5	0.00014986517325518817	0.0002391794132052101	0.0003836840467940626	0.0006165984789982445	0.000991269965955493	0.0015930074391605278	0.0025575186442196676	0.004099003441393507	0.006551397790128282	0.010425066967367847	0.016475379533875713	0.025763397628698018	0.03965598038157847	0.05966801827348041	0.0870397278211861	0.12206928008086994	0.16352491798818214	0.20866404714952821
61.0	38.26	2.47	29.69	0.8333333333333334	4.9655172413793105	4.7923238609556025e-5	0.0005115099053125669	0.00031877483628151666	0.00019969055957570788	0.00012676151266077156	8.313851426664536e-5	5.873927817609767e-5	4.7923238609556025e-5	4.818941667660095e-5	5.959852839739219e-5	8.47862003872023e-5	0.00012956954196941133	0.00020428443888524152	0.000326154974983145	0.0005232224908960091	0.0008406901135992938	0.0013510142286445538	0.002169729597645413	0.0034797886959921595	0.005567849121751482	0.008875548542293743	0.01406506367838031	0.02208644335264524	0.034207548413623175	0.0519245270352218	0.07663960633736233	0.10906000511102716	0.14852503067965128	0.1927616887942165	0.2384445936602057	0.2822828839025346
62.0	36.22	2.433	26.59	0.8333333333333334	4.9655172413793105	5.0935277170949006e-5	0.0005403218603118859	0.0003367519551023186	0.0002109818753045337	0.00013397511125681205	8.794144815013914e-5	6.224184806258946e-5	5.0935277170949006e-5	5.140735284279468e-5	6.37662686844058e-5	9.086685168288716e-5	0.0001389673721854066	0.00021916764328120856	0.0003499519373052387	0.000561401263376169	0.0009019883924313945	0.001449370965226646	0.002327280143748972	0.0037314026274559626	0.005967732373837968	0.009506170340749182	0.01504757957294363	0.023588935862376908	0.03644189565305081	0.05511599499168569	0.08095416340647626	0.11449956248827314	0.15485052614208142	0.199523335337219	0.24512558740016924	0.28846045673791365
63.0	30.51	2.787	22.33	0.8333333333333334	4.9655172413793105	5.1001022878951956e-5	0.0006410222089957057	0.0003991755032931515	0.00024953159358916257	0.00015755351282788384	0.0001019966289857486	7.002253793796098e-5	5.4240307131725484e-5	5.1001022878951956e-5	5.9555032087776224e-5	8.187809902238978e-5	0.00012312581771083762	0.00019281889510911154	0.00030702651331499783	0.0004920346502755272	0.000790301040131972	0.001269953874732699	0.002039723770391621	0.003271982992186668	0.005237270190584211	0.008353512211360952	0.01325005617352544	0.020836238461924755	0.03233984677265369	0.049239442492935895	0.0729782760549255	0.10439512837388737	0.14303667422678548	0.1868264387149415	0.23251919610925756	0.2767580044749535
64.0	34.77	2.9	31.93	0.8666666666666667	5.172413793103448	4.1608621083866864e-5	0.0005624165788732158	0.00035010537794317797	0.00021867524009951597	0.0001377849901205607	8.87479524159154e-5	6.0231168963762726e-5	4.56424190749004e-5	4.1608621083866864e-5	4.71966773358993e-5	6.369750711591488e-5	9.492316110247988e-5	0.00014808431929540743	0.0002354470687406806	0.0003771415131979316	0.0006057442890865886	0.0009736239666956197	0.001564566346632625	0.0025119047763366943	0.0040261790210371065	0.006435817623609993	0.010243246370060901	0.016193222827659413	0.025334525563465465	0.03902387648926419	0.05877636592967317	0.08585391041548797	0.12060349348446503	0.16185658985991075	0.20691755478920715	0.25235027558263534
65.0	27.93	3.7	34.49	0.9	5.379310344827586	3.574032350868518e-5	0.0006995458684609446	0.000434988408196438	0.00027089370961974645	0.000169396657001703	0.00010705650648826699	6.946816357897474e-5	4.7943172571598794e-5	3.750508858392588e-5	3.574032350868518e-5	4.224044384327494e-5	5.8507434285736625e-5	8.829974858299736e-5	0.00013849788576916888	0.0002206860929253932	0.0003538066379720031	0.0005684762875736168	0.0009139008125386587	0.0014688262544816483	0.00235865027499949	0.0037816161782519148	0.006047572996504221	0.00963202205991158	0.015243427640779633	0.023887845609216862	0.03688508986773981	0.055746392805923334	0.08180168995600416	0.11556090194894339	0.15607562016142956	0.20082339084848086
66.0	31.33	4.371	38.45	0.9	5.379310344827586	3.105663691388669e-5	0.0006236591046735605	0.000387772079461472	0.00024145658076590097	0.0001509416965311303	9.531977673706727e-5	6.173687190991481e-5	4.242988879863084e-5	3.2934990772720966e-5	3.105663691388669e-5	3.6360219766345697e-5	5.007137002102902e-5	7.5358464035607e-5	0.00011806273871409316	0.00018804227225391004	0.00030143386133829825	0.0004843383069953445	0.0007787359971084731	0.0012518840883609839	0.0020110697476037865	0.0032263732190864524	0.005164806964339593	0.008239076380821763	0.013071244646700267	0.02056150302325753	0.031928386276476976	0.0486457763797064	0.07216484235795054	0.10335252744035857	0.14180178973971475	0.1854820006798006
67.0	24.85	2.756	35.89	0.9	5.379310344827586	4.065498317552422e-5	0.000786192785978503	0.0004888934711039989	0.0003044869590153438	0.00019043319815958864	0.0001203961265809231	7.819390029699535e-5	5.407226715070073e-5	4.245471136595527e-5	4.065498317552422e-5	4.825645825777547e-5	6.701540477805785e-5	0.00010126541769110082	0.0001589148445269547	0.0002532631587203717	0.0004060440319890231	0.0006523670089706556	0.001048618548896699	0.0016849391809983928	0.0027046262719643607	0.004333599809188186	0.006923407897088099	0.011009703977990759	0.017381386748649377	0.0271377024996771	0.041675561211025114	0.06250525157146114	0.09079315118287574	0.12668006415761726	0.16873812540586533	0.21408711596927657
68.0	24.85	2.756	35.89	0.9	5.379310344827586	4.065498317552422e-5	0.000786192785978503	0.0004888934711039989	0.0003044869590153438	0.00019043319815958864	0.0001203961265809231	7.819390029699535e-5	5.407226715070073e-5	4.245471136595527e-5	4.065498317552422e-5	4.825645825777547e-5	6.701540477805785e-5	0.00010126541769110082	0.0001589148445269547	0.0002532631587203717	0.0004060440319890231	0.0006523670089706556	0.001048618548896699	0.0016849391809983928	0.0027046262719643607	0.004333599809188186	0.006923407897088099	0.011009703977990759	0.017381386748649377	0.0271377024996771	0.041675561211025114	0.06250525157146114	0.09079315118287574	0.12668006415761726	0.16873812540586533	0.21408711596927657
69.0	40.18	3.28	46.87	0.9	5.379310344827586	3.235096395241636e-5	0.0004865970375305028	0.00030277023301171675	0.00018889970201730257	0.00011869141799755533	7.592381542262543e-5	5.071185593107488e-5	3.7226898972498316e-5	3.235096395241636e-5	3.495639581932372e-5	4.564510741520192e-5	6.688713505291953e-5	0.00010358991319241947	0.00016422798236269447	0.0002627892569133875	0.00042197462076860767	0.0006783563417596501	0.001090599503269332	0.001752420247477276	0.0028126986064758775	0.004505941053989383	0.007196543651225809	0.011438490396751513	0.018044716716537505	0.02814122856550677	0.043144581040084624	0.06455803569945087	0.09349024516298465	0.12996664458339197	0.17242260156841768	0.2178891511647497
70.0	44.32	2.291	44.93	0.8666666666666667	5.172413793103448	4.046120687185405e-5	0.0004415598629057104	0.00027513434082909944	0.00017228561474896096	0.00010926131804524755	7.149850475481726e-5	5.0268499698342905e-5	4.066309764503375e-5	4.046120687185405e-5	4.961558375558819e-5	7.024136786620039e-5	0.00010710323991791008	0.00016871188952750603	0.0002692780131013928	0.0004319617850045391	0.0006941332311859084	0.001115767183478997	0.0017926762923479134	0.0028770371041032554	0.004608434804272538	0.007358855802566181	0.011693074153707414	0.018438070984681528	0.028735245542789757	0.04401188307354389	0.06576568624854318	0.09506975865644338	0.13188123887291922	0.17455714369112665	0.22008039953193737	0.2650121547867382
71.0	44.32	2.291	44.93	0.8666666666666667	5.172413793103448	4.046120687185405e-5	0.0004415598629057104	0.00027513434082909944	0.00017228561474896096	0.00010926131804524755	7.149850475481726e-5	5.0268499698342905e-5	4.066309764503375e-5	4.046120687185405e-5	4.961558375558819e-5	7.024136786620039e-5	0.00010710323991791008	0.00016871188952750603	0.0002692780131013928	0.0004319617850045391	0.0006941332311859084	0.001115767183478997	0.0017926762923479134	0.0028770371041032554	0.004608434804272538	0.007358855802566181	0.011693074153707414	0.018438070984681528	0.028735245542789757	0.04401188307354389	0.06576568624854318	0.09506975865644338	0.13188123887291922	0.17455714369112665	0.22008039953193737	0.2650121547867382
72.0	66.55	2.588	63.98	0.8666666666666667	5.172413793103448	3.1193219810255776e-5	0.00029434275107919624	0.00018362653837867334	0.00011535444118415551	7.3751809385208e-5	4.920269819153624e-5	3.60316423614928e-5	3.1193219810255776e-5	3.356845912241529e-5	4.370609783882457e-5	6.394890172788479e-5	9.897368140778819e-5	0.00015686812645886503	0.0002509888080194175	0.00040301787573106853	0.000647893909598358	0.001041676240597722	0.0016739536803677003	0.0026871381117110358	0.004305771905107291	0.006879329773504248	0.010940493289230253	0.01727424041586748	0.026975402241445203	0.04143753163818947	0.062171768424992724	0.09035353535215561	0.1261422732784184	0.1681327504658598	0.21346001151951283	0.2586747369911683
73.0	30.89	2.623	125.5	0.9666666666666667	5.793103448275862	2.2680562317078046e-5	0.00063234187540035	0.00039297925551271	0.00024438926156381924	0.00015227691173540304	9.536585963990577e-5	6.050430708748208e-5	3.963356741413222e-5	2.7928229210298176e-5	2.2681658307629876e-5	2.2680562317078046e-5	2.7924508069439024e-5	3.962564556100025e-5	6.048840289493834e-5	9.53332043616365e-5	0.00015220674559316937	0.0002442311311858829	0.0003926079496931993	0.0006314421313956955	0.0010154241520839522	0.001631949593099927	0.0026199753465896334	0.004198704095745008	0.006709587698718841	0.010673798380825633	0.016861081954294352	0.02634899126932777	0.0405176415944669	0.060880690958698296	0.08864767071830074	0.12404984055667184
74.0	21.74	2.68	99.49	0.9666666666666667	5.793103448275862	2.4503908458552958e-5	0.0008981388638231581	0.0005581145495568492	0.00034693790460440366	0.00021591098288917788	0.0001347851158327045	8.481885620779696e-5	5.44642566063727e-5	3.6704088677658105e-5	2.743198912685187e-5	2.4503908458552958e-5	2.724262117193033e-5	3.628107612470257e-5	5.370833654665513e-5	8.355142449916775e-5	0.00013270322847091327	0.0002125077029133487	0.00034136022624445923	0.0005489018932685751	0.0008827194526805363	0.0014189506002576522	0.002278864783856146	0.0036542864245268434	0.005845328987963221	0.00931330557586332	0.014747368867620389	0.023130408684918675	0.03576121695612748	0.05414611526448139	0.0796472162724719	0.11285831772440796
75.0	21.81	3.034	84.42	0.9666666666666667	5.793103448275862	2.500349400356613e-5	0.0008952667786645919	0.0005563370487133138	0.0003458453782475604	0.00021525132730341009	0.00013440598821992314	8.463265762131724e-5	5.442795557506767e-5	3.680930053885365e-5	2.7703047609994047e-5	2.500349400356613e-5	2.8086248078523197e-5	3.766377993185642e-5	5.594970571176399e-5	8.716931709864395e-5	0.00013853303012635487	0.00022189420853911443	0.0003564652322843042	0.0005731953069917957	0.0009217589217198102	0.0014816079879158785	0.002379227212845502	0.0038145309084767283	0.006099888453857048	0.009714459550529728	0.015371664012965481	0.02408345291871252	0.03717487920807008	0.05615811587140373	0.08235439166809957	0.11625178480253776
76.0	14.19	2.406	61.56	0.9666666666666667	5.793103448275862	3.320089468125267e-5	0.0013752902157575875	0.0008547180056496735	0.0005312788658607135	0.00033050288085890387	0.0002060840407674634	0.00012929676670760093	8.240101816784428e-5	5.4558203677065416e-5	3.9331688036398986e-5	3.320089468125267e-5	3.474804503937113e-5	4.433039813969234e-5	6.41623250256987e-5	9.882566086446923e-5	0.0001563246238582833	0.0002499246326378284	0.00040118822777852333	0.0006448790496518321	0.0010367877304565047	0.0016660836891754147	0.0026745249973088438	0.004285648032805472	0.006847419527316091	0.010890361904317462	0.017196602977356368	0.026857756624721237	0.041264909717741854	0.061929767958350035	0.09003425797652238	0.12575132374905554
77.0	9.931	2.026	58.23	0.9666666666666667	5.793103448275862	3.6995369482690904e-5	0.0019638297644504993	0.0012206505028734872	0.000758670062031041	0.0004717246263314289	0.0002937134230535343	0.00018356799696926416	0.0001158533062499117	7.492351079419999e-5	5.13182240791057e-5	3.958021120309681e-5	3.6995369482690904e-5	4.296565231860011e-5	5.8870531419954256e-5	8.838473984470004e-5	0.000138324512640401	0.00022021448157955872	0.00035292829558883224	0.0005669895760506696	0.0009114657746758334	0.0014648897476045256	0.002352327666148807	0.0037715112099308066	0.006031516283809645	0.009606720612848597	0.01520406439596563	0.023827786304712557	0.036796076112306834	0.05561985069491727	0.08163168684333381	0.1153481977380505
78.0	9.931	2.026	58.23	0.9666666666666667	5.793103448275862	3.6995369482690904e-5	0.0019638297644504993	0.0012206505028734872	0.000758670062031041	0.0004717246263314289	0.0002937134230535343	0.00018356799696926416	0.0001158533062499117	7.492351079419999e-5	5.13182240791057e-5	3.958021120309681e-5	3.6995369482690904e-5	4.296565231860011e-5	5.8870531419954256e-5	8.838473984470004e-5	0.000138324512640401	0.00022021448157955872	0.00035292829558883224	0.0005669895760506696	0.0009114657746758334	0.0014648897476045256	0.002352327666148807	0.0037715112099308066	0.006031516283809645	0.009606720612848597	0.01520406439596563	0.023827786304712557	0.036796076112306834	0.05561985069491727	0.08163168684333381	0.1153481977380505
79.0	7.432	3.294	44.14	1.0	6.0	3.368989277026324e-5	0.0026223074505658008	0.001630221147981635	0.0010131876021350014	0.0006297168481625654	0.00039159053438503214	0.00024391670745025823	0.00015261163331037146	9.658542037163499e-5	6.289081003213868e-5	4.373894312243231e-5	3.470186861373175e-5	3.368989277026324e-5	4.0468660048897665e-5	5.660465144114177e-5	8.582620199694666e-5	0.00013488228567871675	0.0002150942685664268	0.0003449506034140448	0.000554321506037133	0.0008912089362803391	0.0014324403480743713	0.002300389678242018	0.0036886070578621296	0.005899829923126486	0.009399203203771776	0.014881108928652242	0.02333473976386685	0.0360646745373987	0.05457876035146162	0.08023067532172189
80.0	4.587	4.246	42.51	1.0	6.0	2.983570724309687e-5	0.0042417265681461485	0.0026384776708670826	0.0016402625537883314	0.0010193979879483258	0.0006335230435820498	0.0003938691617448633	0.0002451933485712878	0.0001531810025636124	9.657899255529916e-5	6.230702410823639e-5	4.24427683073807e-5	3.239356159071409e-5	2.983570724309687e-5	3.41775165219645e-5	4.6422355011519656e-5	6.9399914038487e-5	0.00010841842689800535	0.00017248649383035556	0.0002763813821436515	0.0004440273504088216	0.000713927114259617	0.0011478042955095239	0.0018442038132064783	0.0029595555605812602	0.004739965749929413	0.007567132744715204	0.012019579955701206	0.018942066784677886	0.02949520854161388	0.04511906158552083
81.0	3.781	4.46	35.39	1.0	6.0	3.1915620291068186e-5	0.0051412764579751285	0.00319910264923739	0.0019891870703970735	0.0012363767687951037	0.0007683734815418583	0.00047763820451667	0.0002972005248966085	0.00018543344912656378	0.0001165279084652096	7.456304533247979e-5	4.983925100767519e-5	3.664070027527143e-5	3.1915620291068186e-5	3.457123735329391e-5	4.5221078445135824e-5	6.63262201800603e-5	0.00010276252081704329	0.00016294310595732178	0.0002607506429285388	0.00041871314014021196	0.0006731237863495363	0.0010822014606416523	0.001738955066557498	0.002791156438494319	0.004471606106730765	0.007142149011500825	0.011353136015416536	0.01791275588823636	0.02794177151614404	0.04285298600803246
82.0	3.12	5.231	34.13	1.0	6.0	3.0314218754533264e-5	0.006223698111448036	0.0038741969617477777	0.0024095372949344963	0.0014978231562767625	0.0009308497219938492	0.0005785154692424134	0.00035972998088486046	0.00022404611064355212	0.00014014221442665073	8.863591786657727e-5	5.76236980357105e-5	3.993645462262876e-5	3.148474802459573e-5	3.0314218754533264e-5	3.6153920283337875e-5	5.0353432074906694e-5	7.61939906225326e-5	0.00011964462086438507	0.0001907354599434942	0.0003058588842170544	0.0004915125014099312	0.0007903028846704029	0.001270478265770126	0.0020408871636227507	0.0032740420851565272	0.005240669705065445	0.008358959019040671	0.013258613433204761	0.020849411103223248	0.03235958271031314
83.0	2.601	4.488	33.4	1.0	6.0	3.274332052344994e-5	0.0074562975117724375	0.00464364665125065	0.002888924748799953	0.0017961290426545598	0.0011163331861037532	0.0006937915719173847	0.00043135019128865565	0.00026853241442725866	0.00016776704822244934	0.00010578203216915964	6.825420124791986e-5	4.6509022801016105e-5	3.551911827053338e-5	3.274332052344994e-5	3.753950973501327e-5	5.1015971420968634e-5	7.628676866964158e-5	0.0001191892616167889	0.00018962708634396412	0.0003038422897953706	0.000488124234598775	0.000784766924842144	0.0012615339193975288	0.002026516406923405	0.003251051041027926	0.005204071530190346	0.0083011220190678	0.013168223868935743	0.02071054071768433	0.032151648628609135
84.0	1.823	4.67	36.09	1.0	6.0	3.105990799378827e-5	0.01060463452083133	0.0066122591159061385	0.00411667817767258	0.0025605792018623787	0.0015917993911146904	0.00098927846464002	0.000614826330517023	0.00038228855687049714	0.00023805723991712828	0.0001488415583349158	9.403359283493265e-5	6.096735578023562e-5	4.199913654312185e-5	3.274340307005642e-5	3.105990799378827e-5	3.655909466689896e-5	5.051180571545219e-5	7.614222050343852e-5	0.00011937081272020265	0.00019017649461968786	0.0003048860215361365	0.0004899021283549605	0.0007876861495377924	0.0012662592504789753	0.0020341139872141444	0.003263209502694119	0.005223428343647675	0.008331714271695826	0.013216037512975454	0.020784005276285697
85.0	1.465	4.01	31.69	1.0	6.0	3.553275717366891e-5	0.013161955376498155	0.008214805076438054	0.005117505784502401	0.0031842950893071205	0.0019799883797201956	0.0012306867913654354	0.0007648868115101396	0.00047555253170546017	0.0002960350534964707	0.00018491923778909229	0.00011654626340996126	7.511829609641626e-5	5.105983442601691e-5	3.880888377444676e-5	3.553275717366891e-5	4.0473619504036764e-5	5.477308326893123e-5	8.173515876617034e-5	0.00012758731742256834	0.00020291267388681768	0.0003250766196320609	0.0005221886811142291	0.0008394631357434198	0.0013493138814692422	0.002167171821690942	0.003475805489785183	0.005561579178313304	0.00886569245309929	0.014049714151263446	0.022062944384592803
86.0	1.35	3.749	45.77	1.0	6.0	3.106549000440453e-5	0.014267150052108445	0.008908334413686242	0.005550996496984263	0.003454572939886656	0.0021482277572312716	0.0013352801429388841	0.0008298240042877592	0.0005157747307127776	0.00032081490187871596	0.00019997625156097464	0.00012535836270375896	7.972182503399191e-5	5.251885342047809e-5	3.746063929164218e-5	3.106549000440453e-5	3.185452146658352e-5	4.000979899385174e-5	5.741603324374963e-5	8.809507221379877e-5	0.00013913230802011775	0.00022230558395533394	0.00035678378399265454	0.0005734945453905708	0.0009221076310799221	0.0014820857255943526	0.00237994166172539	0.003815640120179867	0.0061016307221836074	0.009717192081198034	0.015375906312955557
87.0	1.36	2.864	33.62	1.0	6.0	4.102918220163786e-5	0.014163743608301178	0.008843432157799942	0.005510438839642551	0.0034293127963015246	0.00213255261710179	0.0013256149558809834	0.0008239528758043135	0.0005123473135051221	0.0003190414102056887	0.00019944763268393124	0.0001259527839672755	8.157691271365245e-5	5.6063668545092646e-5	4.351492830966711e-5	4.102918220163786e-5	4.8031209225126985e-5	6.613872759504927e-5	9.95348731281854e-5	0.00015593102481721856	0.0002483381243332775	0.0003980443077836231	0.0006394568684079331	0.0010278494604961318	0.0016516038868414937	0.002651262159783076	0.004248496299201597	0.006788481313268306	0.010797741476828245	0.01705312011138237	0.026640247751638667
88.0	1.677	3.668	43.12	1.0	6.0	3.1899398000754174e-5	0.011517238821100355	0.007183783864672751	0.004473467418458837	0.002782873476929424	0.0017301261280844777	0.001075287067731641	0.0006682762641182487	0.0004154904721188035	0.000258670276792988	0.00016162545127337933	0.00010194204474608166	6.58282906386883e-5	4.4936349986765404e-5	3.443604587585534e-5	3.1899398000754174e-5	3.6739589868021034e-5	5.007511040643751e-5	7.498751203768427e-5	0.00011723149519374459	0.00018655899410938273	0.0002989568093069358	0.000480297987205932	0.0007722067513310668	0.0012413785151665182	0.001994216522082316	0.003199424288978397	0.005121911066130099	0.008171274086326409	0.012965238123459358	0.02039853187010525
89.0	2.43	4.202	43.29	1.0	6.0	2.982107407807688e-5	0.007976803018005333	0.004968780629391633	0.003091563172136289	0.0019222357420087832	0.0011947243208932088	0.0007424620920286532	0.0004615042953876805	0.00028712393068256023	0.00017908801495482722	0.00011244774780971902	7.18051523484519e-5	4.776603830117022e-5	3.47727880335137e-5	2.982107407807688e-5	3.1765743541461425e-5	4.1056041141312296e-5	5.983900484461324e-5	9.245445369390171e-5	0.00014643450701621734	0.00023423471307406135	0.0003760865433872907	0.0006046035408490331	0.0009721357472496977	0.0015623919762166392	0.002508555543262849	0.004020916565825727	0.00642751677797733	0.010230217407271069	0.016173016532131254	0.025303808286798003
90.0	3.637	3.493	58.84	1.0	6.0	2.8692760507760397e-5	0.005343732659505021	0.0033253199178131685	0.0020677439499139057	0.0012852041735105053	0.0007986722052407425	0.0004963801657866448	0.0003087066215627655	0.00019235950302301768	0.00012047372824344199	7.644043261567334e-5	5.0082114837681315e-5	3.530512632502156e-5	2.8692760507760397e-5	2.8715921110566217e-5	3.537967474866657e-5	5.022413917094839e-5	7.667963515633682e-5	0.0001208572201104241	0.0001929546757294534	0.00030959593472831804	0.0004976264072328795	0.0008001940085533597	0.0012863989650166777	0.0020664287995297084	0.00331487921604374	0.005305654627047623	0.00846162906529583	0.0134190188920383	0.021095740828485844	0.03272817912741901
91.0	3.394	4.319	148.0	1.0	6.0	1.5876098808658323e-5	0.005724109151313006	0.0035625092807630467	0.0022153875438194327	0.0013769773735148297	0.0008556177409745196	0.0005315978101173031	0.0003303142363395314	0.00020534396191849633	0.00012783400864572819	7.987725292660506e-5	5.038974977302599e-5	3.2554529328927445e-5	2.2247782035887907e-5	1.708618613567856e-5	1.5876098808658323e-5	1.8337614638838788e-5	2.5039792625082965e-5	3.753203482606801e-5	5.870177430321369e-5	9.344055661193655e-5	0.00014977088375519226	0.00024069007488801373	0.00038714630821816204	0.0006228060072995478	0.0010016401327083196	0.0016098914575175484	0.0025847001539915045	0.00414245891809602	0.006620391714733456	0.01053359091285452
92.0	3.298	3.858	209.1	1.0	6.0	1.4117179549231301e-5	0.005889745312269217	0.003665824008318229	0.002279719918567575	0.0014169906172764519	0.0008804826530395526	0.0005470328740963122	0.0003398768032759692	0.0002112408448823859	0.00013142717760595537	8.199701680874334e-5	5.152608987637595e-5	3.297015222397413e-5	2.2038775325097776e-5	1.6204205110613226e-5	1.4117179549231301e-5	1.52950208216395e-5	2.0010009254932988e-5	2.9352229260287552e-5	4.548129813856305e-5	7.212482130141683e-5	0.00011543785996917771	0.00018541960106714704	0.0002982081766025345	0.00047976706158420977	0.000771770971760546	0.0012409376907646207	0.001993670233471481	0.0031986501251162042	0.005120740001452342	0.008169460543036517
93.0	2.013	4.264	214.3	1.0	6.0	1.337523449479285e-5	0.00961330889685957	0.005991866437134438	0.003729528458301919	0.002319390834174645	0.0014416670941546784	0.0008958192087845876	0.0005565561848586132	0.0003457815520523192	0.0002148896424024332	0.00013366274343160875	8.333593876990036e-5	5.227785847109393e-5	3.330856905260988e-5	2.2042084564660687e-5	1.5873165702801834e-5	1.337523449479285e-5	1.3970596484314973e-5	1.7796856130178503e-5	2.573865354411207e-5	3.963197623905897e-5	6.268801821301455e-5	0.00010023386734019485	0.00016093937775078684	0.00025880893067992974	0.0004163856855329266	0.0006698757084195882	0.0010772903567653044	0.0017312678079685984	0.0027789734380974686	0.004452258591376287
94.0	2.13	4.978	220.2	1.0	6.0	1.2279809701125463e-5	0.009090054595649011	0.005664600042630744	0.0035253886527863445	0.00219226584105323	0.0013625829385894277	0.0008466508253518127	0.0005259959119673132	0.0003267861406737017	0.0002030753875469601	0.0001263009354767024	7.87253657724102e-5	4.9352739500999544e-5	3.1392597164993893e-5	2.069221812314033e-5	1.4777242838863567e-5	1.2279809701125463e-5	1.2622342025620882e-5	1.5883993220594413e-5	2.2818887626285062e-5	3.5030311509217464e-5	5.534092382076022e-5	8.844402601344968e-5	0.00014198500007341435	0.000228319099573182	0.00036734197165982056	0.0005910213020366022	0.0009506100296230094	0.0015280358291783808	0.0024536583364477807	0.003933383352976788
95.0	2.162	3.094	199.5	1.0	6.0	1.622613866198992e-5	0.008956720246534239	0.005581230946331394	0.0034733986977446216	0.002159901553146402	0.0013424641496415045	0.0008341651280274082	0.0005182713377108756	0.0003220422253582811	0.00020021730529880459	0.0001246685755314915	7.794154581843037e-5	4.923631186111407e-5	3.191668359399295e-5	2.197804143237024e-5	1.712217549001101e-5	1.622613866198992e-5	1.9082642692998648e-5	2.6352064149057046e-5	3.971490880861776e-5	6.225973531049099e-5	9.919553133331395e-5	0.00015905140210252907	0.00025563611422136626	0.0004111979716486655	0.000661482987076851	0.0010637766246914923	0.001709572210153347	0.0027442441246440315	0.004396887027410819	0.007023790914079861
96.0	1.988	3.091	191.2	1.0	6.0	1.648867587220148e-5	0.009733026059718892	0.006066763386315794	0.00377625784365068	0.0023484994035061595	0.001459785846849485	0.0009070994504423728	0.0005635916511128145	0.00035019354787891297	0.00021769631122259324	0.0001355123371311901	8.46558929382735e-5	5.33733202130706e-5	3.4432843454341234e-5	2.3455167722498784e-5	1.7901852041178518e-5	1.648867587220148e-5	1.8888767405758764e-5	2.565697185262116e-5	3.835793530958361e-5	5.992729241022699e-5	9.534882611426927e-5	0.00015280246279201609	0.00024554407167024937	0.00039494008768333936	0.0006353284909929072	0.0010217523256483333	0.0016421541708295003	0.002636341957681372	0.0042248276652267795	0.006751027870186593
97.0	1.725	2.532	173.4	1.0	6.0	1.913847683093385e-5	0.011200336232683367	0.006985262823857104	0.004349495963106205	0.0027055919848001007	0.001681976619617899	0.0010452558471109649	0.0006494650315280119	0.0004035668554157928	0.0002508836486894955	0.00015617765254557616	9.757416926237924e-5	6.153055835330163e-5	3.971497459894652e-5	2.708357761479608e-5	2.0715607364893192e-5	1.913847683093385e-5	2.198738008003003e-5	2.9920872637911778e-5	4.477285291351593e-5	6.9975773559997e-5	0.00011135205282585557	0.00017845433670315037	0.00028675839978320954	0.0004611998602565705	0.00074183140279466	0.001192802735234588	0.0019164683816671468	0.0030751959376602014	0.0049241878809049705	0.00785865696117741
98.0	1.894	2.316	271.5	1.0	6.0	1.5959007509060344e-5	0.010211145600829233	0.0063659405129819525	0.0039629294600740436	0.0024647646247474096	0.0015321174601626807	0.0009520648048623409	0.0005915278743431284	0.0003675375932393091	0.00022845018536520804	0.00014215959379625985	8.87325173952653e-5	5.582161579508504e-5	3.58188440212642e-5	2.4099348505159167e-5	1.7953172894382526e-5	1.5959007509060344e-5	1.765563806972853e-5	2.343527097778686e-5	3.463405786496582e-5	5.3840575522829954e-5	8.549307448574211e-5	0.00013690222490990545	0.0002199322597898856	0.00035371990877148716	0.0005690356221354985	0.0009152330348955378	0.001471232930717399	0.002362671174961414	0.003788138142243127	0.0060579949458295845
99.0	1.563	2.119	289.2	1.0	6.0	1.648090500492831e-5	0.012346875960234843	0.0077036787635255295	0.004798134498004403	0.0029851654868461837	0.0018559599779439206	0.00115342873855149	0.0007166680248164449	0.00044527399153781316	0.00027671442542294303	0.00017209596372272837	0.00010725764207418152	6.72172561544665e-5	4.271952712427231e-5	2.8100656109209753e-5	1.9980373509886847e-5	1.648090500492831e-5	1.6792952123414762e-5	2.0988572405325778e-5	3.003773477370857e-5	4.603227160864971e-5	7.266864997079427e-5	0.00011610021434621664	0.0001863533966428997	0.000299628673355759	0.00048200095964763773	0.0007753301900574565	0.0012466331771689618	0.0020027877541860663	0.003213217641189887	0.005143921015052392
100.0	2.003	2.239	438.1	1.0	6.0	1.2995057344413935e-5	0.009660839339820346	0.00602160016264765	0.00374807745626202	0.0023309419520430386	0.0014488518353397196	0.0009002837560724328	0.0005593271032846688	0.0003474973828764845	0.00021594632798568075	0.0001343043282831145	8.37106750228887e-5	5.247236354703294e-5	3.3367808327881695e-5	2.1979751795714984e-5	1.567484322616231e-5	1.2995057344413935e-5	1.332064759419648e-5	1.6726842666942076e-5	2.400117341079491e-5	3.6825367190134554e-5	5.816363828102767e-5	9.294653486292518e-5	0.00014920682768187612	0.00023992581017291562	0.0003860058014134837	0.0006210273586955788	0.0009988168247150656	0.0016053830155389518	0.002577495987986573	0.004130974957202399
101.0	1.851	2.262	432.6	1.0	6.0	1.3083208381812279e-5	0.010445876715123826	0.0065128584108039254	0.00405461136247299	0.0025218681926396642	0.001567637400407609	0.0009741339757693687	0.0006052186445178168	0.00037600407917592367	0.00023364577016736564	0.000145284079034074	9.050782579435411e-5	5.6658067503595506e-5	3.590978964942423e-5	2.3465786148900782e-5	1.644856967452715e-5	1.323540641867655e-5	1.3083208381812279e-5	1.5956720805450976e-5	2.2520315037957135e-5	3.429143668633557e-5	5.3990995604796634e-5	8.61711851688073e-5	0.00013826449557395357	0.00022229281295809485	0.0003576222508721463	0.0005753759687207253	0.0009254614544446474	0.0014876729386741568	0.0023890167183293056	0.0038302052840633446
102.0	2.349	2.457	600.6	1.0	6.0	1.0692629930636272e-5	0.008249570565727005	0.005139196861192258	0.0031977628970366375	0.001988283348049334	0.0012357024068510177	0.0007677734207649391	0.0004769740139892155	0.00029631872720056447	0.00018413015682258835	0.00011450172182766515	7.134536866649524e-5	4.4685934643507645e-5	2.8359964991919628e-5	1.859249671531001e-5	1.3124860291769934e-5	1.0692629930636272e-5	1.0733309500119583e-5	1.32562658987706e-5	1.8844854962442207e-5	2.879119167462129e-5	4.5394589939606924e-5	7.249230421354903e-5	0.00011634430463175474	0.000187074077257812	0.0003009918485762303	0.00048431989944384827	0.0007791360345234861	0.0012527927593720843	0.002012691204510124	0.0032290670742822045
103.0	2.725	2.98	515.4	1.0	6.0	1.0262248573557795e-5	0.007119387518167237	0.004433227595511371	0.002757749468689849	0.001714410595077241	0.0010653853662891948	0.0006619138207962097	0.00041120176926248925	0.0002554657377609853	0.0001587648269623022	9.87640823209444e-5	6.15981412334208e-5	3.8675757455937645e-5	2.4697183209015163e-5	1.6430129254121814e-5	1.1962851115096529e-5	1.0262248573557795e-5	1.0935016757712232e-5	1.413669148830551e-5	2.0607561493818395e-5	3.18436944583351e-5	5.044244856363636e-5	8.070189276682237e-5	0.00012961150447308	0.00020845999559275454	0.00033542364646658106	0.0005397118724649084	0.0008681723441632356	0.0013957382472928328	0.0022417634661818643	0.0035950862101773056
104.0	3.603	2.991	476.5	1.0	6.0	1.084464841439788e-5	0.005393855767419979	0.0033565436411167296	0.002087134203706682	0.0012971852210274517	0.0008059916770558525	0.0005007218836510025	0.0003110712512034877	0.00019329259018569303	0.00012019055995251556	7.487532379132098e-5	4.6873026825664476e-5	2.9709874441679493e-5	1.9417371992398596e-5	1.3615455772275546e-5	1.0962401948978685e-5	1.084464841439788e-5	1.3234923520245673e-5	1.8685901792536077e-5	2.8457883242946086e-5	4.4809886250646144e-5	7.152109820368632e-5	0.00011476229460448189	0.00018451620122311244	0.0002968686570582957	0.0004776833077813898	0.000768465420946801	0.0012356571103336212	0.0019852223638499407	0.003185155595951876	0.005099267472218205
105.0	3.786	4.795	383.2	1.0	6.0	9.422757185501116e-6	0.005134476691489312	0.0031948191265753476	0.001986449140820264	0.0012345589758410503	0.0007670584141557486	0.0004765228772519811	0.0002960274352312283	0.00018393146086969985	0.00011434971437309942	7.120491162410032e-5	4.452455032492135e-5	2.8140331569774673e-5	1.826381940876855e-5	1.261112536722382e-5	9.875026710781029e-6	9.422757185501116e-6	1.114969654284695e-5	1.54551546973854e-5	2.3334630848997363e-5	3.660979456572234e-5	5.834912699828664e-5	9.357585029748924e-5	0.00015042516872214835	0.00024201405029706928	0.00038944456773355073	0.0006266059138747245	0.001007809733653376	0.0016198298259648821	0.002600634315984145	0.0041678913250937704
106.0	3.479	8.002	507.7	1.0	6.0	6.3328353643518275e-6	0.005585028331982332	0.0034757572842384994	0.002161354557924706	0.0013433428611340935	0.0008346709309660364	0.0005185205014394675	0.00032209210115902897	0.00020007932230807477	0.0001243107804466069	7.728117295156384e-5	4.81206263213407e-5	3.0087652435335648e-5	1.9012657719876e-5	1.2334635004448566e-5	8.509253844572786e-6	6.651841914612544e-6	6.3328353643518275e-6	7.47844599662754e-6	1.035358703832637e-5	1.5623100511551457e-5	2.450540609796503e-5	3.9053994679205e-5	6.26315754967488e-5	0.00010068577240291228	0.00016200379085919722	0.0002607311059257003	0.0004196077935343452	0.0006751367770906541	0.0010857912011599101	0.0017449333593702954
107.0	3.544	8.562	490.1	1.0	6.0	6.233125242101015e-6	0.005483155902222056	0.003412226493514088	0.002121797608849499	0.0013187373315533986	0.0008193749498118214	0.0005090153191525692	0.0003161866638541728	0.00019641064229887487	0.00012203145569563743	7.586446274850246e-5	4.7239037075765356e-5	2.9537353460226205e-5	1.8666400489182318e-5	1.2112346794042719e-5	8.359527711863481e-6	6.540050823399383e-6	6.233125242101015e-6	7.367756968571041e-6	1.0206321194997039e-5	1.5405203668644726e-5	2.416649702380081e-5	3.8515726411869275e-5	6.176955010912127e-5	9.930086053019528e-5	0.00015977631080628794	0.0002571474928525895	0.0004138433873073597	0.0006658691386133655	0.0010709046832900694	0.0017210565826878215
108.0	3.638	7.68	1000.0	1.0	6.0	4.611147369636666e-6	0.005342236375190429	0.0033243521156994848	0.0020670853049575694	0.0012847041029204781	0.0007982157296693462	0.0004958619735969762	0.00030800696710543674	0.00019131661078749108	0.00011884641655051345	7.385235030449469e-5	4.593471073962153e-5	2.8639234403057292e-5	1.7966805351327283e-5	1.1449486905645833e-5	7.580103467224436e-6	5.463802507357734e-6	4.611147369636666e-6	4.8249396662219555e-6	6.15461418942049e-6	8.907661505689032e-6	1.372070963331965e-5	2.1706670823047588e-5	3.471189541470638e-5	5.57425732300103e-5	8.96583930243006e-5	0.00014429231694141852	0.0002322513798607582	0.0003738044729470217	0.0006014978068582017	0.0009674954715337741
109.0	4.785	8.419	1000.0	1.0	6.0	4.3772796274938764e-6	0.004066872058702651	0.0025294970169591315	0.0015723699815540961	0.0009770537227563692	0.0006069965269146062	0.00037704962024577695	0.00023420013937922333	0.00014547524256697708	9.037990030707532e-5	5.618143008883953e-5	3.497419105421852e-5	2.185483968540432e-5	1.3789703128235212e-5	8.913699696704714e-6	6.099194775737338e-6	4.695283365739489e-6	4.3772796274938764e-6	5.071632938006841e-6	6.938914217855275e-6	1.0410934680319736e-5	1.629056401033436e-5	2.593728458540061e-5	4.158126652858663e-5	6.683826574225741e-5	0.00010754355628467517	0.00017309550639755248	0.00027861368397059206	0.0004483954802802489	0.0007214316393421783	0.0011601558296449946
110.0	3.828	5.672	465.5	1.0	6.0	7.790932720446543e-6	0.005078427249055379	0.0031598750966937645	0.0019646939494096897	0.001221025170732281	0.0007586406999407512	0.0004712839933995159	0.00029275943731389725	0.00018187995746890673	0.00011304078683725528	7.033604511234821e-5	4.3894876360825735e-5	2.760425170684039e-5	1.7697362582229435e-5	1.188328856918385e-5	8.81748324695741e-6	7.790932720446543e-6	8.56621714639337e-6	1.13226002083042e-5	1.6697446687318674e-5	2.5933505635035297e-5	4.116599955255512e-5	6.591559205851172e-5	0.00010590040217695615	0.00017035267752587085	0.0002741389786773303	0.0004411595777219589	0.0007097754718416524	0.0011414208762910239	0.001834143908219203	0.002943573740601766
111.0	4.558	4.22	384.3	1.0	6.0	9.976561442172437e-6	0.004268552448442747	0.0026551451606774195	0.0016505604906135293	0.0010256825012451485	0.0006372377220874916	0.00039586931315865604	0.00024594009194102206	0.0001528464766705855	9.508561376248687e-5	5.9309332884979846e-5	3.7247460824749336e-5	2.3799142351753917e-5	1.5854676759009595e-5	1.1576908897723683e-5	9.976561442172437e-6	1.0683514564865338e-5	1.3861211719594918e-5	2.0244402070826816e-5	3.130889112292928e-5	4.961238199870391e-5	7.938476601433971e-5	0.00012750316022480413	0.00020507402670436267	0.0003299800795786561	0.0005309598261870479	0.0008541085978828033	0.001373164199767312	0.0022055972884435747	0.003537319633430373	0.005659459076875624
112.0	7.441	4.068	352.9	1.0	6.0	1.0561489832153167e-5	0.0026190500802088152	0.0016281012836825983	0.0010117197468450295	0.0006285633675603276	0.0003904853675907335	0.00024260452959947145	0.00015078907456904592	9.383100969075673e-5	5.8567545165742367e-5	3.684699963927904e-5	2.3647416191279715e-5	1.591660418285603e-5	1.1866814289784484e-5	1.0561489832153167e-5	1.1698733803266262e-5	1.554148361379758e-5	2.2978241553079977e-5	3.572832711087304e-5	5.673888718413281e-5	9.086486644175693e-5	0.00014598759533659188	0.00023482654443979345	0.0003778525129548867	0.0006079482414088379	0.0009778228166927227	0.0015717111275915707	0.002523596328053966	0.004044989410338143	0.006465762701555035	0.010290414428141527
113.0	8.065	4.032	374.6	1.0	6.0	1.030320289133373e-5	0.0024169016136560938	0.0015023239943415647	0.0009335176617910315	0.0005799635411939875	0.0003602915457596831	0.00022385044981023514	0.00013914384725023472	8.660385982242297e-5	5.408795752420057e-5	3.407931491064856e-5	2.1951671706837715e-5	1.4900665488807264e-5	1.1295737106531641e-5	1.030320289133373e-5	1.1693500256631128e-5	1.5788084651126585e-5	2.3533686359150077e-5	3.6721013886856125e-5	5.8398235951205154e-5	9.357421514071356e-5	0.0001503724331429619	0.00024189807435080014	0.00038923867541270306	0.0006262628664363473	0.0010072511728740324	0.001618929099184617	0.00259918960743716	0.004165585126758477	0.006657082184839114	0.010591278595985694
114.0	14.38	4.605	338.3	1.0	6.0	1.0217145279489846e-5	0.001356968703388272	0.0008431529294054383	0.0005238097623423309	0.0003254078250119044	0.00020218678589801085	0.00012569678592789455	7.826603889767622e-5	4.8932040547885855e-5	3.091324245010716e-5	2.004335023852842e-5	1.3808798701220186e-5	1.0767820427578032e-5	1.0217145279489846e-5	1.2029391977075225e-5	1.662358630475405e-5	2.5061966551398135e-5	3.929536116680673e-5	6.261360019334521e-5	0.00010040437426181653	0.00016139408627804526	0.0002596525958033567	0.0004178123687424589	0.0006722126280502127	0.0010810709058179321	0.0017373480801694816	0.002788712757062305	0.004467789662604484	0.007136150772348506	0.011343752296909133	0.017898263840467964
115.0	9.914	5.427	303.8	1.0	6.0	1.0054991367819834e-5	0.00196703020175403	0.0012224827504258378	0.0007595540703857257	0.00047186337615377424	0.0002931384368614169	0.00018214607612410789	0.00011325551346261575	7.054901872604198e-5	4.415534437047476e-5	2.7972451102661785e-5	1.8258447734927787e-5	1.2767023327764811e-5	1.0228249299679532e-5	1.0054991367819834e-5	1.220714787403522e-5	1.7182345048800807e-5	2.613090774407904e-5	4.1121579055594044e-5	6.561912484983865e-5	0.00010528344999896138	0.00016927288522229847	0.00027234747540166567	0.0004382442593103052	0.0007050678620180258	0.0011338471211430417	0.0018219907943526268	0.0029241291713794945	0.0046835915147411256	0.007477931921888971	0.011879807035190329
116.0	8.595	3.197	305.5	1.0	6.0	1.295841678891972e-5	0.002268212246336513	0.0014098281778943712	0.0008760240165451531	0.0005442526855753144	0.00033813431682767827	0.00021013392982461904	0.00013070016342280145	8.148188997875715e-5	5.1103762622461677e-5	3.25429690699608e-5	2.1507946966221054e-5	1.544696948438351e-5	1.295841678891972e-5	1.3466764253480923e-5	1.7089500449381854e-5	2.466422004551237e-5	3.794207958436065e-5	5.999210202886755e-5	9.590915160448032e-5	0.00015398753515340622	0.000247627038659346	0.0003984002756244918	0.0006409599070214257	0.0010308412191525034	0.0016567608987067253	0.0026597375709926717	0.004262149204172664	0.006810213295211443	0.010831939108913963	0.017106129388226542
117.0	6.638	3.381	249.3	1.0	6.0	1.390919952437771e-5	0.002934951202179378	0.0018247003472276222	0.0011339798228627357	0.0007045648732088123	0.00043773021795347834	0.0002719902631105709	0.00016910072353774533	0.00010529932512746112	6.584322961842598e-5	4.161211822621251e-5	2.700378932033315e-5	1.864038956952717e-5	1.4587917317830517e-5	1.390919952437771e-5	1.644722028882972e-5	2.278876443640507e-5	3.4399927041994704e-5	5.396463207838478e-5	8.600390663492222e-5	0.00013791770820820084	0.00022168655625929423	0.00035661694274106536	0.0005737407388960119	0.0009228223381324607	0.001483430474690461	0.002382217773995053	0.0038193492123046943	0.006107567662783802	0.009726572079531417	0.015390510603646507
118.0	4.699	3.311	236.2	1.0	6.0	1.4519771200613569e-5	0.004141005844333543	0.0025756899276008576	0.0016011298844592532	0.0009949641757073984	0.000618173545625133	0.00038406805630207574	0.00023867928795861252	0.00014844952312063976	9.253661725266743e-5	5.801916078919484e-5	3.691787530112948e-5	2.4353972635961147e-5	1.7422256776726144e-5	1.4519771200613569e-5	1.4975268049217857e-5	1.8893997719327105e-5	2.7181956795890454e-5	4.175510983168226e-5	6.598166443001026e-5	0.00010545886053006411	0.00016930177343004712	0.00027223662120649323	0.0004379682800260102	0.0007045635905722051	0.0011329996378015247	0.0018206084941852988	0.002921903652491483	0.004680036880208664	0.0074722988831067315	0.011870974026568804
119.0	3.896	3.756	281.1	1.0	6.0	1.2320528683704344e-5	0.004990236452169953	0.0031049020190925575	0.0019304808204639893	0.0011997585920487282	0.000745440609978537	0.0004631123478393192	0.00028773204405544263	0.00017883630067847068	0.00011127778708159055	6.944628703596501e-5	4.367270421132278e-5	2.799832930603952e-5	1.879884683253508e-5	1.3946926907357607e-5	1.2320528683704344e-5	1.3543499806807885e-5	1.7898579650305216e-5	2.6392685214020744e-5	4.098947540925005e-5	6.50626735060917e-5	0.00010417417991453312	0.0001673548274526886	0.00026917853113693344	0.00043309542170150644	0.0006967584099523177	0.0011204813320691597	0.0018005446433632024	0.002889815127728745	0.0046289136589654604	0.0073913569262119855
120.0	3.582	3.22	344.5	1.0	6.0	1.2134348647176434e-5	0.0054253078492061	0.003376157684095405	0.002099348286032972	0.0013047861041034566	0.000810722540774257	0.0005036711785846033	0.0003129188865178008	0.00019446503560985044	0.000120958649658786	7.541657425648169e-5	4.7312568909512765e-5	3.0149345658081997e-5	1.9958404173724156e-5	1.438317199542941e-5	1.2134348647176434e-5	1.2691848222683141e-5	1.618453359225116e-5	2.341994631410345e-5	3.607083613666144e-5	5.706139787609897e-5	9.124192348367145e-5	0.00014650628702028387	0.00023560653009626644	0.00037907340184396485	0.0006098903682498992	0.0009809301054799723	0.0015766886917838216	0.002531560576804735	0.004057693331271883	0.006485918829678774
121.0	4.236	3.169	241.6	1.0	6.0	1.4783991888683495e-5	0.004591541939255055	0.002856407962308552	0.0017758185030152583	0.001103585267129344	0.0006856787485541456	0.0004260041751528547	0.0002647198882680587	0.00016460745463349713	0.0001025450912130557	6.419146922089254e-5	4.068098137690729e-5	2.65779875071581e-5	1.8621466501372278e-5	1.4971500305758681e-5	1.4783991888683495e-5	1.8015505429253764e-5	2.5413152923032868e-5	3.8687122154098256e-5	6.090549071725236e-5	9.720193752601826e-5	0.00015595820375089112	0.0002507300463090454	0.00040334987045909305	0.0006488919980121523	0.0010435675226184555	0.001677165935553821	0.002692389516407985	0.004314213767381168	0.006892754410396966	0.010961605792450752
122.0	6.545	3.634	222.0	1.0	6.0	1.423270424635096e-5	0.0029765309651283924	0.0018505805232040245	0.0011500750385213363	0.000714570181052603	0.0004439490355570376	0.00027585677945234213	0.0001715076029703736	0.00010680261877876991	6.679038254773477e-5	4.2222096227747094e-5	2.7417632310853456e-5	1.8953796746460948e-5	1.4873366691057467e-5	1.423270424635096e-5	1.6883590847760482e-5	2.3438901690247887e-5	3.541413645101949e-5	5.5577329820488425e-5	8.858768934621359e-5	0.0001420691489333512	0.00022836320103529508	0.0003673562390072528	0.0005910090701262147	0.0009505685602383658	0.0015279557654476897	0.002453521763274684	0.003933160223696882	0.006288271734990601	0.010011110336112086	0.015832771407668637
123.0	5.161	3.14	260.1	1.0	6.0	1.4070647981031532e-5	0.0037717133580166943	0.0023456642486311486	0.0014580141988616152	0.0009059853926915991	0.0005628790054709278	0.0003497180660513701	0.00021734824496051253	0.00013521127128465123	8.433223042992984e-5	5.295221807814144e-5	3.381691630653962e-5	2.2501971136212445e-5	1.6390944524625675e-5	1.4070647981031532e-5	1.5004461678046252e-5	1.9408241257940754e-5	2.8300127324368446e-5	4.3735666763294215e-5	6.928227920656625e-5	0.00011084188526769956	0.00017800956935617069	0.0002862763334254648	0.0004605694328415265	0.0007409079210975571	0.001191375487265668	0.0019142146675694685	0.003071613487501469	0.00491849650204941	0.007849662382091107	0.012462095134382489
124.0	4.453	4.333	291.0	1.0	6.0	1.1268708763417483e-5	0.004368764783640395	0.002717584432951318	0.0016894177766339409	0.0010498478993637426	0.0006522627546396168	0.0004052144954672143	0.0002517611859940157	0.0001564876248322363	9.738810583147966e-5	6.080536612392776e-5	3.828291237997441e-5	2.461344208789283e-5	1.663613516252005e-5	1.2506249772052567e-5	1.1268708763417483e-5	1.2637287042568448e-5	1.6928406174283004e-5	2.5134216302522416e-5	3.9151770579200816e-5	6.222101252939206e-5	9.967212937498893e-5	0.00016015318685042035	0.0002576169689402232	0.00041451360163432063	0.0006668939548355478	0.001072518167514398	0.0017236242898631118	0.0027667493990483983	0.004432776488734916	0.007080671632101293
125.0	3.496	3.972	236.0	1.0	6.0	1.3112353375716271e-5	0.0055580268832524865	0.00345892368153034	0.0021508824309139076	0.0013368439300478817	0.000830655174337888	0.0005160642012140834	0.00032062911396375495	0.00019927204153716066	0.00012397278895128123	7.733441205733334e-5	4.8577451593597674e-5	3.105373291813682e-5	2.0711429504024196e-5	1.5158979300006172e-5	1.3112353375716271e-5	1.409822016372844e-5	1.8344483569447925e-5	2.68328883106539e-5	4.152575716708541e-5	6.581898722229335e-5	0.00010532524473231196	0.0001691663415300096	0.0002720681153252723	0.00043772789569495056	0.0007041961649493797	0.0011324213113740544	0.001819688393879118	0.0029204363756183374	0.004677701950213219	0.007468603973454941
126.0	2.943	4.152	307.2	1.0	6.0	1.1229398015712411e-5	0.006595505736633456	0.004106191239851982	0.0025539970833001035	0.0015876245546570932	0.0009865549513692034	0.0006129279586214135	0.0003807777061149474	0.0002365850363334395	0.00014706772789323258	9.154797394413024e-5	5.7195123708601784e-5	3.6067904108455696e-5	2.3281505566801923e-5	1.58792683133185e-5	1.2149422312192129e-5	1.1229398015712411e-5	1.2906396202888567e-5	1.7568155395295378e-5	2.6292514201851835e-5	4.109637161135169e-5	6.540131040290105e-5	0.00010482274861909169	0.00016846299517816568	0.00027100173078556085	0.00043605308665177624	0.0007015288062900732	0.0011281528237418305	0.0018128530165119837	0.0029095082944456886	0.004660294231619096
127.0	4.164	3.751	343.7	1.0	6.0	1.1168112952327876e-5	0.004670558802765044	0.0029056468527555806	0.0018064560811329095	0.0011226254948735414	0.0006974935636480313	0.0004333138606731104	0.00026921029668533524	0.00016731529985004702	0.00010409593759049565	6.494372392367592e-5	4.080852142167471e-5	2.61102724618131e-5	1.745031490921101e-5	1.2826060965100507e-5	1.1168112952327876e-5	1.2093027149152198e-5	1.581463593340514e-5	2.319342371747365e-5	3.5935298707594596e-5	5.6985497553883854e-5	9.12081027862597e-5	0.00014650671513999038	0.00023564128319467515	0.0003791504583524807	0.0006100273964628334	0.0009811584011146749	0.0015770600334647697	0.0025321582227519203	0.004058648791633535	0.0064874360614491184
128.0	4.464	5.418	496.3	1.0	6.0	7.764459677838198e-6	0.004358042567466197	0.0027108998893281	0.0016852519080476985	0.0010472476867519416	0.0006506308683476066	0.0004041750772115091	0.00025107444350181573	0.0001559949618540066	9.697566969917955e-5	6.037780387178461e-5	3.774135170515377e-5	2.3832637796159553e-5	1.543550888694972e-5	1.0608131136298388e-5	8.234125011730161e-6	7.764459677838198e-6	9.090499922319381e-6	1.2518869934642132e-5	1.8842309256301052e-5	2.952285013479713e-5	4.7029518225313695e-5	7.540823282552083e-5	0.00012121460483880356	0.00019502249947336153	0.0003138498377710254	0.0005050434861366562	0.0008124722444852566	0.0013063330533805318	0.0020985132205420236	0.003366237451780038
129.0	4.02	8.107	770.8	1.0	6.0	5.071310630891421e-6	0.004837047453404592	0.003009407523826727	0.0018710295085016659	0.0011627690674562588	0.0007224231408917174	0.00044876865966762066	0.00027875446695050656	0.00017315226273112232	0.00010757413797577962	6.686700947847415e-5	4.162148169765921e-5	2.6000842008441993e-5	1.6393154421293265e-5	1.0576667170525728e-5	7.20626593030897e-6	5.50249160720033e-6	5.071310630891421e-6	5.812996660104542e-6	7.899062785909472e-6	1.1811906070281103e-5	1.8456311181975035e-5	2.9368538035292528e-5	4.707118498037318e-5	7.565546815996112e-5	0.00012172446732450494	0.0001959125940000589	0.0003153252070673142	0.000507443236278279	0.0008163459163454379	0.0013125624239076225
130.0	4.055	10.16	840.2	1.0	6.0	4.346391526697382e-6	0.004795497270459358	0.002983509341936241	0.0018549091525090467	0.0011527430158340514	0.0007161899013789555	0.00044489330858688735	0.00027634330163485486	0.00017164862885243513	0.00010663066151418771	6.626563264955517e-5	4.122317595275299e-5	2.571350972750191e-5	1.615035028010371e-5	1.0322239121741966e-5	6.8813718104379015e-6	5.031991825113254e-6	4.346391526697382e-6	4.66600715694552e-6	6.064747527475046e-6	8.866076238610944e-6	1.3717787166744804e-5	2.1741733027396426e-5	3.4793045676307324e-5	5.588856489491858e-5	8.990295201613766e-5	0.0001446919038467171	0.0002328981496436803	0.0003748473337887867	0.0006031762011208275	0.0009701930554784326
131.0	3.739	14.06	868.8	1.0	6.0	3.651221737675486e-6	0.005198678878499589	0.0032348428537788154	0.00201135952660546	0.0012500430079088714	0.0007766684886940815	0.0004824704975870895	0.00029968387266080703	0.00018614071737274056	0.00011562210592467655	7.18344693350864e-5	4.465678282881873e-5	2.780578534555383e-5	1.7385108215516294e-5	1.0985019918585221e-5	7.125450277032723e-6	4.913814009765216e-6	3.838625484129077e-6	3.651221737675486e-6	4.308257361261823e-6	5.961676832226616e-6	8.993842334935596e-6	1.4105927956117085e-5	2.2479986670338354e-5	3.6052075140118275e-5	5.795935089179333e-5	9.326388896524304e-5	0.00015011891970565295	0.0002416428079262187	0.00038892279072639304	0.0006258137521877018
132.0	5.039	14.66	839.1	1.0	6.0	3.612213490678618e-6	0.0038626656715980505	0.0024022990326244727	0.0014932294831043122	0.0009278481378977719	0.0005764156063357565	0.00035804766676068134	0.00022239283416650637	0.00013813583046762816	8.581248300877871e-5	5.3330259240878275e-5	3.318008192386288e-5	2.0702941730263272e-5	1.3013641020012315e-5	8.33399997425374e-6	5.581790542401012e-6	4.120512803154468e-6	3.612213490678618e-6	3.939333914096659e-6	5.177521285645697e-6	7.613115733387357e-6	1.1809348669182302e-5	1.8736537598825386e-5	2.9996321097214412e-5	4.819161997459491e-5	7.752743470880833e-5	0.00012478025503455232	0.00020085724021699685	0.0003232978958775832	0.0005202764718439622	0.0008369782519717775
133.0	6.074	15.32	648.5	1.0	6.0	4.124190821061644e-6	0.003206585065803599	0.00199376827483597	0.0012391023246289448	0.0007698683460013024	0.00047824601914344794	0.0002970610582132458	0.00018451413564441957	0.00011461601442224465	7.121635450692303e-5	4.428375490859904e-5	2.7591596749990728e-5	1.728023159722461e-5	1.0965203352227331e-5	7.18611196425183e-6	5.0689840132365505e-6	4.124190821061644e-6	4.133225760403138e-6	5.098172356030515e-6	7.242180216747026e-6	1.1061053060242733e-5	1.7437858793976097e-5	2.784701085798146e-5	4.469487026686444e-5	7.187525249581637e-5	0.00011566730574168486	0.00018618080404398432	0.0002996763491613156	0.00048227959210298856	0.0007759033463805803	0.0012476311582683532
134.0	7.202	16.85	468.6	1.0	6.0	4.508858333655274e-6	0.0027057195392246164	0.0016820246433307605	0.0010452351983128091	0.0006493708384463444	0.0004033772960599086	0.00025055486773016154	0.00015563360462897616	9.668902617707198e-5	6.0099606281327695e-5	3.7407269248183505e-5	2.336540854594999e-5	1.4727074880434462e-5	9.494649200996637e-6	6.458075925212875e-6	4.915094937193537e-6	4.508858333655274e-6	5.1454098107200844e-6	6.971952362094408e-6	1.0410875621742235e-5	1.6257395554022835e-5	2.5863339409658703e-5	4.1449452709760096e-5	6.661812343586697e-5	0.00010718423848595274	0.0001725140847886849	0.00027767613952322644	0.0004468861478035306	0.0007190044659097102	0.0011562572708106623	0.0018579430527685401
135.0	5.81	21.14	391.5	1.0	6.0	4.474955061077515e-6	0.003351800422186602	0.0020841742644068656	0.0012953331573995449	0.0008048226936703805	0.0004999669904953054	0.00031055638691776066	0.0001928988818960172	0.00011982703013070894	7.44579261845005e-5	4.630523818796012e-5	2.8860382523209124e-5	1.8089711004615615e-5	1.150257172455497e-5	7.575643427407662e-6	5.400765729162833e-6	4.474955061077515e-6	4.584094685642924e-6	5.753417616719365e-6	8.253334058335338e-6	1.2661942647161427e-5	1.999865469677528e-5	3.195975998456966e-5	5.131021715395055e-5	8.252176756583746e-5	0.00013280362317029984	0.0002137606559879748	0.00034405367206885346	0.000553653987469062	0.0008906168933531557	0.0014317880037588633
136.0	7.947	22.81	272.2	1.0	6.0	5.1860866423606605e-6	0.0024526921491455846	0.0015245833901307486	0.0009473437607835697	0.0005885345866173796	0.00036558233012145435	0.0002270817211261326	0.0001410618118925022	8.765167113223886e-5	5.450778591262834e-5	3.39681941544087e-5	2.1283878476144824e-5	1.3521747173357712e-5	8.886784230564034e-6	6.307097239748265e-6	5.1860866423606605e-6	5.2644919696759934e-6	6.5604359526560066e-6	9.373605367602075e-6	1.4354525281373853e-5	2.2654912218025656e-5	3.619378211406836e-5	5.810060442570268e-5	9.343733550705438e-5	0.00015036461541912012	0.00024201742586153172	0.00038951258056171834	0.0006267541067962072	0.0010080718971318759	0.0016202653462936273	0.002601340716290646
137.0	7.278	22.75	234.9	1.0	6.0	5.605189738470576e-6	0.00267754186206505	0.0016644909764886493	0.0010343341349158945	0.0006425981159353351	0.00039917306443075745	0.00024794930090994255	0.00015402506395149025	9.570586588546799e-5	5.951458704750896e-5	3.708514434175182e-5	2.3231698771112603e-5	1.4750864165886225e-5	9.681442372087037e-6	6.8510746452719185e-6	5.605189738470576e-6	5.655647811427279e-6	7.014106848470856e-6	9.994707127057843e-6	1.528668356351263e-5	2.4113658402607182e-5	3.851634524488772e-5	6.182376018695078e-5	9.942117531156001e-5	0.00015999049379667474	0.00025750491743882774	0.0004144262972183496	0.0006668112593715621	0.0010724210935084664	0.0017234907424858636	0.0027665494068183603
138.0	4.542	15.21	219.7	1.0	6.0	6.923084833211314e-6	0.004283521765114761	0.002664468634190469	0.0016563574889282716	0.0010292794327525889	0.000639460945297318	0.0003972308741438573	0.00024675406542656013	0.0001533007989848955	9.528523719964405e-5	5.930037882768844e-5	3.7027840423283933e-5	2.3318055735388997e-5	1.5000858016731146e-5	1.0152891919530676e-5	7.653014285187561e-6	6.923084833211314e-6	7.794282730361496e-6	1.0468058423362961e-5	1.556268642414833e-5	2.4256148126330757e-5	3.855828162445752e-5	6.177485517118431e-5	9.927015189109179e-5	0.00015970251081600173	0.00025701359686144325	0.0004136185930642787	0.0006655018829815885	0.0010703111310103846	0.0017201023013156409	0.0027611247458164067
139.0	4.951	19.89	204.2	1.0	6.0	6.278569151029978e-6	0.0039310531143917655	0.0024448961757358206	0.00151973434037738	0.0009443311675705939	0.0005866659597507198	0.000364427140732046	0.00022637343331185854	0.00014063685867181944	8.741186431067841e-5	5.439769967052273e-5	3.396238187951073e-5	2.1381001236799936e-5	1.3744269221762707e-5	9.286170296831521e-6	6.9757153111035525e-6	6.278569151029978e-6	7.033494242422437e-6	9.415057482633647e-6	1.397397308315169e-5	2.1764381934821e-5	3.458741699573101e-5	5.540715628987857e-5	8.903456709112193e-5	0.00014323607485749377	0.00023051913633322744	0.0003709974125268152	0.0005969714147303203	0.0009602150328490909	0.001543476103249337	0.002478399338903001
140.0	4.968	31.6	163.4	1.0	6.0	5.600316909295968e-6	0.003917653634835253	0.002436549540298762	0.0015145404968400738	0.0009411006411910516	0.0005846561414669055	0.0003631749569372933	0.00022558995776556678	0.00014014115141426742	8.70893795493938e-5	5.4173892391120124e-5	3.3785505214607545e-5	2.121015317437098e-5	1.3539938628901534e-5	9.001101156612179e-6	6.543978716096944e-6	5.600316909295968e-6	5.951869416011317e-6	7.679925014400562e-6	1.118409039406855e-5	1.7274655784385014e-5	2.735985170449599e-5	4.377116238925534e-5	7.030156161019627e-5	0.00011308018845948175	0.000181983257456104	0.00029290104752243947	0.0004713685554131946	0.0007583563687059193	0.0012194501197418533	0.0019592576223113334
141.0	3.912	29.97	242.2	1.0	6.0	4.700104578934781e-6	0.004969921519084181	0.0030922319652394704	0.001922583719867606	0.001194830646874268	0.0007423508477574672	0.00046114955576067506	0.00028644357637766646	0.00017792466632015374	0.0001105323388884186	6.86946938516067e-5	4.274116796777469e-5	2.6671418141590223e-5	1.6769682883678835e-5	1.0746220463889273e-5	7.208054336034629e-6	5.3369278546081655e-6	4.700104578934781e-6	5.150300754392258e-6	6.791621883916542e-6	1.000362494130339e-5	1.55290569129978e-5	2.4645517354307254e-5	3.946063052641726e-5	6.339869114751851e-5	0.00010199054940282806	0.00016414738455583855	0.0002642076987128948	0.00042521734238292933	0.0006841660314103218	0.0011003010006053618
142.0	4.748	43.17	300.9	1.0	6.0	3.5438614968192953e-6	0.0040984338574567725	0.002549157825218554	0.0015846025544137131	0.0009846583916389155	0.000611720953480342	0.0003799821623533889	0.00023601737131267328	0.00014659681085040454	9.106495277826418e-5	5.658830960146386e-5	3.519696347233e-5	2.194501342920793e-5	1.3768128084502978e-5	8.775384040853697e-6	5.812148626072589e-6	4.193119795604861e-6	3.5438614968192953e-6	3.7142155577553572e-6	4.7435747853477715e-6	6.869987367625839e-6	1.0585191875369318e-5	1.6748291362477852e-5	2.6784303314414322e-5	4.301336661173842e-5	6.918638268260156e-5	0.00011135003669204854	0.0001792388343612681	0.00028850982562139357	0.0004643206323478282	0.0007470364365006489
143.0	4.907	28.71	301.3	1.0	6.0	4.323010260814224e-6	0.003966160823721654	0.0024667627523727483	0.0015333370485487972	0.0009527850426562486	0.0005919142252091885	0.0003676789824431274	0.0002283791474684055	0.00014185963539352603	8.813424018143508e-5	5.47866424733288e-5	3.4107806394243715e-5	2.131652597771292e-5	1.345497692056046e-5	8.705152474862204e-6	5.9685965017433144e-6	4.612430427108725e-6	4.323010260814224e-6	5.033395982814305e-6	6.907866458450923e-6	1.0379895763486356e-5	1.625235614286948e-5	2.588307330639403e-5	4.149851964995708e-5	6.670786048102043e-5	0.00010733537110547486	0.0001727614921473195	0.00027807684839176595	0.0004475323331432285	0.0007200442820357304	0.0011579278614504125
144.0	7.655	34.18	439.9	1.0	6.0	3.3348359882157206e-6	0.0025460101740997563	0.001582643868126061	0.000983440293549555	0.0006109635119903811	0.00037951088820794107	0.00023572353549218802	0.00014641255824917476	9.09477093906828e-5	5.651097479391122e-5	3.514165726506981e-5	2.1898946914855282e-5	1.3720647958051227e-5	8.715509514629539e-6	5.726032190524405e-6	4.060844763347272e-6	3.3348359882157206e-6	3.3800976757025623e-6	4.207093527343442e-6	6.007074777574353e-6	9.196297465847896e-6	1.4512252780166468e-5	2.31841267077074e-5	3.721680832398473e-5	5.98538614285403e-5	9.63258341894024e-5	0.0001550551593371559	0.0002495916125057043	0.0004017138048343227	0.0006463826381501355	0.00103961154721003
145.0	10.26	21.7	305.4	1.0	6.0	4.9156886459868675e-6	0.0019008130379640927	0.0011812913741192745	0.0007339356433819679	0.0004559214373341553	0.0002831969723973636	0.00017591008818007515	0.00010928439049995567	6.792495680289564e-5	4.2271697641129465e-5	2.6393666541643666e-5	1.6619423692957768e-5	1.0688706389358635e-5	7.229985184636569e-6	5.443376067410323e-6	4.9156886459868675e-6	5.524878253814573e-6	7.411818008991713e-6	1.1012860603561204e-5	1.7160701867515565e-5	2.727681952590082e-5	4.36998507956838e-5	7.022548402138772e-5	0.0001129817660200572	0.00018183976930574323	0.00029267941714083653	0.0004710178072484275	0.0007577961136825385	0.001218552671734803	0.001957820285840946	0.0031413578826923966
146.0	9.672	22.39	427.1	1.0	6.0	4.196195736049231e-6	0.0020161368320737987	0.0012530147707895429	0.0007785164661322898	0.00048361994335790277	0.0003003998012764384	0.00018658838842092233	0.00011590493296187386	7.201781673244688e-5	4.4783036627170224e-5	2.7904138302590018e-5	1.7478304558092675e-5	1.1094612902773865e-5	7.276785909025459e-6	5.141892541361147e-6	4.196195736049231e-6	4.220979869347366e-6	5.221970486216131e-6	7.430652137514848e-6	1.1357782888912164e-5	1.7911459673452234e-5	2.8606979892699558e-5	4.591687681674793e-5	7.384167344999538e-5	0.00011883229132537267	0.00019127468636202842	0.0003078729297925422	0.0004954634205954603	0.000797094739131479	0.0012816568195111345	0.00205897328672181
147.0	9.82	15.2	302.7	1.0	6.0	5.970087852112094e-6	0.0019858137466040432	0.0012341572953493754	0.0007667982675854953	0.00047634437660396217	0.00029588940458632405	0.00018380201813483735	0.00011419893821701847	7.099793693391195e-5	4.4213510771391875e-5	2.7653291620932214e-5	1.748813852583365e-5	1.1367408102456017e-5	7.87563551138465e-6	6.205295787076775e-6	5.970087852112094e-6	7.115604312408215e-6	9.906739543835343e-6	1.49889156566674e-5	2.3537248506782947e-5	3.752804895994801e-5	6.0195179299846626e-5	9.677610418562635e-5	0.00015571835162695873	0.00025062067479509676	0.00040334561193746624	0.0006489916804843999	0.0010437937171128204	0.0016775697098438552	0.002693061053298941	0.004315300199903195
148.0	7.055	21.07	213.2	1.0	6.0	6.0496235700182385e-6	0.00276194225512522	0.001717013711371736	0.0010669941720525605	0.000662897812900694	0.00041178752526867664	0.00025578834498265227	0.00015889874880451835	9.874023471460362e-5	6.141098671568172e-5	3.82820029252653e-5	2.400575917116003e-5	1.528112500755388e-5	1.0090531914798615e-5	7.2336024366339606e-6	6.0496235700182385e-6	6.26477176136069e-6	7.92878899841365e-6	1.1426470095216282e-5	1.7566601672151996e-5	2.776886721197612e-5	4.4391798876852626e-5	7.12772417793551e-5	0.00011463626218403625	0.0001844788229677999	0.0002969112331669793	0.00047781554283931086	0.0007687175299268944	0.001236086450031772	0.00198592578317152	0.0031862895018337713
149.0	7.174	21.64	139.4	1.0	6.0	7.2949908515675455e-6	0.0027162542220109122	0.0016885832932456498	0.0010493182196908185	0.0006519161772630863	0.0004049711743135376	0.00025156496567774374	0.0001562931699352829	9.71504609257561e-5	6.046957600824573e-5	3.777131903305348e-5	2.3807727069769948e-5	1.534995737787225e-5	1.0442152459370767e-5	7.949332854209195e-6	7.2949908515675455e-6	8.327784864982314e-6	1.1286531235365735e-5	1.685539144666373e-5	2.6321972692875922e-5	4.187477903582986e-5	6.710846928805528e-5	0.00010785290035476658	0.00017351542461894575	0.00027924100665159833	0.00044937454855473077	0.0007229869630530658	0.0011626421430828804	0.0018681740373618237	0.0029980035697577782	0.0048012777065921984
150.0	8.797	18.97	158.4	1.0	6.0	7.4733351707305265e-6	0.0022162325449985084	0.001377481073797117	0.0008558955271092954	0.0005317134997124937	0.0003302944204983758	0.00020518399385874815	0.00012749686666018516	7.928495416493308e-5	4.9405305672220356e-5	3.0950260741592095e-5	1.965266384755472e-5	1.2900045283686018e-5	9.130829495763903e-6	7.4733351707305265e-6	7.5442313957198266e-6	9.359893663417032e-6	1.3340170366222028e-5	2.0405410381537575e-5	3.218911945599327e-5	5.1415231693663666e-5	8.25267387842204e-5	0.00013270973700907682	0.00021354629243151374	0.00034366949646964226	0.0005530117773541659	0.0008895697456906037	0.00143009793237632	0.0022968160413296803	0.0036830109095819905	0.005891006470546806
151.0	11.55	18.23	167.3	1.0	6.0	7.253064648982697e-6	0.001688877994165937	0.0010495013825872611	0.000652029876702894	0.0004050415956524789	0.0002516083530539116	0.00015631954141303762	9.716590930375338e-5	6.047767170487882e-5	3.777393346154379e-5	2.3805464541513217e-5	1.534229449424654e-5	1.0427316925698362e-5	7.923893623760315e-6	7.253064648982697e-6	8.259675748905771e-6	1.1176488898089341e-5	1.6677970293895255e-5	2.603615163866342e-5	4.141448658891258e-5	6.636733477771824e-5	0.00010665973606158013	0.00017159484967967125	0.0002761503167033924	0.0004444027745774638	0.0007149941772667743	0.0011498054510877451	0.0018475907159171932	0.002965082858794182	0.004748838654640401	0.007581218622529119
152.0	12.18	16.63	135.6	1.0	6.0	8.640882116560846e-6	0.0016016658844057727	0.0009952768360245734	0.0006183346637187358	0.0003841146967275214	0.00023862216099410243	0.00014827538698560666	9.220518673430257e-5	5.745377918546484e-5	3.5987781627803056e-5	2.2844059239330746e-5	1.498332282243337e-5	1.0587770085844465e-5	8.640882116560846e-6	8.692402281668896e-6	1.0754218521321036e-5	1.5303085797702848e-5	2.3390791847787635e-5	3.688714986127694e-5	5.891175903424355e-5	9.45537179944845e-5	0.00015204400189222793	0.0002446471358730344	0.0003936979954149364	0.0006334559407574021	0.0010188213218213012	0.001637499946950227	0.0026289217843333814	0.004213011520178036	0.0067323010699359125	0.01070951098261174
153.0	13.03	10.89	163.7	1.0	6.0	9.484264774503821e-6	0.0014973437970080725	0.0009304187449099175	0.0005780334964257374	0.00035908565754387713	0.00022309046361036896	0.00013865424203816392	8.627149581976854e-5	5.3836002855837566e-5	3.384951213632161e-5	2.1690878155835725e-5	1.4548568225143831e-5	1.0770906914193463e-5	9.484264774503821e-6	1.0391068978352899e-5	1.3700981520782157e-5	2.017932812411235e-5	3.1323918637231325e-5	4.971097425243817e-5	7.95896933255948e-5	0.0001278617349366277	0.00020566896442282624	0.00033094841957374783	0.0005325240826579779	0.0008566268212020406	0.00137720917796665	0.0022120797742462245	0.003547675452202781	0.005675922004668602	0.009046159753351254	0.014331147683515932
154.0	16.35	6.481	188.1	1.0	6.0	1.1516848792334715e-5	0.0011936745390768093	0.0007416548389507111	0.0004607534857793319	0.00028625615611289917	0.0001779026703887046	0.00011067072671924448	6.902548945659728e-5	4.3340883857986815e-5	2.7678757377994693e-5	1.8417619507959346e-5	1.3415879266448451e-5	1.1516848792334715e-5	1.2281332993188113e-5	1.5886063357877897e-5	2.3164496336957442e-5	3.579933764291987e-5	5.671108791452323e-5	9.073185739453907e-5	0.00014571869068641212	0.0002343597501616373	0.0003770803819837631	0.0006066935226057484	0.0009757987479811818	0.0015684584251638935	0.002518385435615489	0.004036673269147585	0.0064525653233556595	0.010269652310240124	0.01623424537382078	0.025396924715446547
155.0	21.25	6.542	148.9	1.0	6.0	1.3082296973541098e-5	0.0009187036836849748	0.0005707734890957231	0.00035460787417139066	0.00022036170247676035	0.00013704433010412403	8.540845377284419e-5	5.352036556707087e-5	3.400833188333758e-5	2.236090473428234e-5	1.5884766181179827e-5	1.3082296973541098e-5	1.3305380423744749e-5	1.6605541316515017e-5	2.374579433111702e-5	3.637687538810062e-5	5.7418382003101736e-5	9.173234640197806e-5	0.00014724339462990907	0.00023676033720479054	0.000380909561628735	0.0006128304457196376	0.0009856460673773818	0.0015842505806478908	0.0025436641935640265	0.004077002205691788	0.006516554426632548	0.010370306232709998	0.01639044511865148	0.025634358540173055	0.03946589566710686
156.0	17.76	6.047	187.7	1.0	6.0	1.1878376957975414e-5	0.001099017386210133	0.0006828245519459666	0.00042420643866889976	0.0002635639496876134	0.00016382640057032428	0.00010195844666274618	6.366362008498602e-5	4.008987280561256e-5	2.5786920203398808e-5	1.7447492471361604e-5	1.3143119858062568e-5	1.1878376957975414e-5	1.3360745384779101e-5	1.7932950683017654e-5	2.6652114924116866e-5	4.1533921144260095e-5	6.601794132778673e-5	0.0001057609105385597	0.00016993923988986863	0.0002733563808682995	0.00043982787064941633	0.0007075893738412202	0.0011378817990768146	0.001828451400499103	0.002934457609420975	0.004700043102336282	0.007503974406056622	0.011920624470979899	0.018789396829875682	0.029265148247136902
157.0	14.75	4.667	337.6	1.0	6.0	1.018660276447769e-5	0.001322975271939365	0.0008220212367985142	0.0005106787638834746	0.00031725074282967726	0.00019712097467879293	0.00012255214122190635	7.631585351845196e-5	4.772550250383032e-5	3.0171391589965826e-5	1.9594645464022203e-5	1.3549476823930351e-5	1.0637910421005481e-5	1.018660276447769e-5	1.2091151758179252e-5	1.679192691273835e-5	2.537580749467372e-5	3.982725038060224e-5	6.348645678733933e-5	0.00010181982358290593	0.00016367884917595262	0.0002633334246172162	0.00042373625009305496	0.0006817384771648685	0.00109637303785882	0.0017618912934530295	0.002827982673947648	0.004530381703184942	0.0072353095933442	0.011499341393940848	0.018138789135728667
158.0	13.6	4.609	432.9	1.0	6.0	8.970609275974142e-6	0.0014346771449894663	0.0008914574058745609	0.0005538195194279765	0.00034403932513616276	0.0002137397760015079	0.00013283963051897071	8.264933922147484e-5	5.156902627403027e-5	3.241358663374805e-5	2.0753971976450575e-5	1.389402105982283e-5	1.0247346719697343e-5	8.970609275974142e-6	9.768528019674125e-6	1.2825590725412385e-5	1.8848668906931702e-5	2.923034305995322e-5	4.637055576462618e-5	7.423057215552122e-5	0.00011924629604690638	0.00019180939798014751	0.000308651628098932	0.0004966651984552662	0.0007989949471359865	0.0012846882358340172	0.002063819764382949	0.0033107915765991118	0.0052992018529159565	0.00845146698402051	0.013403164141697836
159.0	10.79	3.674	463.8	1.0	6.0	9.900363299892323e-6	0.0018076247067601988	0.0011233480907924314	0.0006979360286198579	0.0004335780551850585	0.00026935714101520284	0.00016737868561537926	0.00010409049746387246	6.486818933648815e-5	4.0645419002333394e-5	2.5821879056462156e-5	1.6969932084709226e-5	1.2042589920945151e-5	9.900363299892323e-6	1.0047821115971145e-5	1.251902806538563e-5	1.7885384716005423e-5	2.7387645812633393e-5	4.3222518056835e-5	6.90497669029451e-5	0.00011083619130272531	0.0001782292651059949	0.0002867719402075672	0.00046145482403818326	0.0007423859291977831	0.0011937829350298827	0.0019180954432703589	0.0030778320265594673	0.004928406622885562	0.007865343097635672	0.01248664409265426
160.0	11.72	2.548	537.8	1.0	6.0	1.0809943532470642e-5	0.0016644312732751836	0.0010343098881447372	0.0006426037876696621	0.00039920999339604184	0.0002480260384013656	0.00015415936172619572	9.592878566391902e-5	5.9877685895771416e-5	3.767239911685395e-5	2.417892791169455e-5	1.6277138491283806e-5	1.2139748196287178e-5	1.0809943532470642e-5	1.1980165396900749e-5	1.5920974074489274e-5	2.3543538518909307e-5	3.6610118980350986e-5	5.814097687375262e-5	9.311117268641882e-5	0.00014959672125687564	0.00024063082066677724	0.0003871881723017226	0.0006229584500822813	0.001001937837587854	0.0016104017987666405	0.0025855373628744065	0.0041438069099560635	0.006622537633878943	0.010536969512746951	0.016648962773173587
161.0	7.084	2.434	501.8	1.0	6.0	1.1450164988607766e-5	0.002750675386302295	0.001710010710331908	0.001062653323975648	0.0006602221063212721	0.00041016080498042603	0.00025483541928841776	0.0001583996252486158	9.857963045630055e-5	6.15518165644029e-5	3.875686017571936e-5	2.4924475596258753e-5	1.6856179799557288e-5	1.2686192975287327e-5	1.1450164988607766e-5	1.2862219825309988e-5	1.7248829908079096e-5	2.5624218476739345e-5	3.992462730936728e-5	6.345533693032387e-5	0.00010165305161151946	0.00016333796337099628	0.00026273986802117144	0.00042275347769921384	0.0006801410883700425	0.0010937964827644954	0.0017577522785067376	0.002821356311211695	0.004519818112876634	0.007218574692351303	0.011473085729972951
162.0	6.648	2.112	529.1	1.0	6.0	1.1969376352015167e-5	0.0029305454329655186	0.0018219542989854132	0.0011322658412841573	0.0007034894318917163	0.00043704570329621966	0.00027153879116381175	0.00016877804429930168	0.00010503087374426515	6.556694383757327e-5	4.126410898463334e-5	2.6503574417275095e-5	1.787228465863859e-5	1.3374285368282255e-5	1.1969376352015167e-5	1.3332625644242262e-5	1.7779213684462486e-5	2.633721977850061e-5	4.098507932022005e-5	6.510832133882224e-5	0.0001042804062913141	0.00016754614128060042	0.0002694990263766807	0.00043361882624230497	0.0006976047521162486	0.0011218437077043712	0.0018027313245924609	0.002893314347705831	0.004634490054950505	0.007400187320110518	0.011757926887835248
163.0	4.274	1.817	398.9	1.0	6.0	1.5252672741131952e-5	0.004550905348718617	0.0028310850039720884	0.0017600597451305415	0.0010937875931093589	0.0006795922348924921	0.00042222734909717484	0.0002623816469917682	0.0001631679374167427	0.00010167172499002911	6.368240039965296e-5	4.041852596242377e-5	2.6501465030659636e-5	1.871318543738868e-5	1.5252672741131952e-5	1.531963889577083e-5	1.8929487039654783e-5	2.691679099472109e-5	4.112801320919738e-5	6.484773788306864e-5	0.00010355620155121893	0.00016619124645736325	0.00026720118281466955	0.0004298494392269169	0.000691499409293814	0.0011120094021453517	0.0017869426292938554	0.0028680455750885784	0.00459421838616821	0.00733641101559552	0.011657918470813922
164.0	4.667	2.239	472.0	1.0	6.0	1.2441154876837888e-5	0.0041692775359076836	0.002593299344055062	0.001612081899292294	0.0010017654937358419	0.0006223870118296056	0.0003866642332162271	0.0002402571019641426	0.00014937330490065134	9.301979271519013e-5	5.817339156695839e-5	3.6778798998080554e-5	2.3889413041642204e-5	1.6524771588802944e-5	1.2981803495715736e-5	1.2441154876837888e-5	1.4777748697095441e-5	2.0531821443693814e-5	3.103370355031988e-5	4.871104145593376e-5	7.764906976241805e-5	0.0001245323485026275	0.0002001827502513685	0.0003220415880674665	0.0005181497582299025	0.0008334943608397505	0.0013400558554368875	0.0021525375424490643	0.003452549187688121	0.00552467532953706	0.00880749422043578
165.0	4.56	2.344	403.9	1.0	6.0	1.3212103419418469e-5	0.004266692377315803	0.0026539903351399767	0.0016498484159918174	0.0010252502685188377	0.0006369860528422537	0.00039574026734602173	0.00024590392655007186	0.0001528948669794084	9.522976657755475e-5	5.9582593321469605e-5	3.7713029787889674e-5	2.4564695053961554e-5	1.7097264645320773e-5	1.3583903247244647e-5	1.3212103419418469e-5	1.5895827611184123e-5	2.2255562477895345e-5	3.376162644402082e-5	5.307368094972233e-5	8.465443693913451e-5	0.00013579810873622005	0.0002183078848498941	0.0003512010898961116	0.0005650436876172037	0.0009088547584023916	0.001461019012368745	0.002346325865883053	0.0037620513593690703	0.006016565703698048	0.00958321082675631
166.0	3.195	2.236	456.0	1.0	6.0	1.2818534167834575e-5	0.00607846158212611	0.0037835515695117112	0.00235303450252924	0.0014625952639135712	0.0009088267777107396	0.0005646339989311417	0.0003507910685448716	0.00021798684327600906	0.00013556293749084877	8.447821187358003e-5	5.292624438234258e-5	3.3612968270955524e-5	2.207287680368921e-5	1.5637466355909842e-5	1.2818534167834575e-5	1.296415696023463e-5	1.6107950507999847e-5	2.2976781867794736e-5	3.5158657094274396e-5	5.546939670784236e-5	8.860231978159842e-5	0.0001422096742376052	0.00022866198578300217	0.00036788203362474203	0.0005918825684231428	0.0009519894284763142	0.0015302465448256133	0.0024571966414756222	0.003939029162784622	0.006297590706915812
167.0	2.651	2.98	564.5	1.0	6.0	9.904525628859696e-6	0.007316663228718193	0.0045564119084458175	0.002834509714813608	0.0017621801774847141	0.0010950885425478223	0.0006803724115065846	0.00042266635209222515	0.0002625806845220602	0.00016317291770895026	0.00010148375184505178	6.325798150621464e-5	3.965949639440097e-5	2.523227809795304e-5	1.6640313329137355e-5	1.1896727939956381e-5	9.904525628859696e-6	1.020296895959284e-5	1.2861037149336736e-5	1.849333606306245e-5	2.8402097408210997e-5	4.487796562995133e-5	7.17287550387727e-5	0.00011515746958505724	0.00018519006714314793	0.0002979764876284522	0.0004794798264536756	0.0007713622598928906	0.0012403142688448528	0.0019926912472134012	0.0031970976958086905
168.0	1.858	3.264	474.2	1.0	6.0	1.0170937919290366e-5	0.010406930199273325	0.006488478252702137	0.004039393730258662	0.0025123850991848086	0.0015617311438594712	0.00097045232637409	0.0006029154359574473	0.0003745486834741913	0.00023270237852578222	0.00014463481110695857	9.000263782043526e-5	5.618016599238192e-5	3.534866431545528e-5	2.269166914774594e-5	1.5282431456388514e-5	1.140755723003738e-5	1.0170937919290366e-5	1.1286566233236116e-5	1.5012385554093116e-5	2.2209870429783166e-5	3.4543043419964745e-5	5.48627373485653e-5	8.786439675808019e-5	0.00014117005313164866	0.00022708082413910592	0.00036539519586298373	0.0005879189221275278	0.0009456426574855803	0.0015200755789503235	0.0024409180691396183
169.0	2.033	3.665	450.9	1.0	6.0	9.852643858750774e-6	0.00951963477985961	0.005933267056267932	0.003692969026437776	0.0022966176918776623	0.0014274915881846123	0.0008869931544011496	0.0005510500192661515	0.00034232634082784484	0.00021268801493097903	0.00013220618382095949	8.228783567467632e-5	5.139590844010628e-5	3.238883542265877e-5	2.0871870100248518e-5	1.418183769979557e-5	1.077164608085874e-5	9.852643858750774e-6	1.121227496667836e-5	1.5164908945212326e-5	2.2624465288253644e-5	3.531554742542904e-5	5.61716859399789e-5	9.00121889937111e-5	0.00014465256455543647	0.00023270124876636854	0.00037444762502400155	0.0006024819977607491	0.0009690457605287227	0.001557631403534771	0.002501055514721129
170.0	2.339	3.648	556.9	1.0	6.0	8.907089655541866e-6	0.00828454704721471	0.005161053735679928	0.003211388104320014	0.0019967631158551162	0.001240972726783861	0.0007710434559286388	0.0004789962864034175	0.0002975594907661356	0.00018487581241869702	0.00011492450722164378	7.154298168185633e-5	4.4704046924920774e-5	2.8202753496369152e-5	1.8223597986003964e-5	1.2458956675489116e-5	9.575718272309122e-6	8.907089655541866e-6	1.0298418988631008e-5	1.407141623021919e-5	2.1098484179572216e-5	3.3004279456889356e-5	5.254091702294233e-5	8.422306315949399e-5	0.0001353684192297459	0.00021778066132445022	0.0003504548104744519	0.0005639068244914205	0.0009070671472759483	0.001458174358207452	0.002341784629559924
171.0	2.051	4.147	419.7	1.0	6.0	9.594470661481099e-6	0.009436876982049161	0.005881501661386541	0.003660677215374083	0.0022765076423773437	0.0014149807918305238	0.0008792146544679179	0.0005462150670741976	0.0003393206743083893	0.00021081801551810255	0.00013103994993106879	8.155586955983932e-5	5.0929009546119855e-5	3.207905375431527e-5	2.064757284053895e-5	1.3991154937440182e-5	1.05704795725787e-5	9.594470661481099e-6	1.0837390244936468e-5	1.4586622578696288e-5	2.170906479820172e-5	3.385140540415423e-5	5.382039867938114e-5	8.623052747139316e-5	0.00013856739833145902	0.00022290906299752525	0.0003586936792402002	0.0005771485766433836	0.0009283405624850491	0.001492312437901003	0.0023964588030175285
172.0	1.713	4.845	422.0	1.0	6.0	9.088932280730735e-6	0.011277905995206899	0.007033841819880358	0.004379815247291734	0.0027244670240042755	0.001693696383826361	0.0010525012620285512	0.0006539003580415588	0.00040621346730044215	0.0002523519436922902	0.0001568065575405298	9.75088831665749e-5	6.075588566469573e-5	3.805171690794545e-5	2.4147056622084375e-5	1.5826695085509228e-5	1.1166554577567999e-5	9.088932280730735e-6	9.113337999020632e-6	1.12453866627269e-5	1.5978067913721605e-5	2.4405658255069238e-5	3.8476517335771426e-5	6.144295455895185e-5	9.861147914247326e-5	0.0001585650549809563	0.0002551351334354781	0.0004105668611969004	0.0006605767423579886	0.0010623881252271729	0.0017073867047298675
173.0	1.512	4.913	443.7	1.0	6.0	8.602260249319489e-6	0.012758019809972147	0.007961449508029511	0.004959163261784364	0.0030855282348241034	0.0019184149274453094	0.001192244594584846	0.000740754061872696	0.00046017452080996356	0.0002858654775222293	0.00017761006782313345	0.00011040858351133416	6.873319918242982e-5	4.295085462243655e-5	2.710078775226735e-5	1.7518040899506035e-5	1.1986644677482557e-5	9.227422483823167e-6	8.602260249319489e-6	9.966559369640182e-6	1.3635782570852855e-5	2.0458344355692537e-5	3.20116361014708e-5	5.0966331253808894e-5	8.170272574241827e-5	0.00013132036043310113	0.0002112710633193051	0.00033998438960951256	0.0005470701661662921	0.0008800120948648618	0.0014147515192125275
174.0	1.697	3.483	608.6	1.0	6.0	8.89493163778357e-6	0.011383027924374617	0.007099688638573314	0.004420927074724652	0.0027500833550597485	0.0017096373081461134	0.0010624131222924666	0.000660059911829501	0.00041003924469009084	0.0002547264326231394	0.0001582780266365872	9.841730476739889e-5	6.13112245211729e-5	3.8382359525431215e-5	2.4329453810276233e-5	1.5903023910957497e-5	1.1154465688405835e-5	8.985629549125605e-6	8.89493163778357e-6	1.0861369913049402e-5	1.533964183506743e-5	2.3365210088002534e-5	3.679352165301076e-5	5.87284507578551e-5	9.42383877191173e-5	0.00015152385887424937	0.00024380224080642297	0.00039233387107572617	0.0006312594980817135	0.001015290781973694	0.0016318347877403519
175.0	1.946	2.762	718.0	1.0	6.0	9.021017492069483e-6	0.009940997678403687	0.006196881067448335	0.00385743232338704	0.0023990438209603787	0.0014912112149743117	0.0009266045486036997	0.0005756608266842819	0.0003576078068229348	0.0002221664240478467	0.00013807060676537193	8.589339958071594e-5	5.357604522857909e-5	3.3647587905308615e-5	2.1500293421413385e-5	1.4325247844334017e-5	1.0463203856360784e-5	9.021017492069483e-6	9.665146874188794e-6	1.254451642940889e-5	1.832491182835603e-5	2.8342813550070577e-5	4.491410209868277e-5	7.186864585179766e-5	0.00011543340729026317	0.00018566571154816862	0.00029876143396514006	0.00048075455152874006	0.0007734188272746067	0.00124362120995714	0.0019979950800310467
176.0	2.101	5.696	791.3	1.0	6.0	5.968128402320839e-6	0.009214364746201924	0.005742334208880129	0.0035738674914535086	0.002222445454028461	0.0013813439090487553	0.0008582937239515437	0.0005331986348183087	0.0003312087864632287	0.00020573860576148716	0.00012781981764231685	7.945086774591663e-5	4.945252786915855e-5	3.0889702999961536e-5	1.9470316736788627e-5	1.2553734874147222e-5	8.540462494017784e-6	6.5023760410142755e-6	5.968128402320839e-6	6.8141552432727195e-6	9.23609319559719e-6	1.3793995571257883e-5	2.154177288750469e-5	3.427070880584358e-5	5.492314551305183e-5	8.827142755225937e-5	0.00014201760734399598	0.0002285643093292899	0.00036785612113511405	0.0005919223337397078	0.000952103827724076
177.0	2.229	6.572	647.7	1.0	6.0	6.193409359361933e-6	0.008689830342378992	0.0054143675336882965	0.0033693307384005337	0.002095090003359786	0.0013021249055786461	0.0008090480836595224	0.0005025981814245358	0.0003121999543034006	0.00019393419039660516	0.00012049323237460172	7.490898789575161e-5	4.664543692188245e-5	2.9168382237075246e-5	1.8436738905044983e-5	1.1968885115863218e-5	8.269088651225045e-6	6.481718659858485e-6	6.193409359361933e-6	7.337472158961373e-6	1.0178463476439517e-5	1.5373330787247162e-5	2.4123239017195965e-5	3.8451082685113505e-5	6.166858046599716e-5	9.914024015768604e-5	0.00015951896242321958	0.00025673408067325464	0.0004131787728801957	0.000664800839688323	0.0010691888000487712
178.0	3.316	8.585	435.7	1.0	6.0	6.594224692371406e-6	0.00585795524657973	0.00364598716213617	0.0022673562579042196	0.0014092825194904094	0.0008756635913341928	0.0005439945609758509	0.0003379189586400968	0.00020991159380791773	0.0001304194525191017	8.10778913420888e-5	5.048304403503639e-5	3.156197417097022e-5	1.9939796406839534e-5	1.2928992557097067e-5	8.908282656834e-6	6.947824808908889e-6	6.594224692371406e-6	7.765692974218648e-6	1.0733120269752704e-5	1.6182684098775754e-5	2.537442389839094e-5	4.043333888879955e-5	6.484001743027147e-5	0.00010423345100304905	0.00016770958407912322	0.00026991043283368696	0.00043437273672805056	0.0006988739542049681	0.0011239176701968074	0.001806079221025099
179.0	3.497	9.16	490.4	1.0	6.0	5.992803965782742e-6	0.0055564403036382675	0.0034579282606347476	0.00215025302064439	0.0013364369283255185	0.0008303772116333572	0.0005158512849369098	0.00032043211470510067	0.000199045441437143	0.00012366419720028618	7.687246464524913e-5	4.7855312999051246e-5	2.9904390345256163e-5	1.8869069025376152e-5	1.2197513393345711e-5	8.34688728711159e-6	6.426679551915172e-6	5.992803965782742e-6	6.944908503436014e-6	9.503160444404214e-6	1.4259132648864502e-5	2.231252704634111e-5	3.552526360467194e-5	5.69514568935985e-5	9.154209273446781e-5	0.00014728574440658654	0.00023704491283403132	0.00038150173346734845	0.0006138660165467093	0.0009873615605621785	0.0015870350625610367
180.0	3.856	10.48	468.5	1.0	6.0	5.766981545680669e-6	0.00504173532125088	0.003136999781566385	0.0019504518576352787	0.0012121639619274618	0.0007531270416262173	0.00046784890586592	0.0002906108563907484	0.00018052188763272096	0.00011215949240309355	6.972783909561956e-5	4.341914674771617e-5	2.715099294552998e-5	1.7161753854614065e-5	1.1141459193507698e-5	7.697868203884797e-6	6.034597731426202e-6	5.766981545680669e-6	6.833118073679335e-6	9.479546521134265e-6	1.4318231131032125e-5	2.2467998871837284e-5	3.5813047080198786e-5	5.743806085806629e-5	9.233993025052841e-5	0.0001485790062976431	0.000239131842671584	0.0003848627654183975	0.0006192727196404944	0.0009960494890318802	0.0016009751216513146
181.0	4.009	9.739	733.8	1.0	6.0	4.733204247343831e-6	0.004850254914290262	0.003017639615783307	0.0018761532083085358	0.0011659550639803718	0.0007244027501227425	0.0004499975836271908	0.00027951610363641515	0.00017362244378572154	0.00010786148334460833	6.703792863372524e-5	4.1715486330203115e-5	2.6039666370922024e-5	1.6385775080150326e-5	1.0521376467091326e-5	7.090276121019181e-6	5.298977100434257e-6	4.733204247343831e-6	5.262105378827091e-6	7.007987115062406e-6	1.03745851542874e-5	1.614039081207235e-5	2.5638570565498826e-5	4.106496381409861e-5	6.598506380912629e-5	0.00010615638530479808	0.00017085421104362327	0.0002750016305430423	0.0004425817577753483	0.0007120832463105435	0.0011451406134391426
182.0	3.438	10.17	724.0	1.0	6.0	4.735702655597402e-6	0.005651255509058646	0.003517060430361831	0.0021870713680842563	0.001359337748882591	0.0008446109186051362	0.0005246920300708427	0.0003259177000386098	0.00020244191323312146	0.00012575606376513077	7.814313561209801e-5	4.85985154355674e-5	3.0291952611533728e-5	1.8990603577727867e-5	1.2081120210346136e-5	7.965644565582851e-6	5.692414837186768e-6	4.735702655597402e-6	4.874244543125562e-6	6.1400722598278385e-6	8.82591112525095e-6	1.3552847974469839e-5	2.1413886302846852e-5	3.422650247343792e-5	5.495238671297179e-5	8.838085649227632e-5	0.00014223247386454637	0.00022893415526248925	0.00036846608970536387	0.0005929124773847353	0.0009537005084899764
183.0	3.109	12.49	1000.0	1.0	6.0	3.587734277360316e-6	0.0062455453046835335	0.0038877939909735724	0.0024179500738507986	0.0015029667996353877	0.0009339020038423438	0.0005801777396973108	0.00036038491995898274	0.0002238445101133108	0.0001390371871476374	8.637179849690045e-5	5.367681939000087e-5	3.33940110288188e-5	2.083370636125929e-5	1.3091480155397293e-5	8.376914585685888e-6	5.599705273393351e-6	4.11757076831874e-6	3.587734277360316e-6	3.88765623405142e-6	5.0866939049696645e-6	7.4621340557426875e-6	1.1563298700065102e-5	1.8338525819814952e-5	2.935432863680832e-5	4.715725268339421e-5	7.586168605915175e-5	0.00012209844488795724	0.00019654060570019815	0.00031635193240362743	0.0005091046691359713
184.0	2.378	13.17	904.3	1.0	6.0	3.7178073411408074e-6	0.008149783299429399	0.005076837444320343	0.0031588817087204583	0.001964071882342614	0.0012206323578401177	0.000758386989969092	0.0004711109783547126	0.00029262720662826257	0.00018175796919697192	0.00011290084316337178	7.014578604258641e-5	4.361030136868462e-5	2.715954574933227e-5	1.6989675521317936e-5	1.0748949158015953e-5	6.994147174084854e-6	4.856912399873503e-6	3.842965660237019e-6	3.7178073411408074e-6	4.452487343257201e-6	6.216906037733989e-6	9.419093281491297e-6	1.4799535056735544e-5	2.3602322070971118e-5	3.786259583643862e-5	6.087649259635343e-5	9.796154848016708e-5	0.00015768155392896385	0.00025381428013408525	0.0004085046027981534
185.0	2.722	10.73	1000.0	1.0	6.0	3.89139343468725e-6	0.007127174961467031	0.004438086881640958	0.0027607723901901158	0.001716283835052682	0.0010665373402423822	0.0006626090897478492	0.0004116004132507332	0.0002556596763775824	0.00015879880670912464	9.864592062127609e-5	6.130049393027606e-5	3.812977921053287e-5	2.3776599396872977e-5	1.4922029966530863e-5	9.518451290288963e-6	6.316227826911346e-6	4.5747901307762085e-6	3.89139343468725e-6	4.1079840824322925e-6	5.274646684841776e-6	7.66117953992632e-6	1.1819467625290952e-5	1.8711053640810883e-5	2.9929344608728805e-5	4.8067671848103944e-5	7.731787723181424e-5	0.00012443669684029148	0.00020030041751319366	0.000322399529746284	0.0005188300896476187
186.0	2.464	8.833	785.5	1.0	6.0	4.803559416671815e-6	0.007867573383522742	0.004900511682153002	0.0030489656189963982	0.0018956520359487703	0.0011780815547046812	0.0007319402939758497	0.00045468125927760787	0.0002824259817653761	0.00017543029650157947	0.00010898495761011787	6.773667861049269e-5	4.215104806169006e-5	2.631274905729144e-5	1.65595265893427e-5	1.0635977821263608e-5	7.172230632199788e-6	5.367238443865056e-6	4.803559416671815e-6	5.350825475466276e-6	7.13558995018829e-6	1.0570579299052052e-5	1.6450097152092093e-5	2.6133595805106595e-5	4.185974015646982e-5	6.726325932215294e-5	0.00010821323869573646	0.00017416444184049942	0.00028032826770126875	0.00045115011832149685	0.0007258578835324654
187.0	2.525	7.316	816.1	1.0	6.0	5.2021362859948435e-6	0.007678965241610884	0.004782689661814678	0.002975527060056819	0.001849941475082403	0.0011496547482171401	0.0007142721016232786	0.00044370448150203904	0.0002756092886678919	0.00017119997396247835	0.00010636371822423512	6.611870809491093e-5	4.116230710906823e-5	2.5724625655048772e-5	1.623602438894618e-5	1.0502286835324764e-5	7.197434228542801e-6	5.557166287837751e-6	5.2021362859948435e-6	6.05022866527637e-6	8.297562855932935e-6	1.2463825740716495e-5	1.9512391598338235e-5	3.107293981015425e-5	4.9817870780163966e-5	8.00790933800224e-5	0.00012884658062252316	0.00020737639273081415	0.0003337716726174248	0.0005371118485987603	0.0008640291123780105
188.0	2.155	8.81	800.6	1.0	6.0	4.8148562536782335e-6	0.00898554595532085	0.005599248121918732	0.0034846248354294335	0.002166874828656658	0.0013467747617129475	0.0008368012935832735	0.0005198393693529157	0.00032290347165901353	0.00020057045108267627	0.0001245951019660962	7.742438568423868e-5	4.81558295606521e-5	3.002297923233677e-5	1.8833147290456315e-5	1.1998769470531672e-5	7.939355188305642e-6	5.716107220161856e-6	4.8148562536782335e-6	5.0271651007223115e-6	6.402124654641064e-6	9.257696241579955e-6	1.4254212184973987e-5	2.2546997740034974e-5	3.6053315352322064e-5	5.789511765818772e-5	9.31193539300544e-5	0.000149860726080093	0.00024121142524733216	0.0003882189264243668	0.000624675851906693
189.0	2.567	9.707	637.7	1.0	6.0	5.108285679838176e-6	0.007554275061285455	0.004704805858408949	0.002926985458582568	0.00181972871521123	0.0011308659166730164	0.0007025937139972852	0.0004364479281219137	0.0002711010521107477	0.00016839923517810704	0.00010462343565257625	6.503666503250379e-5	4.048835547767551e-5	2.530293538072817e-5	1.5969083108753968e-5	1.032836272326372e-5	7.076304693059243e-6	5.460817617112508e-6	5.108285679838176e-6	5.937171267541393e-6	8.139152757421702e-6	1.2223430741560728e-5	1.913442561157704e-5	3.0470018938333118e-5	4.8850634221734593e-5	7.852405254658142e-5	0.00012634463901782538	0.00020335033353008624	0.00032729405574301784	0.0005266941210114589	0.0008472866491879504
190.0	2.605	9.977	736.9	1.0	6.0	4.667676898144124e-6	0.007444898794828452	0.004636493381467653	0.0028844114408423187	0.0017932308741682892	0.0011143872387134792	0.0006923506387164823	0.00043008211609540296	0.00026714434409974786	0.0001659381176057558	0.00010308931716277466	6.407497290329978e-5	3.987676181908304e-5	2.4900026667604274e-5	1.5681688652386375e-5	1.0090019575996462e-5	6.831891363520845e-6	5.153807936016871e-6	4.667676898144124e-6	5.261064671957087e-6	7.071191419351834e-6	1.0516649470260025e-5	1.6394164230804682e-5	2.606272633496957e-5	4.175755034229654e-5	6.710613249686322e-5	0.00010796488061126362	0.00017376753135946803	0.00027969131569487306	0.0004501266083737432	0.0007242131611856226
191.0	1.797	14.58	847.3	1.0	6.0	3.630916568073529e-6	0.010756395408137713	0.006707251457969298	0.00417593429578889	0.002597438244829041	0.001614644129094697	0.0010033374248005476	0.0006233297944262074	0.0003871949843248781	0.00024049821460188196	0.00014938040502779243	9.279446918647597e-5	5.766351158793467e-5	3.586643106786539e-5	2.23635450781702e-5	1.4032507726235231e-5	8.94675188217637e-6	5.930136398460471e-6	4.285014744040558e-6	3.630916568073529e-6	3.8165643025683315e-6	4.884887393313089e-6	7.082944154542483e-6	1.091903933961758e-5	1.7280226015695794e-5	2.763731057432705e-5	4.438462576334172e-5	7.139276914645003e-5	0.0001149011467116328	0.00018495416520032708	0.000297706551003709
192.0	2.447	15.43	741.8	1.0	6.0	3.827281702716565e-6	0.007921798266806716	0.004934388420939975	0.00307008183701308	0.0019087952929726201	0.0011862543287089735	0.0007370183523085435	0.00045783347656115555	0.00028437924746346153	0.00017663552926560117	0.000109720581961979	6.817270535684379e-5	4.238827333482984e-5	2.64060197085279e-5	1.6530407128723613e-5	1.0477730981706954e-5	6.848256656171404e-6	4.802609770949019e-6	3.867692318893878e-6	3.827281702716565e-6	4.672027084806227e-6	6.597282127127092e-6	1.0048268359732147e-5	1.5822997220605194e-5	2.5256706937501055e-5	4.053034719008949e-5	6.517413697704716e-5	0.00010488182691703571	0.00016882183592980383	0.00027174293025191445	0.00043734704319365046
193.0	2.46	21.95	1000.0	1.0	6.0	2.715438059007315e-6	0.007880264856381923	0.0049084400705766825	0.003053906849424207	0.0018987264595800805	0.0011799915183768428	0.0007331241652013222	0.0004554115415529825	0.00028287107166181095	0.00017569294004695727	0.00010912582394151797	6.778831828719164e-5	4.212539312940507e-5	2.620386182380872e-5	1.6342222156552957e-5	1.0259997865823535e-5	6.550619309921582e-6	4.356231755124298e-6	3.169337213411873e-6	2.715438059007315e-6	2.889557637840782e-6	3.7319618921878523e-6	5.437467876174832e-6	8.400487907272851e-6	1.3306214133878084e-5	2.128899905067276e-5	3.4194473680003314e-5	5.500579747777771e-5	8.85320302248597e-5	0.0001425162977361775	0.0002294160744917517
194.0	2.798	15.62	682.4	1.0	6.0	3.89156482352719e-6	0.006934927619333223	0.00431805910673704	0.0026859851179614736	0.0016697436793115656	0.0010375980578809817	0.0006446230825426797	0.0004004254546951681	0.00024871801266304145	0.0001544875932017585	9.596907369388266e-5	5.963930456482933e-5	3.710019943873648e-5	2.3140566996891013e-5	1.453246636600685e-5	9.285267225032695e-6	6.1854960184638675e-6	4.516276278497083e-6	3.89156482352719e-6	4.1668800796456595e-6	5.405887577390638e-6	7.895115487885442e-6	1.2210195029368025e-5	1.9348918575366106e-5	3.0961817508477285e-5	4.973340112372842e-5	8.000174593326598e-5	0.000128758481066018	0.00020725720313988488	0.00033359392444034077	0.0005368346847342143
195.0	2.325	27.93	635.7	1.0	6.0	3.007334904476816e-6	0.008334014560492709	0.005191966276112191	0.0032306575540376426	0.002008753692618272	0.0012484217721587315	0.0007756599144119576	0.0004818424902398462	0.0002992916382132341	0.0001858937142497612	0.00011546327462980309	7.172710145268524e-5	4.457605639809807e-5	2.773303390909134e-5	1.7303507403485087e-5	1.0875697800777439e-5	6.963123265988929e-6	4.6609396577582045e-6	3.436720056304323e-6	3.007334904476816e-6	3.273476663529173e-6	4.296692255549468e-6	6.313611678677619e-6	9.790657651747124e-6	1.5531872075643308e-5	2.4864751081964267e-5	3.9946947948206077e-5	6.426446604652554e-5	0.00010343575490714998	0.00016650558636216955	0.00026802253779939755
196.0	1.73	40.39	957.6	1.0	6.0	2.0808269426210854e-6	0.011168318984219903	0.006965202073768993	0.004336959125101227	0.002697760331211835	0.0016770702328099693	0.0010421521391657646	0.000647450881379697	0.00040217824879066466	0.00024980013139750356	0.0001551489007250004	9.636235943152264e-5	5.985546665667699e-5	3.718920826794757e-5	2.3122999425838932e-5	1.4404255967530633e-5	9.016760432146925e-6	5.714592725355254e-6	3.7340672090102295e-6	2.617143905842705e-6	2.105507020629423e-6	2.0808269426210854e-6	2.5373943180552752e-6	3.5807982290103113e-6	5.4523415066608855e-6	8.58483474337355e-6	1.3702659118121387e-5	2.1989204001516654e-5	3.536030978347521e-5	5.690671276480399e-5	9.160718599998167e-5
197.0	1.936	28.0	1000.0	1.0	6.0	2.391301056920274e-6	0.00999183076666944	0.006228687314289503	0.0038772749367039965	0.0024113978444870766	0.001498889573107293	0.0009313659303099552	0.0005785998073937718	0.0003594015492934428	0.00022322879431262087	0.00013864692713613162	8.611681366487124e-5	5.3498167337601236e-5	3.3250384943694584e-5	2.0691893070440576e-5	1.291868301170158e-5	8.133170009728497e-6	5.228640832001137e-6	3.5333678917696357e-6	2.6552811210293e-6	2.391301056920274e-6	2.6803743172856217e-6	3.5893528915170643e-6	5.328451137986902e-6	8.299850928057119e-6	1.3190683683453354e-5	2.1131860445353943e-5	3.395939723642975e-5	5.463844911494939e-5	8.794753851621508e-5	0.00014157971147262457
198.0	1.307	30.91	1000.0	1.0	6.0	2.2780995207741566e-6	0.014729604261313454	0.009198693416455654	0.005732532960843417	0.0035677528934310353	0.002218635796766139	0.0013789706953855883	0.000856812955405511	0.000532269725538623	0.0003306176271962483	0.00020534875477748582	0.00012754121904717813	7.921912937595673e-5	4.92140696779907e-5	3.058938091957721e-5	1.9038675182907725e-5	1.1890945621318575e-5	7.493237941803669e-6	4.828518528480963e-6	3.2805182875797086e-6	2.491226513347204e-6	2.2780995207741566e-6	2.591844974063582e-6	3.5050210949234463e-6	5.228813401365414e-6	8.161864880024103e-6	1.2982440528235158e-5	2.0805209539084687e-5	3.34388212123052e-5	5.380362773126543e-5	8.66055975025422e-5
199.0	1.298	29.83	1000.0	1.0	6.0	2.3202350752456134e-6	0.014830220650214184	0.009261883956049304	0.005772051411117979	0.0035924019015324445	0.0022339848896226807	0.0013885188674013045	0.0008627487841865067	0.0005359584231002226	0.0003329093686251272	0.00020677243562822152	0.00012842566838517676	7.976873261777185e-5	4.9555873259371914e-5	3.080241164397308e-5	1.917219287451848e-5	1.1975826376304598e-5	7.5491114491616315e-6	4.8683065824075965e-6	3.3134228177994847e-6	2.524857534070697e-6	2.3202350752456134e-6	2.652229937122819e-6	3.59762073111319e-6	5.375042808314706e-6	8.395540585311273e-6	1.3357598332926407e-5	2.1408593613820966e-5	3.440992468757743e-5	5.536689892089477e-5	8.91222057825358e-5
200.0	1.254	33.46	1000.0	1.0	6.0	2.1888341743820565e-6	0.01534259406679702	0.00958374719871743	0.005973369478276631	0.0037179822855332393	0.0023121889425670563	0.001437168627391851	0.0008929933634403296	0.0005547531125225417	0.00034458567304677896	0.00021402492825139445	0.00013292941749553118	8.256448078156112e-5	5.128987881121573e-5	3.1875582687413296e-5	1.9832680819836406e-5	1.2376368707262209e-5	7.782337683432482e-6	4.988154175272854e-6	3.347608919421612e-6	2.4812883655179305e-6	2.1888341743820565e-6	2.40260784621217e-6	3.172047338545123e-6	4.675097758725164e-6	7.259356434092888e-6	1.1522438825842676e-5	1.8450126663186316e-5	2.9644182874424415e-5	4.7692350144354046e-5	7.676566074317651e-5
201.0	1.324	34.82	797.8	1.0	6.0	2.415444728649653e-6	0.014543228972096409	0.009081656168434375	0.005659344599703657	0.0035221048057150184	0.0021902112676495736	0.0013612891170536252	0.000845821099012099	0.000525439378675021	0.00032637447070400305	0.00020271351882790084	0.00012590523274583174	7.820433360525384e-5	4.8585883130437984e-5	3.020256339361766e-5	1.8803781710547238e-5	1.1753657137411027e-5	7.421805145803763e-6	4.806421533110614e-6	3.302646851827213e-6	2.562698549446394e-6	2.415444728649653e-6	2.8268275841143222e-6	3.89198541651562e-6	5.857250366364595e-6	9.177103782922925e-6	1.4619245949640452e-5	2.344203950224746e-5	3.7685258086881255e-5	6.064110658328744e-5	9.76137298927639e-5
202.0	1.948	63.67	643.8	1.0	6.0	2.0061863725236612e-6	0.009930890782626807	0.006190555083819716	0.0038534822307816894	0.0023965786636223315	0.0014896696326599148	0.0009256334049122273	0.0005750368306725079	0.0003571871489567412	0.00022185201096842038	0.0001377897969705762	8.558127689019166e-5	5.316043360377668e-5	3.3032369793468875e-5	2.054318430259288e-5	1.2804891333483435e-5	8.0279793198641e-6	5.1077233501928605e-6	3.3687582794238254e-6	2.4089089715452723e-6	2.0061863725236612e-6	2.0674499142654245e-6	2.6068667306580864e-6	3.7491864510004787e-6	5.758587121881204e-6	9.099757947956396e-6	1.4545330132600936e-5	2.3354461270332976e-5	3.756376954119698e-5	6.045762840100965e-5	9.73258751360571e-5
203.0	2.754	68.72	815.7	1.0	6.0	1.690198658687607e-6	0.007044944139249785	0.004386744292999733	0.0027287801807958675	0.0016963736512123407	0.001054155039294463	0.0006549105005942235	0.0004068125843948659	0.00025267820644816753	0.0001569352723806162	9.746976079046746e-5	6.0539855452068114e-5	3.760880716631791e-5	2.337482889686491e-5	1.4546549638604186e-5	9.08242428317734e-6	5.718812053946536e-6	3.6778173833232754e-6	2.487415423460807e-6	1.8722966149404125e-6	1.690198658687607e-6	1.8990059397427405e-6	2.547008870517101e-6	3.784070187877588e-6	5.896278529112697e-6	9.372097344866267e-6	1.5015291421243868e-5	2.4130704292204717e-5	3.882573916048939e-5	6.249697434083652e-5	0.00010061369197309286
204.0	2.892	86.08	970.6	1.0	6.0	1.3968347442828327e-6	0.006711031066212222	0.004178293077593008	0.002598907088059846	0.001615557057471019	0.0010039033760151726	0.0006236788090123003	0.00038740745286021367	0.00024062314951154144	0.00014944665208881816	9.281733104440718e-5	5.76482683938797e-5	3.5809554595708654e-5	2.2251879926154067e-5	1.3840227724522344e-5	8.629386671048026e-6	5.414286313662064e-6	3.4513753170876847e-6	2.2866866210741392e-6	1.6508571744974862e-6	1.3968347442828327e-6	1.465869527677529e-6	1.873926795150484e-6	2.7153783348468155e-6	4.184825436286952e-6	6.622097558953513e-6	1.059082540137767e-5	1.70087390724668e-5	2.735976984774985e-5	4.4036863736237627e-5	7.08944123313059e-5
205.0	2.91	94.09	971.8	1.0	6.0	1.3431958250332635e-6	0.006669796456229671	0.004152555301637779	0.0025828728901495816	0.0016055799469598627	0.0009976998255916546	0.0006198233364683155	0.00038501194894556236	0.00023913496682570156	0.000148522138714077	9.224287227572759e-5	5.729108338990615e-5	3.558706460470389e-5	2.2112639495625943e-5	1.3752038040663606e-5	8.571853057905227e-6	5.374103142984294e-6	3.4192493308349464e-6	2.2551878563857697e-6	1.6127006968294371e-6	1.3431958250332635e-6	1.384342741297454e-6	1.7456570451997706e-6	2.5107003716855386e-6	3.856403775651557e-6	6.093980912895614e-6	9.740886362305292e-6	1.5640443182624523e-5	2.5156759014706932e-5	4.048988711168643e-5	6.518380078287498e-5
206.0	2.788	122.0	827.3	1.0	6.0	1.287472093114345e-6	0.006959628189612583	0.004333479215612513	0.002695591983737342	0.0016757206621237592	0.0010413125913732307	0.0006469284913452566	0.00040185270270460833	0.00024959633189259017	0.0001550197883571578	9.627810220234026e-5	5.979658881633417e-5	3.714209691127503e-5	2.3076760356480883e-5	1.4348195706963622e-5	8.937913678020606e-6	5.594723995132802e-6	3.54545349502688e-6	2.3161630080873067e-6	1.6225488409794427e-6	1.3041945907770846e-6	1.287472093114345e-6	1.5685132732016162e-6	2.212314986743298e-6	3.367769490190249e-6	5.3020946208208105e-6	8.462621488686276e-6	1.3580215919937205e-5	2.183821693952799e-5	3.514587071184766e-5	5.657925746077063e-5
207.0	3.041	152.5	1000.0	1.0	6.0	1.0288539514968726e-6	0.0063843100830478445	0.003974382851444327	0.002471883092017891	0.0015365210831968271	0.0009547618753345649	0.0005931382343095131	0.0003684321656671727	0.00022883527952770555	0.0001421240476882828	8.82680230771693e-5	5.482071297810386e-5	3.405003499741498e-5	2.1153547818389998e-5	1.3149097293994593e-5	8.18562760594637e-6	5.115271736636914e-6	3.2279514659583067e-6	2.0871810871781787e-6	1.4291289084058963e-6	1.1016029791863617e-6	1.0288539514968726e-6	1.1940563483105705e-6	1.6354169625496708e-6	2.455010363533908e-6	3.8423837094750135e-6	6.118387678878929e-6	9.809363280345817e-6	1.576882371913144e-5	2.5374725083331353e-5	4.0847824173518736e-5
208.0	1.974	164.0	927.2	1.0	6.0	1.0356955789549078e-6	0.00980137099519295	0.006109516022688667	0.003802920021054294	0.0023650871652806634	0.0014700772400228267	0.0009134520648336084	0.0005674659783415196	0.00035248226471209224	0.0002189274474998925	0.0001359701264565997	8.444601903281819e-5	5.2447170339741886e-5	3.257619355754652e-5	2.0238612443376e-5	1.258149099156889e-5	7.834085878750585e-6	4.898494602854033e-6	3.0958045581180348e-6	2.0091022235981544e-6	1.3870603245345334e-6	1.0858151874070717e-6	1.0356955789549078e-6	1.2251096467365635e-6	1.6978637585674813e-6	2.563292797716658e-6	4.021544023143315e-6	6.4098587238799195e-6	1.0280548003186852e-5	1.6528676011761866e-5	2.6598927772228606e-5
209.0	1.541	193.6	912.3	1.0	6.0	9.685292211439847e-7	0.01252093267634054	0.007812791970353073	0.0048662876954887	0.003027631929256072	0.0018823710943625042	0.0011698191577303708	0.0007267999916097333	0.0004514797986138196	0.0002804250911107734	0.00017416804511462375	0.00010816973479059031	6.718006449910174e-5	4.1724357357025294e-5	2.5917315677368813e-5	1.6103902326748488e-5	1.0014789407266363e-5	6.2418120284303665e-6	3.912405719926546e-6	2.4878454579881797e-6	1.638667236581655e-6	1.1684765872153965e-6	9.685292211439847e-7	9.925816942308314e-7	1.2461964474665756e-6	1.7880278245834947e-6	2.7433863201979844e-6	4.333216520653625e-6	6.925187493054272e-6	1.1118702166520856e-5	1.7883462628307067e-5
210.0	1.681	266.2	1000.0	1.0	6.0	7.870792163775361e-7	0.011490126438037306	0.0071667774565708	0.004462814008526579	0.0027761795037174264	0.0017258707491821647	0.0010724966935246444	0.0006663096357765642	0.00041389433264187785	0.00025707608448028243	0.0001596647409266854	9.916144189228152e-5	6.158474992490145e-5	3.824848090512793e-5	2.3757187875670282e-5	1.4760011146570936e-5	9.176351956137086e-6	5.714927274678426e-6	3.575220901508176e-6	2.2623785965776862e-6	1.4727732704910258e-6	1.02378802045246e-6	8.115827948780309e-7	7.870792163775361e-7	9.446099562468622e-7	1.3206078541554414e-6	2.002031358393541e-6	3.1464742977729643e-6	5.0186090552412435e-6	8.051386733698943e-6	1.2946136162068075e-5
211.0	1.514	307.9	774.2	1.0	6.0	8.257352982010993e-7	0.012741379786356383	0.007951013775807711	0.004952640993558813	0.003081458932264481	0.0019158760977017817	0.0011906562897592181	0.0007397517376975043	0.0004595274417205181	0.0002854244051154622	0.00017727315244817535	0.0001100979658997032	6.837706404447414e-5	4.246684481114907e-5	2.6376965960217453e-5	1.6387004821674727e-5	1.0186812811126875e-5	6.342539051119547e-6	3.965131364098787e-6	2.504763673302163e-6	1.62369069881086e-6	1.1181414993837883e-6	8.711941766051612e-7	8.257352982010993e-7	9.712510634668987e-7	1.341395486599925e-6	2.021773216536544e-6	3.16973617123557e-6	5.050770664364603e-6	8.099885744198112e-6	1.302218769223512e-5
212.0	1.704	366.2	724.6	1.0	6.0	7.90478216498359e-7	0.011336795265059737	0.007070726903162713	0.004402841764902704	0.0027388102475989088	0.0017026152186598086	0.0010580358293739867	0.0006573219395303653	0.0004083100232967975	0.00025360705876761603	0.00015751000989318344	9.782317229351969e-5	6.075362517026305e-5	3.7732355318321455e-5	2.3436721774373532e-5	1.4561098753239181e-5	9.052993390897284e-6	5.638593974053665e-6	3.5282592162534857e-6	2.2339275363052455e-6	1.4562527962085882e-6	1.0153773281208845e-6	8.093366932343472e-7	7.90478216498359e-7	9.5444015901879e-7	1.3391427294366274e-6	2.033557524964781e-6	3.1982828287445364e-6	5.102681424422566e-6	8.187165220048227e-6	1.3165018524682377e-5
213.0	1.454	435.5	683.0	1.0	6.0	7.33931598639945e-7	0.01326018559068695	0.00827640009043677	0.005155960118923846	0.0032082087532810757	0.0019947778729403026	0.0012397283247189944	0.0007702543650139167	0.0004784808854423754	0.00029719891776917217	0.00018458680544155233	0.00011464027559500659	7.119780818405893e-5	4.421810786603079e-5	2.7463664744366267e-5	1.706042612475356e-5	1.0602687932810287e-5	6.597044643906836e-6	4.117126714488438e-6	2.5894011426694375e-6	1.6605447835466687e-6	1.115735632722061e-6	8.289719248411672e-7	7.33931598639945e-7	8.086338141183584e-7	1.0703552570835149e-6	1.579625425584822e-6	2.4542247497950806e-6	3.896421758210166e-6	6.239745716851748e-6	1.0026104941498198e-5
214.0	1.209	318.2	859.0	1.0	6.0	7.764410539855249e-7	0.015904574011417177	0.009936916903078224	0.006194325668742394	0.003855834728098561	0.002398043671075861	0.0014905807414355204	0.0009261993086138859	0.0005753876273835013	0.0003574036678993206	0.00022198421159878263	0.0001378682094168185	8.562401892320902e-5	5.317738385039169e-5	3.3027445886656327e-5	2.0515246466561223e-5	1.2747477738316953e-5	7.927811278695211e-6	4.941634082359254e-6	3.098334887269398e-6	1.9716084357018465e-6	1.3008708506591793e-6	9.309962698907661e-7	7.764410539855249e-7	8.014599391322308e-7	1.011838989563989e-6	1.4562335212412111e-6	2.237420168846289e-6	3.5360644812281544e-6	5.652498761748826e-6	9.076166134435679e-6
215.0	0.9908	176.1	699.9	1.0	6.0	1.1401796363229793e-6	0.019339424729521743	0.012098803393860387	0.007548178864420399	0.0047009974555284086	0.0029246106387290772	0.0018182485687046157	0.0011299421224386405	0.0007020141673845535	0.0004360791908944793	0.00027085807428152853	0.00016822591030837098	0.00010447971176555089	6.488931510659572e-5	4.030330572008676e-5	2.5037389702720124e-5	1.5561627304422222e-5	9.68476150663838e-6	6.047707744867646e-6	3.8093347463495927e-6	2.451970383695283e-6	1.6616911592287719e-6	1.2557245085632274e-6	1.1401796363229793e-6	1.2883333286544155e-6	1.7344493414262859e-6	2.5817017876626953e-6	4.026034097017916e-6	6.4014685454119225e-6	1.0257337609710469e-5	1.648527869082064e-5
216.0	0.9306	233.5	675.8	1.0	6.0	1.0197375586491398e-6	0.020564748859302557	0.01287139235824758	0.008032543415293854	0.00500358044929984	0.0031132129395942216	0.0019356422872245647	0.001202949411845565	0.0007473929751120902	0.0004642755668212436	0.00028837428292321246	0.00017910576308978126	0.00011123666574261	6.908502219701253e-5	4.290772448328868e-5	2.6652705350318045e-5	1.656136585190378e-5	1.0300117347953542e-5	6.420990448438388e-6	4.0268731566021235e-6	2.564075189335436e-6	1.6942893463668522e-6	1.2163551816998267e-6	1.0197375586491398e-6	1.0589631152834474e-6	1.34310338944196e-6	1.937872404037964e-6	2.98082329891994e-6	4.713157152370013e-6	7.535496460946586e-6	1.210051144510727e-5
217.0	1.171	292.6	590.4	1.0	6.0	9.630301521234458e-7	0.016412219440614967	0.010256070939418344	0.006394051573556949	0.003980461886872173	0.002475669677585381	0.0015388770208705415	0.000956226639638666	0.000594048504839263	0.00036899766170544167	0.0002291864768121135	0.00014234205053253375	8.840320455723339e-5	5.490431983964912e-5	3.4101396837486135e-5	2.1184540885587478e-5	1.3166888616081044e-5	8.194331531373341e-6	5.116901152309735e-6	3.222883181105933e-6	2.07424287642636e-6	1.4053284435324835e-6	1.0614357350008107e-6	9.630301521234458e-7	1.0873524745743831e-6	1.4631550860823847e-6	2.177350977256832e-6	3.395112781144548e-6	5.398067976644104e-6	8.649418481425378e-6	1.3901030841764412e-5
218.0	1.139	311.2	485.3	1.0	6.0	1.0318818986724165e-6	0.016865539628841814	0.010541175458111462	0.006572510389600349	0.004091834570716009	0.002545046127713161	0.0015820430941989993	0.0009830652601557413	0.0006107280287355395	0.00037936070406266784	0.0002356239975746513	0.00014634067701735088	9.088687236046817e-5	5.644711633054241e-5	3.5060010058881035e-5	2.178062840642283e-5	1.3538293853423175e-5	8.42694534249133e-6	5.264519384067647e-6	3.3196457108200566e-6	2.142528432494845e-6	1.4609298563196499e-6	1.1172123694360993e-6	1.0318818986724165e-6	1.1852031552162482e-6	1.6126351410105404e-6	2.4130311317691372e-6	3.771498633996084e-6	6.002203744776691e-6	9.621012763294976e-6	1.5464753325075615e-5
219.0	1.199	633.1	353.0	1.0	6.0	8.489508131440094e-7	0.01603509522817535	0.010018963110760514	0.006245665376674265	0.0038878684372519587	0.0024179956774302517	0.0015029939388655927	0.0009339168900965207	0.0005801837905983147	0.00036038352517484977	0.0002238353433109251	0.000139018126781009	8.633843572278472e-5	5.3621437905717784e-5	3.3303802167889476e-5	2.068780671920399e-5	1.2856146253014584e-5	7.997718767870167e-6	4.988947894264265e-6	3.133997409060233e-6	2.003867523096977e-6	1.3371873168432408e-6	9.797693182537889e-7	8.489508131440094e-7	9.144762750432877e-7	1.191499921661846e-6	1.7440901100624275e-6	2.7000456547602127e-6	4.280449438225455e-6	6.850790879291919e-6	1.1005471731447645e-5
220.0	1.195	758.4	456.9	1.0	6.0	6.902577714690253e-7	0.016087905515720428	0.010052162204928187	0.006266440327465754	0.0039008314316965587	0.002426069720391591	0.0015080172497746887	0.0009370399728221711	0.0005821245864312861	0.0003615892144850597	0.00022458412624420143	0.00013948293008670423	8.662666180970856e-5	5.379971003048716e-5	3.3413336528620346e-5	2.0753930748877987e-5	1.2894150894489528e-5	8.016392879564372e-6	4.992610078784089e-6	3.1234945369013162e-6	1.976770462661437e-6	1.2872290788205794e-6	8.953956294918084e-7	7.106478897098219e-7	6.902577714690253e-7	8.295093183405498e-7	1.1606079627748857e-6	1.7601283280116297e-6	2.7667229459464143e-6	4.413185737712876e-6	7.080282427442804e-6
221.0	0.941	800.2	651.7	1.0	6.0	5.662078337504242e-7	0.020342090053656243	0.012730948184734166	0.00794447256177255	0.004948554190607208	0.0030789113881181662	0.0019142902997022683	0.0011896700040733587	0.0007391386090151462	0.00045914634320405503	0.00028518745808604274	0.00017712565691982936	0.00011000584818906216	6.83190342885993e-5	4.242948772745189e-5	2.6351643877325483e-5	1.6367862144271014e-5	1.0169422562359133e-5	6.322879360470125e-6	3.938655417555089e-6	2.4653481610095444e-6	1.5622196506783118e-6	1.0203979766038384e-6	7.145722300930414e-7	5.740117154885427e-7	5.662078337504242e-7	6.893556274167133e-7	9.71936182690778e-7	1.4793033696786873e-6	2.328797764154997e-6	3.7168822908060423e-6
222.0	0.6529	711.9	729.0	1.0	6.0	5.6202853065456e-7	0.029057408536156112	0.018246112015052114	0.011410060071838188	0.007116620439600455	0.00443149630992401	0.002756664929313954	0.0017137263854971542	0.0010649449536324783	0.0006616160084014817	0.00041097793495112073	0.00025526421206664344	0.00015853903932282217	9.846182755751003e-5	6.11495200132029e-5	3.797701570928144e-5	2.358671854959691e-5	1.465111764602047e-5	9.103851789466478e-6	5.662053554231797e-6	3.5297453943578998e-6	2.2137839099446406e-6	1.4098205374647133e-6	9.319176280473233e-7	6.695471194168696e-7	5.6202853065456e-7	5.844951132384483e-7	7.421427656420338e-7	1.0714315588353413e-6	1.6485177259411908e-6	2.6068656385120226e-6
223.0	0.6442	623.3	756.9	1.0	6.0	5.867287269311998e-7	0.029438277959689257	0.018487971393284935	0.011562372292274109	0.007212037981639068	0.004491075378008774	0.002793789998452652	0.0017368302684258022	0.0010793116450671988	0.0006705452294542507	0.00041652594355090966	0.0002587107162236854	0.00016067981935102412	9.979149019225053e-5	6.197539124367563e-5	3.849002619657682e-5	2.390548752367617e-5	1.4849358358352226e-5	9.227408795265969e-6	5.739501306186924e-6	3.5789952686978753e-6	2.2462261250958037e-6	1.43295818849338e-6	9.511019420768237e-7	6.892149982076429e-7	5.867287269311998e-7	6.199402377577193e-7	7.965304564572271e-7	1.1573404216559708e-6	1.7858162735989435e-6	2.827307096838355e-6
224.0	0.6637	693.1	517.8	1.0	6.0	6.686254076110536e-7	0.02859809909444521	0.017954535630075697	0.01122647568891186	0.007001626842368237	0.004359699628277036	0.002711929029348464	0.001685886967850243	0.0010476339237869656	0.0006508569851796973	0.0004042931280704722	0.000251111637710067	0.00015595986564320407	9.686015216151538e-5	6.015514291894389e-5	3.736004862102925e-5	2.3204504749269352e-5	1.4415272532192094e-5	8.959834522713459e-6	5.576557973954431e-6	3.4829989263027733e-6	2.194975372746248e-6	1.4146000414140596e-6	9.613906014446643e-7	7.305300452353537e-7	6.686254076110536e-7	7.613594206780875e-7	1.0301791104478762e-6	1.5372557170752081e-6	2.3998624489186706e-6	3.817494472044677e-6
225.0	0.4772	523.6	426.4	1.0	6.0	8.476935008733442e-7	0.0393351295688133	0.024797515764800115	0.015545802172087106	0.009711433438917534	0.006053247852996329	0.0037678148595757547	0.002343223546057391	0.0014564752629289755	0.00090499557297276	0.0005622106428545653	0.0003492170710664436	0.00021689893671518503	0.00013470980714749983	8.366266067630763e-5	5.195969690554836e-5	3.227190062616519e-5	2.0047138069115832e-5	1.2458556819298703e-5	7.751262008492828e-6	4.836626440514998e-6	3.040583632278519e-6	1.9477572322344614e-6	1.305403530533506e-6	9.649611691785579e-7	8.476935008733442e-7	9.26479013254144e-7	1.2195386253211798e-6	1.7946493821007414e-6	2.7848183983566034e-6	4.419040766253852e-6
226.0	0.2891	418.9	591.1	1.0	6.0	8.101237041967161e-7	0.06330761369184087	0.040281733000999714	0.02540352318207725	0.01592940791487471	0.009952526974766443	0.006204093290645246	0.003861929197719792	0.0024018395403739567	0.0014929423415370722	0.0009276675722169898	0.0005763001009834248	0.0003579706026255415	0.00022233642452051	0.00013808704308238549	8.57600398368205e-5	5.3262033384554337e-5	3.308029500388045e-5	2.0548515452403034e-5	1.2768860025145755e-5	7.942251751356252e-6	4.952472371285178e-6	3.108077603204071e-6	1.98250883113278e-6	1.315449958168866e-6	9.526259165180011e-7	8.101237041967161e-7	8.549856290098593e-7	1.0975869619374566e-6	1.594035127757014e-6	2.4591451573552893e-6
227.0	0.3029	432.7	429.4	1.0	6.0	9.303830211004711e-7	0.06059815661964011	0.0385172142098546	0.02427424875495372	0.01521471462438749	0.009503403922916247	0.005923111882463991	0.0036866300854282445	0.002292663672254147	0.0014250214934384744	0.0008854409241092249	0.0005500586733448045	0.000341667381289591	0.00021220933918935118	0.00013179720038056564	8.185400013044353e-5	5.083690122869269e-5	3.157537710948191e-5	1.9615828764567472e-5	1.2192721801143169e-5	7.589424172261169e-6	4.74135801084719e-6	2.9898517608804063e-6	1.9298289741350484e-6	1.3161325651837814e-6	1.00682890397643e-6	9.303830211004711e-7	1.0691144784374763e-6	1.4551081335104176e-6	2.177633960447638e-6	3.4037910714646825e-6
228.0	0.2879	255.6	603.0	1.0	6.0	1.0254004392439647e-6	0.0635547137266753	0.04044284030878436	0.02550670668377208	0.01599474132359907	0.009993595603060158	0.0062297915436968915	0.003877963747719543	0.002411826571309324	0.0014991558289870574	0.0009315306974546072	0.0005787009620898938	0.0003594623973226592	0.0002232633741197941	0.0001386632230130763	8.61185893847839e-5	5.348583160699787e-5	3.322108400564966e-5	2.063884994352302e-5	1.2829629832181865e-5	7.987510643401782e-6	4.992687377697921e-6	3.1525494604781884e-6	2.0415228763823285e-6	1.4026548427049603e-6	1.0881902293031476e-6	1.0254004392439647e-6	1.199763329540144e-6	1.6516043014755567e-6	2.4854217101409058e-6	3.894052219316525e-6
229.0	0.2862	371.4	608.6	1.0	6.0	8.447763478309728e-7	0.06390809244588734	0.040673294233653796	0.025654326471915904	0.016088219726755077	0.01005235974085929	0.0062665639468351495	0.003900908577061979	0.0024261177864823963	0.0015080471796230129	0.0009370586213280477	0.0005821362406039385	0.0003615965596381988	0.0002245888572951405	0.0001394861397295331	8.662909178330639e-5	5.3801922121253604e-5	3.3415842256930654e-5	2.075730960308739e-5	1.2899184332948287e-5	8.024245017522442e-6	5.005096950326773e-6	3.1435040941366072e-6	2.0089304911908595e-6	1.3389775031976833e-6	9.787007498744113e-7	8.447763478309728e-7	9.0623045616006e-7	1.177275690101044e-6	1.7205977664297206e-6	2.661852091800381e-6
230.0	0.2911	351.4	527.9	1.0	6.0	9.293801225796107e-7	0.06290002269300607	0.04001605438747641	0.025233393433041207	0.015821696965225028	0.009884824274358606	0.006161730827401207	0.0038354976502593028	0.0023853771172396565	0.0014827003436229107	0.0009212999744672496	0.0005723430011786979	0.0003555122016600448	0.00022080945649061252	0.00013713885810222388	8.517153778260133e-5	5.289718136159456e-5	3.285473943676746e-5	2.0410101295703985e-5	1.2685579289951853e-5	7.894845028300002e-6	4.92997611818516e-6	3.1052891687737246e-6	1.9987833927998017e-6	1.3545515007155069e-6	1.0235977869057241e-6	9.293801225796107e-7	1.050107875621331e-6	1.4137021041249e-6	2.1042524306957405e-6	3.28146313892217e-6
231.0	0.3727	403.5	556.3	1.0	6.0	8.583401277393495e-7	0.04981465671696167	0.03153112779382718	0.01981823234097598	0.012400614149378722	0.0077373612373542126	0.004819166585566896	0.0029982611811969107	0.0018640896131115164	0.0011584498837296092	0.0007197332051664994	0.00044708873387089905	0.00027769713453006475	0.00017247341525210874	0.00010711693831398315	6.652578103195067e-5	4.131733020936246e-5	2.566343323432425e-5	1.594445662548912e-5	9.91290775236738e-6	6.173932787649272e-6	3.862830406426588e-6	2.445108569412679e-6	1.5928847077612011e-6	1.1090599342293787e-6	8.81736684747193e-7	8.583401277393495e-7	1.0334589151455422e-6	1.4475935006817339e-6	2.1965221431097954e-6	3.4534501532064448e-6
232.0	0.3556	306.8	724.7	1.0	6.0	8.567026829227535e-7	0.052085339549169905	0.032997346565537954	0.020751466122310595	0.012989184469566685	0.0081064166821899	0.005049738936969913	0.0031419876775791293	0.0019535543089475517	0.0012140894594442572	0.00075431741437463	0.00046857811024930603	0.00029104702006840826	0.0001807656846246082	0.00011226723010076635	6.972440498134143e-5	4.330373504793888e-5	2.689690697372489e-5	1.6710227361095728e-5	1.0388063464484976e-5	6.468359788354806e-6	4.044620683128752e-6	2.556305333767016e-6	1.6592050076205014e-6	1.1458421056242163e-6	8.974876224653032e-7	8.567026829227535e-7	1.0140544219195774e-6	1.4059342006649077e-6	2.12297339286952e-6	3.331002393775089e-6
233.0	0.3352	300.1	719.2	1.0	6.0	8.650781953403302e-7	0.05508058166098066	0.03493536839574818	0.021986610962388194	0.013768809195085392	0.008595525192469582	0.005355415782257294	0.0033325691174234374	0.0020721996146610597	0.0012878827669281696	0.0008001877971076769	0.0004970811811299223	0.000308754380006746	0.00019176473803239751	0.00011909876474892454	7.396722991193414e-5	4.593867078441988e-5	2.8533182993545667e-5	1.7726212102719925e-5	1.101870668888718e-5	6.859505931683305e-6	4.286729738182389e-6	2.7053705303575394e-6	1.7497014280245585e-6	1.19869943506091e-6	9.249305680797996e-7	8.650781953403302e-7	1.005299600304917e-6	1.3780243222066692e-6	2.0694536835280493e-6	3.2394954001526933e-6
234.0	0.4063	325.4	1000.0	1.0	6.0	7.037424366960753e-7	0.04588416446102769	0.028999212789471266	0.0182091628216218	0.011386793600893898	0.007102045900154596	0.004422396300225929	0.0027509946651156658	0.0017101977087719128	0.0010627507652890863	0.0006602523234052495	0.0004101307078768348	0.0002547380168764903	0.00015821237872065637	9.825922922874968e-5	6.102415705976817e-5	3.7899905831846026e-5	2.3540032314346838e-5	1.4624059201054194e-5	9.09016376199388e-6	5.658570452090079e-6	3.535661726670801e-6	2.230468048777774e-6	1.4411311778274982e-6	9.850962599475745e-7	7.568928168189742e-7	7.037424366960753e-7	8.133524784381354e-7	1.1110729748982118e-6	1.6657590828423942e-6	2.6056945896651966e-6
235.0	0.3724	572.5	997.0	1.0	6.0	5.391530669672556e-7	0.0498527857260877	0.03155572710978819	0.019833880900307223	0.012410479892735525	0.007743546052869963	0.004823030085500952	0.003000669251459956	0.0018655884363615821	0.0011593819383922167	0.0007203124435177537	0.0004474484985263956	0.00027792039090964273	0.0001726117050141064	0.00010720220915378115	6.657774048389096e-5	4.1347990067179156e-5	2.567988240838746e-5	1.5950498684918997e-5	9.909939797910266e-6	6.161268271597441e-6	3.8375402455462205e-6	2.401343675604824e-6	1.5205231827963271e-6	9.913661008772636e-7	6.914905130517111e-7	5.515418618647219e-7	5.391530669672556e-7	6.514587688449725e-7	9.144325634154215e-7	1.388893840529856e-6
236.0	0.3922	663.5	1000.0	1.0	6.0	4.980054887016303e-7	0.047455452286271356	0.030010471479260715	0.018851458009758664	0.011791332808873515	0.007355493449259793	0.004580657633885892	0.0028496138884657497	0.001771572120035313	0.001100915630255252	0.0006839727414063742	0.0004248689011705718	0.0002638934260904998	0.00016389890944045057	0.00010179068747302352	6.321676677387124e-5	3.926056782920503e-5	2.438336053111829e-5	1.514506742293874e-5	9.409338533852997e-6	5.84972568463895e-6	3.643005877792884e-6	2.2788268746683687e-6	1.4416888213002216e-6	9.379815956907646e-7	6.512092191038955e-7	5.150475912026918e-7	4.980054887016303e-7	5.961413600389737e-7	8.321516964329561e-7	1.2606199323179683e-6
237.0	0.3399	791.9	1000.0	1.0	6.0	4.5059270659512507e-7	0.05436035953934882	0.034468950287944125	0.021689184215269067	0.013581005830229833	0.008477677539168865	0.0052817544341032426	0.0032866391403225726	0.0020436045795113205	0.0012700969645796705	0.0007891316920967503	0.0004902108486360205	0.0003044859230976088	0.00018911290793783786	0.00011745100349740518	7.294273608492892e-5	4.530061279105762e-5	2.8134034757758465e-5	1.7473675737205185e-5	1.0854382279830078e-5	6.745391182256388e-6	4.1964332743742145e-6	2.61800904849346e-6	1.6450702012469357e-6	1.0525995514866137e-6	7.035722789278068e-7	5.172661768841708e-7	4.5059270659512507e-7	4.881317193192205e-7	6.385650528493526e-7	9.366843849285081e-7
238.0	0.5184	704.7	903.8	1.0	6.0	5.013914402516004e-7	0.03632252931418405	0.022871809600913954	0.014328000498657291	0.008946520699596682	0.005574846589590634	0.00346940569715791	0.002157396938259111	0.0013408766178218529	0.0008331305982791545	0.000517551736228282	0.0003214715835135218	0.0001996638232799528	0.00012400431334281422	7.701290063164096e-5	4.78285193674145e-5	2.9704159039495748e-5	1.8449086575831217e-5	1.1460645533945013e-5	7.1227126943010254e-6	4.4320756799508706e-6	2.766469968896674e-6	1.7406849607355331e-6	1.1174815990109752e-6	7.527273884917682e-7	5.620628420115341e-7	5.013914402516004e-7	5.566811479484173e-7	7.407191194178171e-7	1.0960689129238977e-6	1.7049139940684044e-6
239.0	0.4288	462.9	1000.0	1.0	6.0	5.885885888037242e-7	0.04358147716230674	0.027519448395539332	0.01727019569420299	0.010795757181612292	0.006731896428400446	0.0041913170448164	0.002607020821126789	0.0016206056321794358	0.0010070422359865546	0.0006256291944147992	0.0003886186264836251	0.0002413745275750954	0.00014991174134145081	9.310359220089201e-5	5.782186728470913e-5	3.591062541639747e-5	2.230379222885314e-5	1.3854985421069491e-5	8.610402006558615e-6	5.357168207532218e-6	3.3429134230331273e-6	2.1017959835496163e-6	1.3467765926116624e-6	9.032370616308517e-7	6.685967680957538e-7	5.885885888037242e-7	6.447083449400375e-7	8.499350734711391e-7	1.2517327118269858e-6	1.943026667407701e-6
240.0	0.3821	601.6	1000.0	1.0	6.0	5.251054187517477e-7	0.048648800894030925	0.030779313758233742	0.019340117183083375	0.012099239781320315	0.007548452350663143	0.004701168237745684	0.002924717022426884	0.0018183146945484241	0.001129983104264436	0.0007020394139349529	0.00043609451430703374	0.0002708670081679399	0.00016823051688645742	0.00010448105488966667	6.488770482269481e-5	4.029836936579593e-5	2.5027985521962577e-5	1.5545580272076918e-5	9.658360267752879e-6	6.004846247950785e-6	3.740100023367444e-6	2.3403499279021708e-6	1.4818695499975997e-6	9.661128889352253e-7	6.737972180255141e-7	5.373164190951754e-7	5.251054187517477e-7	6.343400166537195e-7	8.902835405291801e-7	1.3521294511880177e-6
241.0	0.4053	452.1	1000.0	1.0	6.0	5.972578814572881e-7	0.045992167103441506	0.029068682529806447	0.01825327020316116	0.01141456757534167	0.007119444053158248	0.004433259324219701	0.002757763481876655	0.0017144100375930916	0.0010653700719502998	0.0006618802379467969	0.00041114212532123535	0.00025536623619835404	0.00015860245435909243	9.850128505092171e-5	6.117413986140911e-5	3.799248972090435e-5	2.3596624688817526e-5	1.4657746652577355e-5	9.108736691647967e-6	5.66632408129077e-6	3.5343892003223034e-6	2.219875003499029e-6	1.4187676573389986e-6	9.457900490720508e-7	6.915532325471253e-7	5.972578814572881e-7	6.410954607508654e-7	8.332044773612465e-7	1.2180150305745292e-6	1.8845239240967598e-6
242.0	0.3609	325.1	856.6	1.0	6.0	7.588406451767365e-7	0.05135973190517542	0.03252852944427429	0.020452954428281645	0.012800873963097436	0.007988320997712807	0.004975950025807263	0.0030959888632973464	0.001924920589379495	0.0011962812458433444	0.0007432480728568375	0.0004616999129678144	0.0002867739643392023	0.00017811134728255805	0.00011061843055041965	6.870008515069323e-5	4.2667097221997735e-5	2.650075107342823e-5	1.6462946613664485e-5	1.0232473097242015e-5	6.3684773791692815e-6	3.977346436252176e-6	2.5060804719504036e-6	1.6144137217285367e-6	1.0961251770777616e-6	8.313466134049468e-7	7.588406451767365e-7	8.618381206802801e-7	1.1641596716607447e-6	1.735724517756872e-6	2.708719827968405e-6
243.0	0.266	355.6	753.6	1.0	6.0	7.936676654528374e-7	0.06842910777198227	0.04362724105619125	0.027548831836971495	0.017288830255735306	0.010807482661601916	0.006739238152897779	0.004195899760155807	0.0026098758492579697	0.001622382188091404	0.001008146902993368	0.0006263157971879706	0.00038904531995185654	0.00024163974916171892	0.00015007673558771787	9.320648191000143e-5	5.788643444808009e-5	3.595179757947595e-5	2.233108951945312e-5	1.3874720314461557e-5	8.627138454041515e-6	5.374776880474016e-6	3.365466794897425e-6	2.1345101470089143e-6	1.3972176188343915e-6	9.830708858961362e-7	7.962872276497113e-7	7.936676654528374e-7	9.746061411852051e-7	1.380949109401997e-6	2.106672989460383e-6
244.0	0.266	355.6	753.6	1.0	6.0	7.936676654528374e-7	0.06842910777198227	0.04362724105619125	0.027548831836971495	0.017288830255735306	0.010807482661601916	0.006739238152897779	0.004195899760155807	0.0026098758492579697	0.001622382188091404	0.001008146902993368	0.0006263157971879706	0.00038904531995185654	0.00024163974916171892	0.00015007673558771787	9.320648191000143e-5	5.788643444808009e-5	3.595179757947595e-5	2.233108951945312e-5	1.3874720314461557e-5	8.627138454041515e-6	5.374776880474016e-6	3.365466794897425e-6	2.1345101470089143e-6	1.3972176188343915e-6	9.830708858961362e-7	7.962872276497113e-7	7.936676654528374e-7	9.746061411852051e-7	1.380949109401997e-6	2.106672989460383e-6
245.0	0.2823	365.5	931.1	1.0	6.0	6.959485350682648e-7	0.06473382534925333	0.041212037981012896	0.025999526902283455	0.016306854870833085	0.010189818613901834	0.0063525870125750806	0.003954586805025141	0.0024595523435698013	0.001528849087532713	0.0009499918025105557	0.0005901736490461157	0.0003665900415413294	0.00022769058331854644	0.00014141242552497435	8.782504228741271e-5	5.45439795098472e-5	3.387556862512813e-5	2.104100677298117e-5	1.3072456536702783e-5	8.127163022626804e-6	5.061462198632435e-6	3.166352162382388e-6	2.003545479891964e-6	1.3041138831418371e-6	9.062953049080795e-7	7.180832914187166e-7	6.959485350682648e-7	8.347716045017745e-7	1.1666588085977082e-6	1.7683671498071483e-6
246.0	0.2129	331.6	715.0	1.0	6.0	8.237273180990023e-7	0.08406128276330024	0.0539215996829104	0.034184935458383324	0.021508125077362144	0.01346670106404202	0.008405958934524551	0.005236929565571799	0.0032586908357613493	0.002026205102331539	0.0012592749635692052	0.0007824046909404152	0.0004860309271512627	0.0003018894016143228	0.0001875004422004812	0.0001164501180785801	7.232212236582243e-5	4.491680342763857e-5	2.7898288776969296e-5	1.7331480095512286e-5	1.0772854003089311e-5	6.705675977603805e-6	4.189346433079019e-6	2.6419117458709182e-6	1.7054907073171292e-6	1.1635118650496638e-6	8.906280475441474e-7	8.237273180990023e-7	9.473368448134696e-7	1.2900442859228834e-6	1.931108908670423e-6
247.0	0.2301	189.2	616.8	1.0	6.0	1.1716476818821636e-6	0.07826958911843652	0.050092896951702	0.0317106539672778	0.019932442576162373	0.012472621545336246	0.007782503678252894	0.004847366480079344	0.0030158381725736475	0.0018750302027981374	0.0011652539014412305	0.0007239624783813966	0.000449716845422187	0.0002793301509531454	0.00017348833947860144	0.00010774823882397289	6.691936323072852e-5	4.1564182379451667e-5	2.5820632028361366e-5	1.6048353027190833e-5	9.987528577152345e-6	6.236535391450745e-6	3.92789312358616e-6	2.527678895441597e-6	1.7120593426776427e-6	1.2924013608787933e-6	1.1716476818821636e-6	1.3218704184775596e-6	1.7778117933309572e-6	2.644918171076898e-6	4.1237243705579034e-6
248.0	0.1823	177.6	608.1	1.0	6.0	1.2348964897654509e-6	0.09680524682989096	0.062407667272992726	0.039695236205065154	0.025028000923360313	0.015691679477841912	0.009803108009975019	0.006110602810025366	0.0038035980888029533	0.0023655095013674103	0.0014703400335604297	0.0009136155181854587	0.0005675676720448748	0.00035254563234059455	0.000218967111431761	0.00013599524730529384	8.44624017743715e-5	5.2458602051230076e-5	3.2585317420275544e-5	2.0247538327784057e-5	1.2592283147915507e-5	7.84924026839989e-6	4.921516093154875e-6	3.1320175304575423e-6	2.0668819480703535e-6	1.47976999422603e-6	1.2348964897654509e-6	1.2756275830582834e-6	1.6113828334673526e-6	2.319812985060921e-6	3.5647567395179446e-6
249.0	0.1798	159.2	613.6	1.0	6.0	1.2914147401686298e-6	0.09801930315115266	0.06322053620670447	0.040224966527347625	0.02536716932982134	0.01590639073565956	0.009938058863790572	0.006195040244609317	0.00385628062487769	0.0023983214589626	0.001490753674709883	0.000926306998900072	0.0005754548326338656	0.00035744587393046187	0.00022201115760562298	0.0001378861189187657	8.563703069807582e-5	5.318850596605636e-5	3.303925019514711e-5	2.0530462845203673e-5	1.276962534098994e-5	7.96201236266867e-6	4.995798615905654e-6	3.1849899675143312e-6	2.1107955195762633e-6	1.5247809081507342e-6	1.2914147401686298e-6	1.3567245345184442e-6	1.7358141999846111e-6	2.516356391009911e-6	3.8788665681833565e-6
250.0	0.1998	154.7	880.7	1.0	6.0	1.104294902425005e-6	0.08908175070747958	0.05725454631823461	0.03634481343300695	0.022886037629788795	0.014336991627311647	0.0089521655262168	0.005578376052990221	0.0034716068903344315	0.0021587675856607844	0.0013417293128670247	0.0008336608451206253	0.0005178815102925548	0.0003216768998875799	0.0001997920690147981	0.0001240851110502189	7.70649224812541e-5	4.786379125907807e-5	2.9730836463481418e-5	1.8473338626492783e-5	1.1488080859895547e-5	7.159676384776966e-6	4.487116607617651e-6	2.8523179278738806e-6	1.8771947235450666e-6	1.3362249499437025e-6	1.104294902425005e-6	1.1277642633655463e-6	1.4120604913527328e-6	2.0229335664928657e-6	3.1016608031772426e-6
251.0	0.1998	154.7	880.7	1.0	6.0	1.104294902425005e-6	0.08908175070747958	0.05725454631823461	0.03634481343300695	0.022886037629788795	0.014336991627311647	0.0089521655262168	0.005578376052990221	0.0034716068903344315	0.0021587675856607844	0.0013417293128670247	0.0008336608451206253	0.0005178815102925548	0.0003216768998875799	0.0001997920690147981	0.0001240851110502189	7.70649224812541e-5	4.786379125907807e-5	2.9730836463481418e-5	1.8473338626492783e-5	1.1488080859895547e-5	7.159676384776966e-6	4.487116607617651e-6	2.8523179278738806e-6	1.8771947235450666e-6	1.3362249499437025e-6	1.104294902425005e-6	1.1277642633655463e-6	1.4120604913527328e-6	2.0229335664928657e-6	3.1016608031772426e-6
252.0	0.2938	187.3	1000.0	1.0	6.0	9.250404385977867e-7	0.0623580283170551	0.03966289832593741	0.02500730054806593	0.01567857686142331	0.00979487342678016	0.006105450776842464	0.0038003836965989786	0.0023635075026425074	0.0014690944614669872	0.0009128410290037177	0.0005670861984988573	0.00035224622753416476	0.0002187806867466806	0.000135878747372757	8.438890604259119e-5	5.241112154565422e-5	3.25528743869407e-5	2.0222630721644973e-5	1.2569150881024293e-5	7.822533549712511e-6	4.885058290322881e-6	3.0773767445728436e-6	1.9814209665181997e-6	1.3437235557571258e-6	1.0168000562064087e-6	9.250404385977867e-7	1.0472225722044092e-6	1.4116038571862e-6	2.1024559859295485e-6	3.2795530236645527e-6
253.0	0.47	148.9	1000.0	1.0	6.0	1.047297499276842e-6	0.03991365468051007	0.025167830126661486	0.015780191885468666	0.009858737364132524	0.006145408492882538	0.00382531375896423	0.002379034356651814	0.0014787542806957174	0.0009188466850875707	0.0005708184612906933	0.0003545651190077816	0.00022022129328768197	0.0001367737784883095	8.494518131524534e-5	5.2757225424939054e-5	3.2768826291123525e-5	2.035836532853792e-5	1.2656056722772938e-5	7.88070854486201e-6	4.92795649803246e-6	3.11491939992938e-6	2.0222907855165754e-6	1.3973728122335806e-6	1.0956366533106786e-6	1.047297499276842e-6	1.2411752802236376e-6	1.7221086794113802e-6	2.6013241909160575e-6	4.082157333202899e-6	6.50707145476072e-6
254.0	0.4528	136.7	1000.0	1.0	6.0	1.0938874584282455e-6	0.04136707906485369	0.026098896129565466	0.016369801795206737	0.0102293984586993	0.006377358141653639	0.003970044622367464	0.002469180854456072	0.001534839812624083	0.0009537165808948684	0.0005924886506123076	0.0003680286329084775	0.00022858469113525498	0.00014196853355788396	8.81716490949952e-5	5.4761202639043464e-5	3.4013629722676844e-5	2.1131829735159078e-5	1.3137044202258766e-5	8.180452143788648e-6	5.115777048164896e-6	3.2342544650808057e-6	2.1007395279282587e-6	1.453078577798902e-6	1.1414828961232878e-6	1.0938874584282455e-6	1.2992841314504345e-6	1.8051755481774656e-6	2.7285601655583817e-6	4.282988001869661e-6	6.8279410903205995e-6
255.0	0.7663	178.1	1000.0	1.0	6.0	9.500692811760978e-7	0.024864319583914916	0.015588080602287679	0.009738001682270838	0.006069869502871386	0.0037781847917381633	0.0023496819214137233	0.0014604931865137957	0.0009074935632052962	0.0005637630523971654	0.0003501816341392873	0.00021749823251627582	0.0001350822457263947	8.389430421934487e-5	5.210409075860271e-5	3.23624288792418e-5	2.010473370455827e-5	1.2496538837087383e-5	7.778414189225146e-6	4.859228274447091e-6	3.0638623582548795e-6	1.9770966730451437e-6	1.3475892667063336e-6	1.0297498362967472e-6	9.500692811760978e-7	1.0901190583978641e-6	1.4822889017162016e-6	2.217277108021632e-6	3.465064885211449e-6	5.514223388437723e-6	8.838638623344158e-6
256.0	0.6622	162.7	1000.0	1.0	6.0	9.926230492715733e-7	0.02866102184499877	0.017994473854091343	0.01125161946803886	0.007017375466399937	0.004369531989005517	0.002718055376606167	0.0016896994249009426	0.0010500046349477357	0.0006523305345625661	0.0004052088827654651	0.0002516808389210149	0.00015631394399357715	9.70809161145142e-5	6.029361871446422e-5	3.7448250532198026e-5	2.3262827303552154e-5	1.4457202671670994e-5	8.99506911419631e-6	5.6132457609445636e-6	3.5296249073987555e-6	2.2623231243029807e-6	1.5182456251037464e-6	1.1253050060361526e-6	9.926230492715733e-7	1.0895132265198928e-6	1.4383834891384096e-6	2.1199181215841366e-6	3.2917362823624004e-6	5.224840635585904e-6	8.366280641625286e-6
257.0	0.6575	130.9	944.4	1.0	6.0	1.143002897194085e-6	0.028859985252646214	0.01812077224185197	0.011331137763714454	0.007067183129516711	0.00440062920387343	0.002737431651653574	0.0017017573695557872	0.001057502502723974	0.0006569906304624829	0.00040810443245551363	0.00025347976295363807	0.00015743161675325782	9.777556985823915e-5	6.072581120329027e-5	3.771789982558312e-5	2.3432282586167626e-5	1.4565649593048316e-5	9.067586917770315e-6	5.666605433648905e-6	3.57616709307061e-6	2.3128118915896596e-6	1.5843579011612195e-6	1.222331085099627e-6	1.143002897194085e-6	1.3280261619304688e-6	1.8201915913372714e-6	2.733323144286217e-6	4.2785995760342e-6	6.813386513956437e-6	1.0923863825519978e-5
258.0	0.7977	108.2	763.8	1.0	6.0	1.39192881441369e-6	0.023908986240141716	0.01498368006596336	0.009358271001989637	0.005832334038951043	0.0036300035060616775	0.002257399947189312	0.0014030844220523486	0.0008718032065042467	0.0005415840839800099	0.00033640283609882865	0.00020893992702676828	0.00012976780426655709	8.05956605482384e-5	5.005874387081634e-5	3.109748962722007e-5	1.932770862576971e-5	1.2027741658346728e-5	7.509430972681504e-6	4.727852310875552e-6	3.0397104616622388e-6	2.0545834846934375e-6	1.544635919154248e-6	1.39192881441369e-6	1.5611441046121237e-6	2.0914161808090184e-6	3.105381294888369e-6	4.83753639411736e-6	7.688461630441984e-6	1.2317435970995978e-5	1.979483618367954e-5
259.0	0.7027	136.4	1000.0	1.0	6.0	1.0900710894967365e-6	0.02705384642877598	0.01697497355155819	0.010610015994413283	0.006615606360446287	0.004118732197157938	0.0025618021245019567	0.0015924690349829412	0.00098954776073437	0.0006147568099104868	0.0003818638509289613	0.00023717901187898555	0.0001473066515213968	9.148700471395079e-5	5.6820122776222045e-5	3.529212760035305e-5	2.1925528785244698e-5	1.3629484779689784e-5	8.48551556836731e-6	5.304014260168496e-6	3.349199311137565e-6	2.1689757646005803e-6	1.4903875913924428e-6	1.1564934238259285e-6	1.0900710894967365e-6	1.275758279002362e-6	1.756499328888239e-6	2.643476178674625e-6	4.141819145068419e-6	6.598040636858147e-6	1.0580153853475923e-5
260.0	0.9879	99.84	731.2	1.0	6.0	1.507275861875409e-6	0.019395094710653746	0.01213388865472511	0.007570168950628956	0.0047147322978871205	0.002933170779500183	0.0018235764593996363	0.0011332555255140397	0.0007040738071705024	0.00043735925648508644	0.00027165378305017533	0.0001687209707370601	0.00010478849659727105	6.508319182461624e-5	4.0427095423069116e-5	2.5119715211767694e-5	1.5621526022010362e-5	9.736085687298461e-6	6.102327172700663e-6	3.879881575565697e-6	2.554760525756072e-6	1.8204977105568608e-6	1.507275861875409e-6	1.5426537778602236e-6	1.9348126545299424e-6	2.774447249526072e-6	4.255738406673897e-6	6.721254232531514e-6	1.0741155987018628e-5	1.7245004974854426e-5	2.773659658181249e-5
261.0	0.9138	91.55	746.6	1.0	6.0	1.5723834545893758e-6	0.02093491045163396	0.013104928213465887	0.008179011809727136	0.005095101383874248	0.003170267247026358	0.001971158622635608	0.0012250385210999639	0.0007611235837766826	0.000472807810211488	0.00029367551750626405	0.0001823997479576877	0.00011328434094925404	7.035962885611477e-5	4.370391995684976e-5	2.715458186739414e-5	1.6884977210745916e-5	1.0520300444656166e-5	6.588666074892079e-6	4.1808200112848645e-6	2.739897477089852e-6	1.9326507922268125e-6	1.5723834545893758e-6	1.5757738291826597e-6	1.9436051412379187e-6	2.7609458242877755e-6	4.216820811883563e-6	6.647920558208126e-6	1.0616448061496359e-5	1.70400866148316e-5	2.740409040571019e-5
262.0	0.8419	115.6	647.6	1.0	6.0	1.4721096175059672e-6	0.02268223415003957	0.014208211429033914	0.008871318440739549	0.005527827736688847	0.0034400830002386446	0.00213913939454757	0.0013295201031481739	0.0008260712167161882	0.0005131655470675178	0.0003187475310140924	0.00019797319510699623	0.00012295660582322833	7.636599512034549e-5	4.743287507739131e-5	2.9468300647968865e-5	1.8318476147523295e-5	1.140507990852666e-5	7.12934236700609e-6	4.5024345821412645e-6	2.9168308442925743e-6	2.0058231199123324e-6	1.5587177538678032e-6	1.4721096175059672e-6	1.7259676365885225e-6	2.379001637982484e-6	3.5822384965135413e-6	5.613945433282086e-6	8.943971624870446e-6	1.4342373390535075e-5	2.30574056360888e-5
263.0	0.8363	108.0	857.5	1.0	6.0	1.3148055312848751e-6	0.022830649786945885	0.014301990941607973	0.008930191620507174	0.00556463692856816	0.0034630385325734535	0.002153432515050268	0.0013384107850904106	0.0008315979905007806	0.0005165997988976111	0.00032088088942030537	0.000199298041364027	0.00012377895552892414	7.687588867827986e-5	4.7748181602130514e-5	2.966192132035017e-5	1.843518263795422e-5	1.1471860612954921e-5	7.161640973896247e-6	4.5077205764451964e-6	2.8963265964919542e-6	1.9547863763610444e-6	1.4653448396999974e-6	1.3148055312848751e-6	1.468351793054196e-6	1.961494298461492e-6	2.9082825865722693e-6	4.527678480148667e-6	7.1941871700066224e-6	1.1524445946487017e-5	1.851977083604379e-5
264.0	0.9074	79.33	757.2	1.0	6.0	1.6579050604803316e-6	0.021079453757285472	0.01319613887159552	0.00823622414019059	0.005130853332917856	0.0031925561406881673	0.001985033871997764	0.0012336682605633554	0.0007664878577464237	0.00047614114383692465	0.0002957464780237143	0.00018368639305685905	0.00011408389273096756	7.085687107055674e-5	4.4013801926772945e-5	2.734875256868642e-5	1.7008336458454312e-5	1.0601375632052815e-5	6.646207025843074e-6	4.228134295849545e-6	2.787927690043669e-6	1.992505227347186e-6	1.6579050604803316e-6	1.706741721148951e-6	2.1503088411753042e-6	3.0911900185260805e-6	4.74698005626199e-6	7.500599257348463e-6	1.1988826172567383e-5	1.9249497142112885e-5	3.0961344117513026e-5
265.0	0.9751	79.38	719.2	1.0	6.0	1.6797729472291383e-6	0.019644688960796255	0.012291210387743981	0.007668779292391295	0.00477632628867354	0.0029715597070589157	0.0018474701316461251	0.0011481146482911595	0.0007133096845057034	0.00044309817734630377	0.0002752192647706483	0.00017093617756656316	0.00010616519723352586	6.59395713514541e-5	4.0961132782381454e-5	2.5454889766620578e-5	1.583534414446622e-5	9.87799421111083e-6	6.205144712706867e-6	3.967386927909828e-6	2.6471915421776375e-6	1.9392315599109795e-6	1.6797729472291383e-6	1.8088085391717881e-6	2.3561797864155367e-6	3.448476741053024e-6	5.338310387869396e-6	8.462722231943431e-6	1.3544226312413226e-5	2.175781690351216e-5	3.50024746242874e-5
266.0	0.9887	61.56	857.1	1.0	6.0	1.7424648293785874e-6	0.019379705501728423	0.012124189675992393	0.007564089968465539	0.004710935423616817	0.0029308044530159103	0.0018221037294909156	0.001132339784202416	0.0007035048114166296	0.0004370060079159771	0.00027143481375325643	0.0001685857268839906	0.0001047057335331746	6.503378146606799e-5	4.0399615317581254e-5	2.510781176816344e-5	1.5622446977676382e-5	9.750044331362591e-6	6.132551961103282e-6	3.933362878750881e-6	2.643867422315221e-6	1.9658386454981445e-6	1.7424648293785874e-6	1.922084277155828e-6	2.5462369711211162e-6	3.759269768324303e-6	5.841714390955206e-6	9.275151600618505e-6	1.4853546817290666e-5	2.386676372984254e-5	3.8398587335470665e-5
267.0	1.013	74.04	836.5	1.0	6.0	1.6130751685634389e-6	0.01892362109315283	0.011836795984552466	0.007383981477733474	0.004598448519991741	0.002860700997877784	0.0017784725321794428	0.0011052070004097683	0.0006866405083642858	0.00042652733364738143	0.00026492503072989525	0.00016454186793735213	0.0001021935456650354	6.347263675944991e-5	3.942860359002109e-5	2.450241620522003e-5	1.5242674603797693e-5	9.508070378399273e-6	5.9724162491096854e-6	3.818030690339927e-6	2.546665350408441e-6	1.86428614343505e-6	1.6130751685634389e-6	1.7349327607068403e-6	2.2580403907228744e-6	3.3033769203514138e-6	5.112693547407443e-6	8.104412983590473e-6	1.2970368313062467e-5	2.083572273952767e-5	3.35189711433327e-5
268.0	1.128	67.69	737.2	1.0	6.0	1.807337920001635e-6	0.017027207591179837	0.010642876409772016	0.006636178678862891	0.00413157244792115	0.002569801254642765	0.0015974465019848389	0.000992642906759257	0.0006166808983156846	0.00038306011409213733	0.00023792343744615533	0.00014777114596994543	9.177889416817082e-5	5.700687590097194e-5	3.541692133964627e-5	2.201721946575589e-5	1.3709276284617135e-5	8.571861102212479e-6	5.4168833965818965e-6	3.5146961207636306e-6	2.425376026990156e-6	1.8969909661396197e-6	1.807337920001635e-6	2.1356813042216775e-6	2.957956601181254e-6	4.464329152227962e-6	7.0031661201135355e-6	1.116158176267674e-5	1.790116078862451e-5	2.878018689779671e-5	4.631361136481799e-5
269.0	0.9294	84.75	631.3	1.0	6.0	1.7375025011589042e-6	0.020590754337397835	0.012887797142875374	0.008042831308881107	0.005010008575182181	0.0031172202071950124	0.0019381369120705103	0.0012045011449507517	0.0007483579127442058	0.0004648758017687603	0.0002887482210504222	0.00017933972790594568	0.00011138470646184119	6.918135363147268e-5	4.297461685522562e-5	2.670562589197356e-5	1.661255260391293e-5	1.0361408202817307e-5	6.506560466142405e-6	4.1565127840209875e-6	2.767767252792826e-6	2.019143324382518e-6	1.7375025011589042e-6	1.857707402938012e-6	2.4075570891462086e-6	3.514214664774071e-6	5.433611918812394e-6	8.609626513470525e-6	1.3776703818478392e-5	2.212962074893896e-5	3.559955884893745e-5
270.0	0.6664	69.12	704.8	1.0	6.0	1.8212499696305785e-6	0.02848553166784425	0.01788309185564811	0.01118149902490491	0.006973456868995807	0.0043421126557683975	0.0027009712675453443	0.0016790682873795977	0.0010433944189173628	0.0006482227653700819	0.00040265751035289076	0.0002500973251848976	0.0001553326500693434	9.647511873387939e-5	5.992329821743978e-5	3.7227793691097296e-5	2.3141260249435572e-5	1.4406414583055736e-5	9.00331573480484e-6	5.682435090372823e-6	3.675759229638587e-6	2.5192002317716416e-6	1.9452755294161916e-6	1.8212499696305785e-6	2.118438487447436e-6	2.9055712835710614e-6	4.364686516775663e-6	6.833222978777033e-6	1.0882039208884195e-5	1.7447380414854444e-5	2.804725489885623e-5
271.0	0.6293	74.79	552.7	1.0	6.0	1.9824742662027463e-6	0.030114297105595152	0.01891743048727238	0.011832895786379194	0.007381537536631541	0.0045969223034033535	0.00285974994808527	0.0017778807423732394	0.0011048391718146968	0.0006864121771408355	0.000426385926181659	0.0002648379330330557	0.00016448897110264287	0.00010216262927252073	6.345655568219547e-5	3.9423640625806084e-5	2.4507424300825565e-5	1.5258812328123315e-5	9.539070144088478e-6	6.025447688568629e-6	3.905358847644242e-6	2.6884873071757695e-6	2.0934021094160334e-6	1.9824742662027463e-6	2.3300476772099208e-6	3.2165047306121834e-6	4.846852985061079e-6	7.598128138078275e-6	1.210656545150742e-5	1.941467243896522e-5	3.1212144035170034e-5
272.0	0.5588	92.14	501.8	1.0	6.0	1.863469707069234e-6	0.03378522875965689	0.021253379410806062	0.013305903931146487	0.008305080088523698	0.005173883445914129	0.0032193832933026995	0.002001734613773997	0.0012440554908798244	0.0007729447202356311	0.00048015355338574547	0.00029823955467028865	0.00018523562685285813	0.00011504716204719742	7.145679520629217e-5	4.438906719719695e-5	2.758612544469578e-5	1.7162706835652877e-5	1.0708442504202707e-5	6.73073128033512e-6	4.309664055908144e-6	2.8853188463002606e-6	2.128282100456345e-6	1.863469707069234e-6	2.029636204042463e-6	2.6652100689536664e-6	3.917179138590894e-6	6.075078922471813e-6	9.637937852534263e-6	1.5429644712625914e-5	2.4789373968987026e-5
273.0	0.5285	90.56	548.1	1.0	6.0	1.8147950145226074e-6	0.03565313384952238	0.02244452582892445	0.014058032650240746	0.008777047535480472	0.005468890322040709	0.003403328871078994	0.002116255213542749	0.0013152858168969373	0.0008172228232587483	0.0005076674558190719	0.0003153323418287171	0.00019585266491747825	0.00012164092504549345	7.555111539538693e-5	4.693042477653251e-5	2.9162109420978818e-5	1.81377422309504e-5	1.1308008681056424e-5	7.093485334029962e-6	4.519499546275445e-6	2.990764837917122e-6	2.1537255187324623e-6	1.8147950145226074e-6	1.8955862724625468e-6	2.4147829446524806e-6	3.4924589168901288e-6	5.377843531998779e-6	8.50694907089813e-6	1.3603374368989305e-5	2.1845562752631683e-5
274.0	0.4687	111.2	648.5	1.0	6.0	1.490441718500571e-6	0.040019929121561625	0.025235874412621335	0.015823267611782942	0.009885811499394274	0.006162348564832846	0.0038358831280588296	0.0023856172901041695	0.001482849905322454	0.0009213931851350764	0.0005724012907510842	0.0003555490019717631	0.00022083325963607984	0.00013715516189674823	8.518411011389844e-5	5.2908928856297015e-5	3.2868378619287104e-5	2.042878645658848e-5	1.271363186303727e-5	7.938752948617966e-6	4.999894348868041e-6	3.2173882931665166e-6	2.1789895228315912e-6	1.6445423512891147e-6	1.490441718500571e-6	1.6810472030770634e-6	2.2604400141341053e-6	3.3626162055120734e-6	5.242471987430861e-6	8.334742171133735e-6	1.3354509656411556e-5
275.0	0.4059	111.2	584.3	1.0	6.0	1.5732290974275103e-6	0.045927304602268744	0.029026960819109642	0.018226780197220627	0.011397886999684219	0.007108995018123873	0.004426735229157607	0.002753698384107557	0.0017118804494080748	0.0010637974167157218	0.00066090329354655	0.0004105359109228114	0.0002549909200655116	0.0001583713776718888	9.836106016516091e-5	6.109235711552753e-5	3.795024275359152e-5	2.3584145859133307e-5	1.4672151079067243e-5	9.153356294253807e-6	5.751478611738822e-6	3.6797731458040623e-6	2.459112581217887e-6	1.807189313244248e-6	1.5732290974275103e-6	1.703121963212754e-6	2.226907764676203e-6	3.2657223117314422e-6	5.059808661778429e-6	8.024067711372406e-6	1.2843983263346326e-5
276.0	0.5706	85.8	365.1	1.0	6.0	2.29040811144647e-6	0.033109688015048475	0.020823013705857985	0.013034325353039276	0.008134728606867377	0.005067429996969521	0.0031530165925004084	0.0019604201670646287	0.0012183601585579072	0.0007569729271033522	0.00047022960582761286	0.0002920752981554305	0.00018140811794619503	0.0001126722277365286	6.99855679270873e-5	4.3481439165424606e-5	2.7032241611401457e-5	1.6834488747233777e-5	1.0529989161171751e-5	6.660773627067568e-6	4.3320236413492705e-6	3.005167345158335e-6	2.3733378318401977e-6	2.29040811144647e-6	2.7371969739769934e-6	3.817031394132751e-6	5.779638167292903e-6	9.07888460346527e-6	1.4477707044436317e-5	2.3224454395654973e-5	3.7341325956911236e-5
277.0	0.8334	102.7	405.3	1.0	6.0	1.9670946199162917e-6	0.022908273838517103	0.014351043579614765	0.008960987746406664	0.0055838922654662644	0.0034750472095931638	0.0021609099081573322	0.0013430622171554064	0.0008344899349853285	0.00051839750516934	0.00032199874015138684	0.00019999403576701107	0.00012421385560892903	7.715019786964682e-5	4.792531105349182e-5	2.978282547472582e-5	1.8527819506747907e-5	1.1557653391761702e-5	7.2604310258056115e-6	4.6423556676766294e-6	3.097944804699855e-6	2.270017500623509e-6	1.9670946199162917e-6	2.119116664073539e-6	2.7612407178150894e-6	4.041969145945586e-6	6.257487805745979e-6	9.920148344665131e-6	1.587691423131459e-5	2.5505115569711862e-5	4.1030659476627406e-5
278.0	1.252	105.1	371.5	1.0	6.0	2.038355734890866e-6	0.015366726297253847	0.009598909697881956	0.005982854472651737	0.003723899385971994	0.002315873904185005	0.0014394609972222631	0.0008944183988781961	0.0005556384924904925	0.0003451354327423972	0.0002143659319915065	0.0001331404228620561	8.269424665738238e-5	5.136840103935151e-5	3.192101553242261e-5	1.985552950391356e-5	1.2381916730268444e-5	7.771867823582839e-6	4.959244859329177e-6	3.2935739997168024e-6	2.3896308002211432e-6	2.038355734890866e-6	2.158506693107978e-6	2.7778697554461947e-6	4.039683250617995e-6	6.235758638673847e-6	9.873951302698211e-6	1.5795567245757097e-5	2.536981085307334e-5	4.081011962066331e-5	6.568522128405559e-5
279.0	1.673	69.15	321.4	1.0	6.0	2.6844521301394937e-6	0.01154443598126232	0.007200801166677619	0.004484059077829357	0.002789418271629985	0.001734110203258062	0.0010776211903556219	0.0006694961425112578	0.0004158766450235919	0.0002583114433462424	0.00016043838552852894	9.965211734953653e-5	6.190586871637703e-5	3.8474283880942114e-5	2.393988803892096e-5	1.4941859127683508e-5	9.399403789231331e-6	6.0307694716247815e-6	4.056900657198865e-6	3.021297653829375e-6	2.6844521301394937e-6	2.9684586460966716e-6	3.938996620221758e-6	5.82051537039069e-6	9.048129180786945e-6	1.4368209549629002e-5	2.3010899798949825e-5	3.697434806104704e-5	5.94861283118087e-5	9.574787381129e-5	0.00015413354654697948
280.0	1.518	76.36	347.1	1.0	6.0	2.509611637855855e-6	0.01270823251766631	0.007930228836815063	0.004939655304026572	0.003073364541513231	0.0019108380259752367	0.0011875237116656392	0.000737805715228621	0.0004583200498702002	0.00028467722936965424	0.00017681370704740018	0.00010982011435398426	6.821659281872889e-5	4.23866586687941e-5	2.635852662733317e-5	1.6426050395007088e-5	1.0292374742224769e-5	6.539031947790105e-6	4.297999938408126e-6	3.0509931513395166e-6	2.509611637855855e-6	2.548646579157291e-6	3.177123390385628e-6	4.540386666488864e-6	6.953706629925654e-6	1.0975171120536021e-5	1.7534698583883126e-5	2.814895041460436e-5	4.527169263623437e-5	7.286023691759778e-5	0.00011728792755627328
281.0	1.896	72.36	623.1	1.0	6.0	1.933505972238455e-6	0.01020047816612544	0.006359258311391342	0.003958749948700408	0.0024621456902267024	0.0015304629167759984	0.0009509956776064756	0.000590798321768943	0.00036697943571699734	0.00022793454539524687	0.0001415672968791482	8.792660980052638e-5	5.461572142529374e-5	3.393407263254747e-5	2.1099801800758108e-5	1.3145139940987303e-5	8.230544667378795e-6	5.219451951850393e-6	3.4154896315239224e-6	2.4014507062839715e-6	1.942813537027146e-6	1.933505972238455e-6	2.3713741251581e-6	3.357682937012003e-6	5.1205320167524105e-6	8.067597690118051e-6	1.2880387106137522e-5	2.0671771159409583e-5	3.3243146960274984e-5	5.3500489694573824e-5	8.612495732465232e-5
282.0	1.355	102.9	530.0	1.0	6.0	1.7488175023291763e-6	0.01421523625992082	0.008875728378131463	0.005530584921016702	0.0034418024937450304	0.0021402100770979695	0.00133018618671447	0.0008264854309346184	0.0005134231802106578	0.00031890797093842336	0.0001980734720733968	0.00012301988239322363	7.640689450722477e-5	4.746085207450425e-5	2.9489824059766336e-5	1.8338523230514443e-5	1.1428286876253036e-5	7.1610764102114005e-6	4.550035055901039e-6	2.9913066963335427e-6	2.1243989698111593e-6	1.7488175023291763e-6	1.7776988130616652e-6	2.217721315682817e-6	3.1706486307236852e-6	4.856861122572048e-6	7.666313899401185e-6	1.2248695367931932e-5	1.966360935306668e-5	3.162543894571023e-5	5.089932822852121e-5
283.0	1.548	117.5	440.7	1.0	6.0	1.760031168472527e-6	0.012465019411183106	0.007777737712272941	0.00484438925379081	0.003013982540680561	0.0018738753260561921	0.0011645359096244378	0.0007235165640532031	0.0004494403606047684	0.0002791593368702315	0.00017338376233944511	0.0001076857398911735	6.688449853133677e-5	4.1548892554144095e-5	2.5821382464348436e-5	1.6065317894928456e-5	1.002463172755984e-5	6.3023580795162065e-6	4.037658758370975e-6	2.7067739091028025e-6	2.0019044626230695e-6	1.760031168472527e-6	1.9252138482797242e-6	2.5356536427886066e-6	3.732526035487694e-6	5.7926254958394716e-6	9.192365673515981e-6	1.4717920708813401e-5	2.364693902718966e-5	3.804374670508489e-5	6.123603131154519e-5
284.0	1.068	94.79	392.6	1.0	6.0	2.1274586206307357e-6	0.01796660242940672	0.01123407251361617	0.007006385106707635	0.004362670478803246	0.0027137803100940085	0.0016870393626610236	0.001048351060158503	0.0006513036012059934	0.0004045720837691267	0.00025128728253413644	0.00015607275804777708	9.693637691478135e-5	6.021231959510436e-5	3.741139728093252e-5	2.3261899825085364e-5	1.4491987744781007e-5	9.073612264919238e-6	5.753712529341134e-6	3.764502308187191e-6	2.645933173969365e-6	2.139308733179063e-6	2.1274586206307357e-6	2.607640643838201e-6	3.6909050755641498e-6	5.627772649821616e-6	8.86615954939394e-6	1.4154931276416855e-5	2.271699647477065e-5	3.653187290244012e-5	5.879281578764223e-5
285.0	1.128	101.1	337.8	1.0	6.0	2.1903443730237495e-6	0.017027207612536784	0.010642876444155255	0.006636178734233591	0.004131572537080248	0.002569801398209169	0.0015974467331599375	0.000992643279009429	0.000616681497743254	0.00038306107932546153	0.000237924991735117	0.00014777364877620016	9.178292434854024e-5	5.701336553904671e-5	3.542737135450776e-5	2.2034046738646715e-5	1.3736372598377086e-5	8.615493260359959e-6	5.487142561732072e-6	3.6278317245445203e-6	2.6075537849503992e-6	2.1903443730237495e-6	2.279712428618348e-6	2.8963245394349725e-6	4.182782401110788e-6	6.4365960217334875e-6	1.0178971356656932e-5	1.627530163458129e-5	2.6135178213860054e-5	4.2038045601307045e-5	6.765947192191612e-5
286.0	1.746	131.1	478.7	1.0	6.0	1.597502273033381e-6	0.011067107550454895	0.006901814893262956	0.004297386823305422	0.002673104542785102	0.0016617272074280329	0.0010326115598897545	0.0006415209868944031	0.00039849328682016173	0.00024751005130923615	0.0001537249055567636	9.547543715802694e-5	5.930061737282425e-5	3.6838155815163854e-5	2.2894571593575082e-5	1.4245629460849351e-5	8.891251086298563e-6	5.593173961951288e-6	3.588657897549595e-6	2.4141142086971405e-6	1.7979008202230244e-6	1.597502273033381e-6	1.7665705210826902e-6	2.3442056400919874e-6	3.463996894940005e-6	5.384913799779227e-6	8.551185874431435e-6	1.3695006301350562e-5	2.2005775991138205e-5	3.5404935925329454e-5	5.698970527763116e-5
287.0	1.334	190.5	471.4	1.0	6.0	1.3352476869586388e-6	0.014435783286254085	0.009014191470425743	0.0056171589031591565	0.0034957942596148366	0.002173828143212286	0.00135109762143675	0.0008394847760435163	0.0005215007413615174	0.00032392567356309606	0.00020118939487367968	0.00012495374269630205	7.760559471363954e-5	4.82014879281276e-5	2.9943635673524324e-5	1.8610447094014175e-5	1.158120532334283e-5	7.230353197511793e-6	4.5516912867742905e-6	2.925725017047171e-6	1.9764116320844874e-6	1.4841983525450713e-6	1.3352476869586388e-6	1.495110392813346e-6	2.0007579278103906e-6	2.9691318134365203e-6	4.624185715442088e-6	7.3486705852445324e-6	1.1772629319655329e-5	1.891904086966742e-5	3.044022810208912e-5
288.0	1.146	161.0	579.2	1.0	6.0	1.3276093575566556e-6	0.016764248861024223	0.010477462590275698	0.006532626502661163	0.004066942525949646	0.002529539867868811	0.001572394958752671	0.000977066537917088	0.0006070001187760827	0.0003770448098011939	0.0002341858103414862	0.00014544807947792333	9.033362036355976e-5	5.610532950947072e-5	3.485066929539431e-5	2.1655328768019003e-5	1.346806048996774e-5	8.395536416586394e-6	5.264671306794512e-6	3.3513938541004917e-6	2.2132155432646525e-6	1.5869043567943853e-6	1.3276093575566556e-6	1.3753613318779683e-6	1.7412034975319505e-6	2.509744667604073e-6	3.858724842059513e-6	6.100115485531288e-6	9.752253027279636e-6	1.565967027418581e-5	2.5188291985296384e-5
289.0	0.8816	190.3	608.3	1.0	6.0	1.1778873854943535e-6	0.02168296484395751	0.013577079218361732	0.008475213769718005	0.005280214545748325	0.0032856790582996387	0.0020430069526099913	0.0012697253950857434	0.0007889009484016058	0.0004900678369112718	0.00030439767288832024	0.00018905904941467422	0.00011741909598528443	7.292540608087356e-5	4.529385455826342e-5	2.8136286162879864e-5	1.748545782298096e-5	1.0878420137127045e-5	6.787244305759023e-6	4.265781417782099e-6	2.7308909793181256e-6	1.8275931011490178e-6	1.3469770191510018e-6	1.1778873854943535e-6	1.2812173414587935e-6	1.6808640157716666e-6	2.469254495779435e-6	3.828719520532605e-6	6.073655536256433e-6	9.723219184232352e-6	1.56213485053858e-5
290.0	0.6564	161.5	715.3	1.0	6.0	1.1865755498664147e-6	0.028906950720340042	0.018150587884925656	0.011349911007474216	0.007078942516586713	0.00440797130244171	0.0027420064866523165	0.0017046043376859952	0.0010592728160881248	0.0006580909283798563	0.00040878811013206996	0.0002539045234682373	0.00015769553728600704	9.793962754230131e-5	6.082792519719724e-5	3.7781677676222514e-5	2.347247121429076e-5	1.4591542396263745e-5	9.085171841460365e-6	5.6799492875464085e-6	3.588355943557303e-6	2.3266647507529076e-6	1.6030786145077154e-6	1.2502493460824118e-6	1.1865755498664147e-6	1.3973305326358735e-6	1.931255998311668e-6	2.911833612088186e-6	4.565839675531082e-6	7.275783236412244e-6	1.1668345308738728e-5
291.0	0.8521	163.8	1000.0	1.0	6.0	1.0109904069988103e-6	0.022416805807466047	0.014040521514991912	0.008766056027614901	0.005462018728404876	0.0033990436575105742	0.002113586985721197	0.001313625880495667	0.000816190524974175	0.0005070253048721297	0.00031493230807647104	0.0001956024165068923	0.00012148265714544924	7.544825187054054e-5	4.685918624177449e-5	2.9106024052953733e-5	1.8083840269684903e-5	1.1243824350612952e-5	7.004174414601301e-6	4.384406404443536e-6	2.7786453751523824e-6	1.8155211752217914e-6	1.2722867083779998e-6	1.0233044709391242e-6	1.0109904069988103e-6	1.2324962057391349e-6	1.7390502338657077e-6	2.647804367672556e-6	4.168925343528256e-6	6.654193215897785e-6	1.0678337846437758e-5
292.0	0.6396	121.5	1000.0	1.0	6.0	1.1511058091245567e-6	0.02964372057598439	0.018618460719819523	0.011644560327800738	0.007263530130714122	0.004523229095138679	0.0028138264592327887	0.0017492998265983117	0.0010870658327327043	0.0006753648898510423	0.00041952091889871856	0.000260571811148421	0.00016183674423145275	0.00010051153892884814	6.242498854680218e-5	3.877311301810588e-5	2.4087519925553957e-5	1.4972430425487224e-5	9.319982139515176e-6	5.822985283659394e-6	3.67269760082253e-6	2.371818035332847e-6	1.6194863517155665e-6	1.241706251270222e-6	1.1511058091245567e-6	1.3267308643087235e-6	1.8091985645373226e-6	2.7100900463710565e-6	4.2377533858369025e-6	6.745481180577153e-6	1.081319636534178e-5
293.0	0.4384	114.8	1000.0	1.0	6.0	1.205054094155765e-6	0.04266786525226132	0.02693306608078323	0.016898408097623187	0.01056185110730045	0.006585453654807377	0.004099912810936908	0.0025500784856824026	0.0015851743504179136	0.0009850122117235566	0.0006119381044867412	0.00038011266422442394	0.00023609132818852224	0.00014663129722329043	9.106793299747018e-5	5.656046842650662e-5	3.513186011639295e-5	2.1827590184312096e-5	1.3571227213703958e-5	8.453466547580322e-6	5.290762015213923e-6	3.351679061402157e-6	2.1877610850495402e-6	1.5298231419555037e-6	1.2256997845305764e-6	1.205054094155765e-6	1.4631107313297411e-6	2.0595510199774113e-6	3.132314241374217e-6	4.929495454104666e-6	7.866712380102832e-6
294.0	0.4376	90.44	833.2	1.0	6.0	1.4607504500310193e-6	0.04274253399680609	0.02698097513523655	0.0169287779141033	0.010580955465984058	0.006597413459411164	0.004107377333137191	0.002554728579178625	0.0015880678034634922	0.0009868113714232433	0.000613056430770493	0.0003808077795877192	0.00023652360331384329	0.00014690055587141326	9.123639024437701e-5	5.6667062197630236e-5	3.52012345699543e-5	2.1875786790912647e-5	1.3609391544194217e-5	8.490424693933048e-6	5.335061421507426e-6	3.413565157805839e-6	2.281546775978418e-6	1.6771989712555134e-6	1.4607504500310193e-6	1.5821412810533298e-6	2.069445241402305e-6	3.0353612789335177e-6	4.703274312302979e-6	7.458908597256856e-6	1.193950919481453e-5
295.0	0.4406	94.82	1000.0	1.0	6.0	1.3190938965176003e-6	0.04246386496957951	0.0268021892252873	0.0168154502301099	0.01050966813315263	0.006552786751599674	0.00407952471256582	0.0025373778015903865	0.0015772718073554684	0.0009800987573562257	0.0006088845676929509	0.0003782156103776228	0.0002349130834829679	0.00014589977324114208	9.061410364321061e-5	5.6279434253620775e-5	3.495864762873502e-5	2.172214817829136e-5	1.3509172704638412e-5	8.420448994497478e-6	5.279145677257855e-6	3.3587775233966073e-6	2.2152161389189006e-6	1.5839845680524253e-6	1.3190938965176003e-6	1.3592807875246714e-6	1.7138388243909538e-6	2.4647671911579363e-6	3.7857326855558462e-6	5.982228322909567e-6	9.56220919675307e-6
296.0	0.3973	124.2	954.1	1.0	6.0	1.166793884965082e-6	0.046874843224703276	0.02963665682338795	0.018613973752489923	0.011641734099281329	0.0072617594002077936	0.004522123362939636	0.002813137422147349	0.0017488710116875658	0.0010867991826862893	0.0006751991667727883	0.00041941796168559514	0.00026050787249134506	0.0001617970613662414	0.00010048694366682883	6.24097962080646e-5	3.8763811380010856e-5	2.4081958263644933e-5	1.4969322664787443e-5	9.318609586808036e-6	5.823030529753374e-6	3.6741711271063864e-6	2.375060637595838e-6	1.6252479798079034e-6	1.2513194458147927e-6	1.166793884965082e-6	1.3521220922026857e-6	1.850165281849158e-6	2.7761066913789894e-6	4.344087459218108e-6	6.916723504116489e-6
297.0	0.3679	194.6	847.9	1.0	6.0	9.96854500750145e-7	0.05043180656032753	0.03192937738015721	0.02007161040591721	0.012560372710416406	0.00783751943147782	0.004881735374901209	0.003037260749132964	0.0018883645302243417	0.0011735465165967972	0.000729116814934335	0.0004529194001653499	0.0002813194478819945	0.00017472362765904887	0.00010851489283699456	6.739456996391336e-5	4.185779930415329e-5	2.6000548116507123e-5	1.615617195585764e-5	1.0048183854175829e-5	6.26405425526478e-6	3.928639697071003e-6	2.5018257014570622e-6	1.6536270416216223e-6	1.187875825475409e-6	9.96854500750145e-7	1.0363840170293462e-6	1.3156062320155084e-6	1.8990977763582362e-6	2.9218037279616126e-6	4.620243385716884e-6
298.0	0.2929	199.6	600.8	1.0	6.0	1.1843479965375344e-6	0.06253765229046584	0.039779922365789686	0.02508221331966352	0.015725995002786024	0.009824674602769017	0.006124096230643894	0.0038120167230118376	0.002370752731162103	0.001473602006104469	0.0009156434956336553	0.0005688279134806922	0.0003533285354165158	0.00021945333222513465	0.00013629707911431713	8.464959047308304e-5	5.257441672691131e-5	3.2656534440575075e-5	2.0290625148486116e-5	1.2617203499748998e-5	7.861757179418474e-6	4.924524257859848e-6	3.1262126037345223e-6	2.0509213396545593e-6	1.44996236873086e-6	1.1843479965375344e-6	1.1926475440333188e-6	1.4767799902144391e-6	2.1024573161966666e-6	3.2143804324884346e-6	5.069700478821462e-6
299.0	0.4095	232.8	978.9	1.0	6.0	8.565667831081819e-7	0.0455419392458693	0.028779124021780293	0.018069440661850913	0.011298818132388689	0.007046938794347046	0.004387989576144066	0.0027295559807526946	0.0016968562400988582	0.0010544548078168226	0.000655096306321628	0.0004069272176907473	0.0002527481091068133	0.00015697658420916682	9.74920258491118e-5	6.054821913335919e-5	3.760520225079154e-5	2.3358421053192548e-5	1.4513543830358834e-5	9.02518689044348e-6	5.62410525206554e-6	3.523737495704904e-6	2.2383270897953522e-6	1.470591170056006e-6	1.042970695288265e-6	8.565667831081819e-7	8.682683002894882e-7	1.080781255565691e-6	1.5432544161626044e-6	2.3626453404577834e-6	3.7284547350633472e-6
300.0	0.4024	211.8	1000.0	1.0	6.0	8.851634160062762e-7	0.046308269736232206	0.029272040159903215	0.018382398525560843	0.011495883768345065	0.00717038421667201	0.004465066095446545	0.0027775828414398056	0.0017267440969169405	0.001073039789801588	0.0006666472177045428	0.0004141041398387338	0.0002572065112175494	0.00015974590211382408	9.921208908470711e-5	6.161658930549004e-5	3.826887337491525e-5	2.3770848681524316e-5	1.4770099295850423e-5	9.185200476864428e-6	5.7245825716647275e-6	3.5879160172036906e-6	2.2810496313257324e-6	1.5017384443233748e-6	1.0697463454112531e-6	8.851634160062762e-7	9.052996846871806e-7	1.1348118930904203e-6	1.6267802620401896e-6	2.4949836204883354e-6	3.940211124237982e-6
301.0	0.4627	175.5	1000.0	1.0	6.0	9.560114958356244e-7	0.040517851455936504	0.025554753021146858	0.01602516491214063	0.0100127205866912	0.0062417590633356305	0.0038854310345036655	0.0024164775515091493	0.0015020494468989134	0.0009333297081455576	0.0005798189343648178	0.0003601569272718149	0.00022369471846373824	0.00013893099852154548	8.62846712934245e-5	5.358860972423155e-5	3.328432047826557e-5	2.0677166856119405e-5	1.285188783768811e-5	7.998857078798856e-6	4.995746248404427e-6	3.1480281539887125e-6	2.028375687718984e-6	1.3778410964176374e-6	1.0459710575806986e-6	9.560114958356244e-7	1.0871565717378322e-6	1.4697365993560755e-6	2.1922320198317653e-6	3.4217348654259025e-6	5.442587803867018e-6
302.0	0.5477	190.2	1000.0	1.0	6.0	9.310593742152716e-7	0.034446349271914325	0.021674774650233434	0.013571908329357077	0.008471969247070688	0.005278186620372458	0.0032844146016552376	0.002042219703813758	0.0012692356770076492	0.0007885964271108998	0.0004898784415052675	0.0003042797386407944	0.00018898535403829352	0.00011737261590496725	7.289539938820152e-5	4.527338441255282e-5	2.8120619419401024e-5	1.7470971560252582e-5	1.0861764156315053e-5	6.764566508491864e-6	4.231836926298349e-6	2.6778291624381152e-6	1.7431419106283774e-6	1.2116047455673273e-6	9.602854158894554e-7	9.310593742152716e-7	1.1171670012466582e-6	1.5616501009946499e-6	2.3673055257756207e-6	3.7204573327981265e-6	5.934042579266072e-6
303.0	0.3808	144.1	1000.0	1.0	6.0	1.0555027310083894e-6	0.04880677405660603	0.030881144718318466	0.01940486031169668	0.012140043432572844	0.007574026563426307	0.004717141717464413	0.002934672377428304	0.0018245109638966063	0.00113383652556897	0.000704434692468623	0.00043758311220575013	0.0002717922355949525	0.0001688059846638235	0.00010483971197310564	6.511244526527082e-5	4.044114938408823e-5	2.512181883410435e-5	1.5612165344570455e-5	9.71309559107342e-6	6.060390477597399e-6	3.809299180802106e-6	2.439208242690993e-6	1.6332508216064545e-6	1.2050283223348765e-6	1.0555027310083894e-6	1.150091920686403e-6	1.5106716531333623e-6	2.2206341510833488e-6	3.4441728508738466e-6	5.4642509548229316e-6
304.0	0.3507	134.1	687.0	1.0	6.0	1.3234313971643968e-6	0.052774665791254505	0.03344296591369428	0.021035306628182475	0.013168279784565055	0.008218748954889464	0.005119932911086767	0.0031857479010553814	0.001980795527749778	0.0012310321010129497	0.0007648490426086193	0.00047512252315573967	0.0002951131897213791	0.00018329225009691209	0.00011383784587575251	7.070205641964451e-5	4.3914430150030104e-5	2.7281847239099663e-5	1.6958426165330295e-5	1.0556918097564075e-5	6.596920515413615e-6	4.162620031052382e-6	2.6910336797709254e-6	1.8418220289020797e-6	1.4185830680731003e-6	1.3234313971643968e-6	1.5343601317398701e-6	2.100150973083405e-6	3.151654722625858e-6	4.932049617751431e-6	7.853071285874651e-6
305.0	0.3371	159.3	706.6	1.0	6.0	1.1941540814957965e-6	0.0547871421956175	0.0347453046872415	0.021865397768939324	0.01369226673178462	0.008547492351881906	0.005325391809836988	0.0033138480351400275	0.0020605442102738245	0.0012806332929409144	0.0007956814964501172	0.0004942812109976866	0.00030701523985649155	0.00019068500171315244	0.00011842902079525644	7.355269977358206e-5	4.5683528316943466e-5	2.8378436848109036e-5	1.7636079577036274e-5	1.0972344671743313e-5	6.8461928754447375e-6	4.303386997059012e-6	2.7558507125887973e-6	1.845679570692183e-6	1.362373216993457e-6	1.1941540814957965e-6	1.302116663568519e-6	1.7112294725205257e-6	2.516108779599132e-6	3.902898567408418e-6	6.192314163091984e-6
306.0	0.3571	167.0	728.3	1.0	6.0	1.1478900553799047e-6	0.05187790698640903	0.03286329696008364	0.020666101248574244	0.012935329261418138	0.008072640599934155	0.0050286342034093715	0.0031288310957902914	0.0019453644400308232	0.0012089959629665683	0.0007511514818171913	0.0004666110871256415	0.00028982534963978415	0.00018000735065467464	0.00011179705056494801	6.943371619447711e-5	4.312533726062757e-5	2.678955229419328e-5	1.6649091417928145e-5	1.0359008555716135e-5	6.464666801716359e-6	4.065435763813806e-6	2.6064426527529554e-6	1.750260292956158e-6	1.298874472163849e-6	1.1478900553799047e-6	1.2623875042385115e-6	1.6688467428523141e-6	2.46127044767776e-6	3.822922162246127e-6	6.068704090258269e-6
307.0	0.3995	144.7	1000.0	1.0	6.0	1.051877563711852e-6	0.04662874756687098	0.029478263118886586	0.01851336683758687	0.011578366848920659	0.007222058592682995	0.004497332561436365	0.002797689130609487	0.001739256903416874	0.00108082072284733	0.0006714833352873293	0.0004171091016903029	0.0002590734360074456	0.00016090585019702496	9.993305424441578e-5	6.206520844962897e-5	3.854886133235008e-5	2.394694482932191e-5	1.488302483845862e-5	9.26107033828083e-6	5.78094293393841e-6	3.6378014965431303e-6	2.335997549603394e-6	1.5744570213726625e-6	1.1770537918883782e-6	1.051877563711852e-6	1.1699776837062157e-6	1.5586673559687635e-6	2.3078398709771526e-6	3.590756532914398e-6	5.7041120078815065e-6
308.0	0.471	164.5	709.2	1.0	6.0	1.1975863213936382e-6	0.03983228841533408	0.02511573755560472	0.01574721598775096	0.009838011834298804	0.006132440957852553	0.0038172231017588104	0.0023739953534712677	0.0014756193598097855	0.0009168977141163407	0.0005696073552836963	0.00035381280629998534	0.00021975417802967042	0.00013648398042300582	8.476573554643262e-5	5.2646652792275216e-5	3.2701562501165923e-5	2.031885707090442e-5	1.2635167888061014e-5	7.873608491580181e-6	4.933003327520642e-6	3.133280394779896e-6	2.0582124936930186e-6	1.45916313814193e-6	1.1975863213936382e-6	1.2129851462194145e-6	1.5089204663360387e-6	2.153833909723667e-6	3.296875010858498e-6	5.202391150759527e-6	8.311051820487299e-6
309.0	0.3653	159.2	649.7	1.0	6.0	1.2473057974448067e-6	0.050772523990949205	0.03214932527519303	0.02021158090502531	0.012648639414372642	0.007892862131702996	0.0049163099979955115	0.003058812172346035	0.0019017793555592033	0.0011818894060939167	0.0007343026388653982	0.00045614186388220803	0.0002833216514054695	0.0001759677940526313	0.00010928844578923123	6.787629030576044e-5	4.2159050321622324e-5	2.619098414300525e-5	1.6279829616102983e-5	1.013365978401528e-5	6.331116166602827e-6	3.992797181471138e-6	2.577916858361808e-6	1.7592500693102464e-6	1.3474589803537443e-6	1.2473057974448067e-6	1.4356269433374523e-6	1.9559757258782994e-6	2.9286937834056653e-6	4.5787396533323084e-6	7.287706454871048e-6
310.0	0.3162	209.8	509.8	1.0	6.0	1.2283564801549603e-6	0.05819764257387822	0.03695698909091098	0.023276996493323644	0.01458408856768864	0.009107313092179164	0.005675388295057085	0.003532110973509031	0.0021964416183973866	0.0013651642314074027	0.0008482293254056453	0.000526934641782729	0.0003273014164736938	0.00020328607602216163	0.00012625564650352612	7.84135796279708e-5	4.8702329543324767e-5	3.025313174152445e-5	1.880016350943121e-5	1.1695014093319997e-5	7.294573804271433e-6	4.581175814902418e-6	2.9272923169661376e-6	1.95042408201454e-6	1.424645570623674e-6	1.2283564801549603e-6	1.316159369744146e-6	1.7083603036828802e-6	2.4956642725200936e-6	3.860150657526146e-6	6.117376976863176e-6
311.0	0.2416	194.5	581.4	1.0	6.0	1.1946651728264486e-6	0.07482281409047621	0.047822556253939226	0.030246911217272982	0.019001703216524786	0.0118859909656602	0.007414808956275797	0.0046177007130658995	0.00287269875032361	0.001785939457747111	0.0011098501963215338	0.0006895261717802052	0.0004283198918767328	0.00026603791964010056	0.00016523203336214228	0.00010262043783971235	6.373492106787472e-5	3.9586915526595294e-5	2.4593360190619992e-5	1.5287280296264458e-5	9.516652685814915e-6	5.946959525048023e-6	3.7526471328521915e-6	2.4262330854343905e-6	1.6609518139482048e-6	1.2798121440100081e-6	1.1946651728264486e-6	1.385817957604712e-6	1.8974787420231522e-6	2.847980035544195e-6	4.457142636027201e-6
312.0	0.3234	252.8	520.5	1.0	6.0	1.1191303576210487e-6	0.05697579764623676	0.03616395980700846	0.022770572767141704	0.014264028735575458	0.00890635907603148	0.00554973592453462	0.0034537456246631158	0.0021476462649535864	0.0013348115018840308	0.0008293604141502448	0.0005152091996882745	0.0003200167225335803	0.00019876085677418488	0.000123444673345197	7.666725805027481e-5	4.7616974380506916e-5	2.9577801200076286e-5	1.837869793747473e-5	1.1429948982143371e-5	7.124609646312406e-6	4.467005200949135e-6	2.842510645659432e-6	1.8754234145060775e-6	1.342079958011979e-6	1.1191303576210487e-6	1.1550112686434841e-6	1.4580206169149342e-6	2.098236166866356e-6	3.223721136652507e-6	5.094763089387489e-6
313.0	0.3502	276.6	363.1	1.0	6.0	1.2637808860227553e-6	0.052846032492117126	0.03348911494609309	0.021064707140194656	0.013186832891913245	0.008230386717788491	0.005127205429295965	0.0031902818449861246	0.001983617989933583	0.001232787516637281	0.0007659401750114092	0.0004758004810662633	0.0002955342889244054	0.00018355369609865954	0.00011400003389560398	7.08024694848706e-5	4.397628100527636e-5	2.7319436583669424e-5	1.698044602090235e-5	1.0568460590769192e-5	6.600654947061579e-6	4.159410002951694e-6	2.680136757138242e-6	1.8207179753620353e-6	1.3823909914610584e-6	1.2637808860227553e-6	1.4374554751234681e-6	1.9435806506647928e-6	2.8992085467136557e-6	4.525345384553753e-6	7.198055311880201e-6
314.0	0.3067	310.2	418.9	1.0	6.0	1.1362991581181373e-6	0.0598923235779394	0.03805815325809394	0.023980705571230873	0.015029038625727718	0.009386762637581557	0.005850154203977785	0.0036411192705683164	0.002264322042720966	0.0014073904607320089	0.0008744800558961352	0.0005432473528925871	0.0003374358556884622	0.00020958109266770735	0.00013016520331434112	8.08411255601122e-5	5.02090158859764e-5	3.118731184804905e-5	1.9377850626049925e-5	1.2049798492808614e-5	7.508503287629776e-6	4.70372528192752e-6	2.9868039488312238e-6	1.960661320454078e-6	1.3879759561569142e-6	1.1362991581181373e-6	1.147423657858822e-6	1.4239218225556144e-6	2.0297400815904606e-6	3.1049867358922054e-6	4.898331302788865e-6
315.0	0.3258	396.3	332.7	1.0	6.0	1.1168154873013364e-6	0.05657983781318185	0.03590712609376445	0.022606626473359075	0.01416044122306035	0.008841330717967114	0.005509079159171947	0.003428390911218356	0.0021318594020725236	0.0013249916702484158	0.0008232559804957119	0.0005114158690044083	0.0003176600860601201	0.0001972969968357458	0.00012253546318302238	7.610258359659138e-5	4.72663028095457e-5	2.9360054406531557e-5	1.824352526448434e-5	1.1346091522299226e-5	7.072674370533209e-6	4.434981105994438e-6	2.8229914475899744e-6	1.863894827617551e-6	1.335875687129364e-6	1.1168154873013364e-6	1.1560504208660274e-6	1.4626541107571115e-6	2.1075355893167674e-6	3.2398371810726513e-6	5.121422805781759e-6
316.0	0.3312	343.3	263.0	1.0	6.0	1.3327511663835245e-6	0.05570874070768158	0.035342378564140554	0.022246241392944868	0.013932781850372411	0.008698432745734187	0.005419744151258911	0.0033726818397203117	0.002097173805185942	0.0013034168232137805	0.0008098443855508539	0.0005030820595805292	0.0003124829426985679	0.00019408159283225583	0.00012053908380085962	7.486387115617853e-5	4.6498909138672386e-5	2.8886551485910514e-5	1.795442265114445e-5	1.1174533887990927e-5	6.97898713599979e-6	4.397497583385309e-6	2.8330429395789566e-6	1.923806164683654e-6	1.459503086095255e-6	1.3327511663835245e-6	1.514235183007225e-6	2.0459270309860325e-6	3.0507914690279525e-6	4.7612209556971565e-6	7.5727718994110765e-6
317.0	0.3726	230.6	228.8	1.0	6.0	1.7439790873519039e-6	0.04982735991624804	0.03153932332219977	0.01982344581352429	0.012403901036253528	0.007739421823500726	0.004820453858178902	0.002999063646600224	0.0018645892831012543	0.0011587609332910545	0.0007199270364983336	0.0004472099685740203	0.00027777373151436724	0.00017252305886209025	0.00010715109814255226	6.655235292541307e-5	4.134245792358506e-5	2.569292757354701e-5	1.5985138755826074e-5	9.974186498153024e-6	6.269980570076348e-6	4.015861019211972e-6	2.6905146754413633e-6	1.987423375049126e-6	1.7439790873519039e-6	1.9038783117786396e-6	2.504100313375943e-6	3.6834575764910515e-6	5.714694164790688e-6	9.067549524087675e-6	1.4517357443910479e-5
318.0	0.3769	216.5	297.0	1.0	6.0	1.5924991961463667e-6	0.04928690977327768	0.031190720915184687	0.01960171688175986	0.012264122520042381	0.007651799584843334	0.004765720088120076	0.0029649491724355625	0.0018433555984660726	0.001145555833684593	0.000711719168363053	0.00044210979913326514	0.00027460508686155677	0.000170554405714865	0.00010592763294736796	6.579130855209454e-5	4.086789588337495e-5	2.5395120603951962e-5	1.579522154925497e-5	9.848239485451958e-6	6.178876535361749e-6	3.9385301620055536e-6	2.60907228460499e-6	1.8830336901807512e-6	1.5924991961463667e-6	1.6702745953311566e-6	2.1343463879742106e-6	3.0920403749222714e-6	4.764839698108211e-6	7.5395981433503704e-6	1.2057982405707394e-5
319.0	0.3134	235.9	223.9	1.0	6.0	1.78408541097388e-6	0.05868707607996152	0.03727486297843061	0.023480075554517706	0.014712469390640494	0.009187932578795386	0.005725803421580761	0.0035635554328866045	0.002216021894101049	0.0013773444470900928	0.0008558015877928948	0.0005316406229040907	0.00033022579044643516	0.00020510375298459952	0.000127386462786062	7.911885546476356e-5	4.914509792867624e-5	3.053576388851322e-5	1.8988014021562142e-5	1.1831524111522254e-5	7.41131339541552e-6	4.705143667210032e-6	3.0871592563915713e-6	2.1831637582044133e-6	1.78408541097388e-6	1.7976265332596814e-6	2.2269177003122312e-6	3.171240633297173e-6	4.848985781710177e-6	7.648150081478488e-6	1.221604289834798e-5
320.0	0.2326	352.8	273.6	1.0	6.0	1.2989428374563388e-6	0.07749354464201008	0.04958119460485993	0.03138052314509867	0.019722433429327023	0.0123402196075554	0.007699500995176043	0.004795516579369507	0.002983520501381012	0.0018549146875400805	0.0011527441849004329	0.0007161869664794911	0.0004448855877038261	0.00027632900785093585	0.0001716244558286358	0.00010659101834603287	6.62013506496896e-5	4.111938801983107e-5	2.5546211913634812e-5	1.588085018888384e-5	9.888207244208293e-6	6.182426210919439e-6	3.906482388267814e-6	2.5340149725667623e-6	1.747607699641555e-6	1.3653835571944149e-6	1.2989428374563388e-6	1.532918826309171e-6	2.1214234789358198e-6	3.200560603988493e-6	5.019899002833114e-6
321.0	0.2634	258.0	223.9	1.0	6.0	1.6658286032001576e-6	0.0690579121875913	0.044038913620795525	0.027813199411582945	0.017456507285543984	0.010912998071680316	0.006805307909574498	0.00423714174698359	0.002635570015669949	0.0016383706775413365	0.0010180886362222785	0.0006324950525738446	0.000392885420929944	0.0002440265879217541	0.00015156147235608974	9.4132171213654e-5	5.8467039937775046e-5	3.6321551422715954e-5	2.257548884372364e-5	1.4050282145109265e-5	8.7744637083683e-6	5.527937667308999e-6	3.5598855149973743e-6	2.415151529759466e-6	1.8289878131530145e-6	1.6658286032001576e-6	1.8879383813401078e-6	2.5466840830609348e-6	3.794412964977005e-6	5.9196806433885616e-6	9.413970501234597e-6
322.0	0.3316	314.5	340.5	1.0	6.0	1.2238098769388294e-6	0.055645280798383295	0.035301251278715536	0.022220002745655398	0.013916209043418786	0.008688031235190526	0.005413241846741539	0.0033686271532416276	0.002094649309246427	0.0013018465419296094	0.0008088681981941129	0.0005024753742515793	0.000312105901426483	0.00019384716975165222	0.00012039312962538494	7.47726559360859e-5	4.644134679970986e-5	2.8849332973774232e-5	1.7928941604802394e-5	1.1154897655499588e-5	6.960654502299624e-6	4.376228684423937e-6	2.803918764044028e-6	1.8800909316137766e-6	1.391086430428968e-6	1.2238098769388294e-6	1.3395737425632999e-6	1.7651507284514803e-6	2.5989647328850143e-6	4.033851190275641e-6	6.401647803990884e-6
323.0	0.2548	355.3	356.1	1.0	6.0	1.1291371351135283e-6	0.07122271500304277	0.04545773277195469	0.028724978829471212	0.01803507049697786	0.011277178547817936	0.007033384514212362	0.004379527051775876	0.002724283132111416	0.0016935749827709891	0.001052414552270012	0.0006538283929422093	0.00040613964438796445	0.0002522592053199853	0.0001566734614742216	9.73046495074944e-5	6.043328047642949e-5	3.7536128981697814e-5	2.3319242071210158e-5	1.449519942783054e-5	9.023435006591088e-6	5.638540944331558e-6	3.55769952340614e-6	2.299670187068751e-6	1.5735026801841283e-6	1.2112518012176283e-6	1.1291371351135283e-6	1.3081671060992845e-6	1.789746351351119e-6	2.6852505792607963e-6	4.201782057373265e-6
324.0	0.1891	373.5	497.6	1.0	6.0	9.305874812668019e-7	0.09365020709140542	0.06029884381249571	0.038322515915032676	0.024149737687444956	0.015135952065818652	0.009453923424292828	0.005892161648947637	0.0036673230935235714	0.002280640210572167	0.0014175417596474459	0.0008807908743850052	0.000547168980553662	0.0003398720884332814	0.00021109414694571153	0.0001311045409867715	8.14238121241263e-5	5.0569743674032243e-5	3.140948232980799e-5	1.9512836602386927e-5	1.212881533480938e-5	7.54982435099962e-6	4.716906668836468e-6	2.974893998618452e-6	1.9209054378239435e-6	1.3111794556864238e-6	1.0047006872028042e-6	9.305874812668019e-7	1.0716988962952861e-6	1.4606702157015704e-6	2.187460061844223e-6
325.0	0.1891	373.5	497.6	1.0	6.0	9.305874812668019e-7	0.09365020709140542	0.06029884381249571	0.038322515915032676	0.024149737687444956	0.015135952065818652	0.009453923424292828	0.005892161648947637	0.0036673230935235714	0.002280640210572167	0.0014175417596474459	0.0008807908743850052	0.000547168980553662	0.0003398720884332814	0.00021109414694571153	0.0001311045409867715	8.14238121241263e-5	5.0569743674032243e-5	3.140948232980799e-5	1.9512836602386927e-5	1.212881533480938e-5	7.54982435099962e-6	4.716906668836468e-6	2.974893998618452e-6	1.9209054378239435e-6	1.3111794556864238e-6	1.0047006872028042e-6	9.305874812668019e-7	1.0716988962952861e-6	1.4606702157015704e-6	2.187460061844223e-6
326.0	0.1845	508.7	731.1	1.0	6.0	6.665020217251783e-7	0.09576148657019383	0.061709440295677896	0.03924048259457283	0.024736947855623356	0.015507472156963784	0.009687347162637461	0.0060381792610672705	0.003758413959019741	0.002337368717790943	0.001452832825802526	0.0009027310128227832	0.0005608032705497925	0.0003483425713521474	0.00021635551185020187	0.0001343719502141849	8.345230030502823e-5	5.182820734408248e-5	3.218888117967129e-5	1.999339198941944e-5	1.2421655273303385e-5	7.722671009969034e-6	4.809733722651126e-6	3.0091695622644257e-6	1.9045564328921886e-6	1.2404245932071326e-6	8.631758732167472e-7	6.855611435471981e-7	6.665020217251783e-7	8.015903938757113e-7	1.1220688523183934e-6
327.0	0.1819	489.6	979.1	1.0	6.0	5.782934953662165e-7	0.09699747082632645	0.06253631870580739	0.03977905347892376	0.025081657072280307	0.015725642890902385	0.009824453289511235	0.0061239577371182225	0.0038119302754293393	0.0023706988256814053	0.0014735683655792526	0.0009156224133041416	0.0005688145418919151	0.00035331979298517465	0.00021944720125722044	0.0001362921432837542	8.464470886426371e-5	5.256846056474916e-5	3.2648126268827835e-5	2.0277820391533884e-5	1.2597040694217308e-5	7.829573097335393e-6	4.872875396583208e-6	3.0431536746379427e-6	1.9172425974096576e-6	1.2347467900826312e-6	8.378209187047542e-7	6.346649907316471e-7	5.782934953662165e-7	6.556688714473542e-7	8.846861241303973e-7
328.0	0.164	435.7	1000.0	0.9666666666666667	5.793103448275862	6.062825346981292e-7	0.1064571562110159	0.06889162032203874	0.04393002423680289	0.027743264738926104	0.017412147398552423	0.010885082046749518	0.00678782739412473	0.004226229812616166	0.0026287715880550636	0.0016341400767359454	0.0010154577374920858	0.0006308593768901109	0.00039186821326442735	0.00024339318498467854	0.00015116561118008273	9.388238606251665e-5	5.830559499833132e-5	3.621112105222509e-5	2.24905379107346e-5	1.397116525570868e-5	8.682883547107266e-6	5.402713980323193e-6	3.372056842645884e-6	2.1212771744571466e-6	1.3611010828345382e-6	9.157177917994924e-7	6.821202553721454e-7	6.062825346981292e-7	6.706649434097062e-7	8.901575148135336e-7
329.0	0.2022	276.5	1000.0	1.0	6.0	7.622381796892239e-7	0.0881175870456474	0.05661344723886575	0.035928923307278565	0.022620539166114794	0.014169231281270424	0.00884684857685744	0.005512528916840864	0.003430542219381366	0.002133198835559036	0.0013258247540637307	0.0008237737414929758	0.0005117374174888378	0.0003178595434543143	0.00019742039850341653	0.00012261131268823328	7.614840921002976e-5	4.729269756655367e-5	2.9373120756363193e-5	1.8246284376547427e-5	1.1339181208020504e-5	7.054496302871854e-6	4.401331040745995e-6	2.7660868192786355e-6	1.7705748015715516e-6	1.184557367048904e-6	8.725022746233813e-7	7.622381796892239e-7	8.282633441045569e-7	1.0858476007380536e-6	1.5945636165367992e-6
330.0	0.2022	276.5	1000.0	1.0	6.0	7.622381796892239e-7	0.0881175870456474	0.05661344723886575	0.035928923307278565	0.022620539166114794	0.014169231281270424	0.00884684857685744	0.005512528916840864	0.003430542219381366	0.002133198835559036	0.0013258247540637307	0.0008237737414929758	0.0005117374174888378	0.0003178595434543143	0.00019742039850341653	0.00012261131268823328	7.614840921002976e-5	4.729269756655367e-5	2.9373120756363193e-5	1.8246284376547427e-5	1.1339181208020504e-5	7.054496302871854e-6	4.401331040745995e-6	2.7660868192786355e-6	1.7705748015715516e-6	1.184557367048904e-6	8.725022746233813e-7	7.622381796892239e-7	8.282633441045569e-7	1.0858476007380536e-6	1.5945636165367992e-6
331.0	0.2742	306.6	634.7	1.0	6.0	9.083919429804806e-7	0.06651886975470285	0.04237786022745737	0.026747018841941275	0.01678048230230072	0.010487673238410614	0.006539018160893472	0.0040709315613904505	0.0025320247317456566	0.0015739409791185536	0.0009780276484128083	0.000607597201051637	0.0003774154144944718	0.00023441544128722353	0.00014558976474409341	9.042009762271836e-5	5.6156587112799576e-5	3.487855741492296e-5	2.1666295564804713e-5	1.346464164855262e-5	8.376940958787547e-6	5.2265983996685155e-6	3.285038026255848e-6	2.103230092380096e-6	1.4078520339243648e-6	1.0380793302732842e-6	9.083919429804806e-7	9.887959164646346e-7	1.2978864482843545e-6	1.9071480260760941e-6	2.9574856177164136e-6
332.0	0.2426	389.0	488.0	1.0	6.0	9.308630465646688e-7	0.07453738634817836	0.047634822831982095	0.030125989848075994	0.01892486054652489	0.011837576846857907	0.007384470751875347	0.004598754017962381	0.0028608912873997836	0.0017785908119872607	0.0011052803117610921	0.0006866856850390702	0.000426554777087235	0.0002649410698667812	0.0001645502053055339	0.00010219610682508389	6.347001299559062e-5	3.942018769799996e-5	2.448626159863938e-5	1.5215045013983361e-5	9.46257563819322e-6	5.898534383014075e-6	3.6986743957687936e-6	2.354230097664536e-6	1.554265868152968e-6	1.113769116020861e-6	9.308630465646688e-7	9.632454589394924e-7	1.2184053188398337e-6	1.7553543945806177e-6	2.698274086542122e-6
333.0	0.2783	302.6	460.8	1.0	6.0	1.0801149465379977e-6	0.0656031942836117	0.0417796254900658	0.026363363961565286	0.01653735622245141	0.010334762773432852	0.006443304211683069	0.004011198000448965	0.0024948152917922775	0.0015507892259928636	0.0009636330264224235	0.0005986514004699358	0.0003718575190513851	0.0002309631379292465	0.0001434458089692321	8.908910077101378e-5	5.533089628533437e-5	3.436727662379501e-5	2.1351202886576923e-5	1.3272873026340833e-5	8.264148320979946e-6	5.166696684442684e-6	3.264173812064419e-6	2.116578143590659e-6	1.4584995380395144e-6	1.137739956713132e-6	1.0801149465379977e-6	1.2722968161742135e-6	1.7587319685368606e-6	2.6519192325776615e-6	4.158425177886306e-6
334.0	0.198	300.2	451.2	1.0	6.0	1.1088427697571872e-6	0.08981883448720494	0.05774498087328464	0.03666310483609002	0.02308928776841371	0.014465442179267103	0.009032813585193852	0.005628803055210829	0.0035030563734927485	0.002178349984953196	0.0013539103317539505	0.0008412331990100383	0.000522587056228862	0.0003246002747003754	0.00020160797624073807	0.00012521298715287402	7.77654113464157e-5	4.829882018943403e-5	3.0000987215310633e-5	1.864107933387664e-5	1.1592201767260357e-5	7.22425668267616e-6	4.527091667257086e-6	2.876932863619657e-6	1.8921423688504632e-6	1.3449623364925636e-6	1.1088427697571872e-6	1.1291744579579103e-6	1.4106591574820364e-6	2.0183966217726727e-6	3.0929389993405553e-6
335.0	0.198	300.2	451.2	1.0	6.0	1.1088427697571872e-6	0.08981883448720494	0.05774498087328464	0.03666310483609002	0.02308928776841371	0.014465442179267103	0.009032813585193852	0.005628803055210829	0.0035030563734927485	0.002178349984953196	0.0013539103317539505	0.0008412331990100383	0.000522587056228862	0.0003246002747003754	0.00020160797624073807	0.00012521298715287402	7.77654113464157e-5	4.829882018943403e-5	3.0000987215310633e-5	1.864107933387664e-5	1.1592201767260357e-5	7.22425668267616e-6	4.527091667257086e-6	2.876932863619657e-6	1.8921423688504632e-6	1.3449623364925636e-6	1.1088427697571872e-6	1.1291744579579103e-6	1.4106591574820364e-6	2.0183966217726727e-6	3.0929389993405553e-6
336.0	0.2018	335.9	305.6	1.0	6.0	1.2499271890902682e-6	0.08827682899670666	0.056719298195208406	0.03599757610020315	0.022664360310404155	0.014196918182466756	0.008864229006188272	0.005523395313832988	0.0034373187977835484	0.0021374182528100093	0.0013284494436003242	0.0008254055413454315	0.000512751719746401	0.00031849015908263936	0.00019781287618373	0.0001228563086932043	7.630254138418453e-5	4.7391596245800414e-5	2.9439652505318556e-5	1.829583401431461e-5	1.1383207550704497e-5	7.103181316742115e-6	4.465934411858349e-6	2.861549865066997e-6	1.9189760684780876e-6	1.4202188155642503e-6	1.2499271890902682e-6	1.3687163002505417e-6	1.8040585022637498e-6	2.656636046060192e-6	4.123623594375474e-6
337.0	0.189	265.7	247.2	1.0	6.0	1.5717640834748538e-6	0.09369511408489659	0.06032882289183568	0.038342014805270296	0.024162206548068974	0.015143839229817308	0.009458878218177813	0.005895260878845137	0.0036692564618789857	0.0022818443166716163	0.001418290995034375	0.0008812569369917773	0.0005474590483367631	0.00034005301140967566	0.00021120767746503886	0.0001311769010368964	8.147172347786694e-5	5.060428198067232e-5	3.1438633535300385e-5	1.954334198157246e-5	1.2167729856298432e-5	7.606148004908977e-6	4.803665864809086e-6	3.112154255269778e-6	2.140412084876257e-6	1.6636995309048487e-6	1.5717640834748538e-6	1.843342539848055e-6	2.5412427441202816e-6	3.826867310553806e-6	5.99753573709862e-6
338.0	0.2047	176.0	307.0	1.0	6.0	1.7502076501526504e-6	0.08713519604089054	0.05596072670792383	0.035505706344926016	0.022350450475973446	0.013998605486195895	0.008739746613904349	0.00544557123249482	0.003388787210630726	0.002107201282759965	0.001309654131110558	0.0008137219216191141	0.0005054919164128839	0.00031398065445345025	0.00019501284816542998	0.00012111899216747165	7.522644887114891e-5	4.67279725656913e-5	2.9035062668482964e-5	1.8056723113506578e-5	1.1254281263476117e-5	7.054624424225676e-6	4.4865177351349305e-6	2.9560342645511456e-6	2.1092138143566877e-6	1.7502076501526504e-6	1.7959857501429013e-6	2.257134293507709e-6	3.2403026687434074e-6	4.972864768678606e-6	7.855493815646018e-6
339.0	0.2287	226.3	379.1	1.0	6.0	1.3865952638222325e-6	0.0787110015512624	0.05038409058928042	0.03189857927695699	0.020052012993743023	0.012548015164166908	0.007829771639048898	0.004876895190197312	0.003034243807821887	0.0018864867119389955	0.0011723788064412397	0.0007283911907250111	0.00045246883034094084	0.00028104003019844	0.00017455085641858618	0.00010840885511987661	6.733075899972029e-5	4.182146371457878e-5	2.598328684463937e-5	1.6153993847955806e-5	1.006058554139547e-5	6.293904134127777e-6	3.982841465682415e-6	2.592915082983688e-6	1.8026710465876544e-6	1.429345030822892e-6	1.3865952638222325e-6	1.6645340771470997e-6	2.3274406935979714e-6	3.528625410709027e-6	5.545881179024232e-6
340.0	0.1849	200.4	347.4	1.0	6.0	1.519646379835575e-6	0.095574125446444	0.06158416512234679	0.03915891724877331	0.02468475488946506	0.015474443616656801	0.009666592888640349	0.0060251954746924335	0.0037503138865097596	0.002332324210155148	0.001449694746163396	0.0009007803846451336	0.0005595915815921373	0.00034759059809941326	0.00021588973038304978	0.000134084786218152	8.327739709240374e-5	5.1725135978877596e-5	3.2133812095642115e-5	1.997359220910707e-5	1.2432546811464376e-5	7.76677334585123e-6	4.8972469814304735e-6	3.1603337615952753e-6	2.154332617691972e-6	1.6465805470343515e-6	1.519646379835575e-6	1.7441726161636228e-6	2.3720853496616757e-6	3.54860160672107e-6	5.545809171022531e-6
341.0	0.1849	200.4	347.4	1.0	6.0	1.519646379835575e-6	0.095574125446444	0.06158416512234679	0.03915891724877331	0.02468475488946506	0.015474443616656801	0.009666592888640349	0.0060251954746924335	0.0037503138865097596	0.002332324210155148	0.001449694746163396	0.0009007803846451336	0.0005595915815921373	0.00034759059809941326	0.00021588973038304978	0.000134084786218152	8.327739709240374e-5	5.1725135978877596e-5	3.2133812095642115e-5	1.997359220910707e-5	1.2432546811464376e-5	7.76677334585123e-6	4.8972469814304735e-6	3.1603337615952753e-6	2.154332617691972e-6	1.6465805470343515e-6	1.519646379835575e-6	1.7441726161636228e-6	2.3720853496616757e-6	3.54860160672107e-6	5.545809171022531e-6
342.0	0.2446	190.9	289.5	1.0	6.0	1.7022306510661796e-6	0.0739730143688314	0.047263743385581564	0.029887024651418594	0.018773024794071166	0.011741922319504553	0.007324533190029704	0.004561323439892487	0.0028375654533112703	0.0017640739120534938	0.0010962532405238718	0.000681075503769841	0.0004230696998514206	0.00026277728435190645	0.00016320812739664567	0.00010136567160382133	6.295928537694867e-5	3.911109615418497e-5	2.4307338669192902e-5	1.5124916867407356e-5	9.440400339053638e-6	5.939184325791065e-6	3.811551446569527e-6	2.565440406186594e-6	1.9126578025075497e-6	1.7022306510661796e-6	1.8854915377927734e-6	2.5048226635078084e-6	3.7034559396629517e-6	5.758593240649666e-6	9.145500966954328e-6
343.0	0.325	210.4	272.0	1.0	6.0	1.7153738080392013e-6	0.056711211506484734	0.03599233104380137	0.022661012312791145	0.014194802845036611	0.008862901114332529	0.005522565135270941	0.003436801132369325	0.0021370960231395972	0.001328249151714177	0.0008252812614034532	0.0005126748620482408	0.00031844300738900083	0.00019778454819821827	0.00012284026159468177	7.629506722003291e-5	4.73909677070365e-5	2.944572474303616e-5	1.831001160861092e-5	1.1408769541495651e-5	7.146039683653625e-6	4.536001382097867e-6	2.975030440640935e-6	2.102115788291207e-6	1.7153738080392013e-6	1.7253598927794088e-6	2.1343825292941626e-6	3.0370361266097886e-6	4.642074852118179e-6	7.3206827184647545e-6	1.1692293521874601e-5
344.0	0.4429	276.5	302.8	1.0	6.0	1.390663501285045e-6	0.042252667291702274	0.02666671653465262	0.016729587994601277	0.010455661701992308	0.006518979716120119	0.00405842556386269	0.0025242343738943558	0.0015690938556839787	0.0009750140848931753	0.0006057246173925052	0.0003762524187549745	0.00023369371224377724	0.00014514263450349953	9.014425192375286e-5	5.598826628211984e-5	3.477884689907564e-5	2.1612140012513816e-5	1.344351818326685e-5	8.383965001366898e-6	5.263394776099242e-6	3.3601170683722586e-6	2.2339560123993957e-6	1.624458913673895e-6	1.390663501285045e-6	1.478498001534705e-6	1.908275585282949e-6	2.779391285611396e-6	4.293306608279767e-6	6.800134291032443e-6	1.0879588490418587e-5
345.0	0.3573	326.3	288.5	1.0	6.0	1.310169390575179e-6	0.05185037408113794	0.032845505927345864	0.020654772304679426	0.01292818229612634	0.008068158385898975	0.005025833575340486	0.0031270852295077834	0.0019442776821847485	0.0012083201206021137	0.0007507314660881219	0.0004663502284112641	0.00028966349873963787	0.00017990714507565888	0.00011173534195976621	6.939624311407826e-5	4.3103437001310664e-5	2.677816134084803e-5	1.664557589172192e-5	1.0362555603291197e-5	6.4760968708405875e-6	4.087392428049387e-6	2.644004023140301e-6	1.8121135110292751e-6	1.3993248120928694e-6	1.310169390575179e-6	1.5240271787614463e-6	2.0903573015903806e-6	3.1401352811046244e-6	4.9161403498260155e-6	7.829093011301122e-6
346.0	0.2396	255.9	283.1	1.0	6.0	1.5086422302028258e-6	0.07540027816456409	0.0482024976199434	0.030491689685687925	0.019157275954810815	0.011984017037157468	0.007476239392839266	0.004656066331599948	0.0028966084662589236	0.0018008203881052802	0.0011191041905503235	0.0006952780902146126	0.0004318940844385952	0.00026825872539139556	0.00016661219167826355	0.00010347880833019648	6.42698948724637e-5	3.9922169938478926e-5	2.4806412881329873e-5	1.54273983145466e-5	9.616239443752609e-6	6.029046217922205e-6	3.836218245178216e-6	2.530616654227947e-6	1.8102894282774556e-6	1.5086422302028258e-6	1.5559107879329442e-6	1.9630262867249894e-6	2.824142494493581e-6	4.338408130121441e-6	6.856016622167316e-6
347.0	0.2302	249.6	375.2	1.0	6.0	1.3195705581338684e-6	0.07823824903191429	0.05007222615177901	0.031697315427543823	0.019923956379718267	0.012467270947386902	0.007779149236149384	0.0048452709826798165	0.003014532055912464	0.0018742172525555462	0.0011647483718262815	0.0007236483301613619	0.0004495217624256959	0.00027920914576260196	0.00017341347676486465	0.00010770222395099537	6.689156145762637e-5	4.1548166644231444e-5	2.5812699358837697e-5	1.6046669181509388e-5	9.99170429594906e-6	6.247536491640221e-6	3.948263950642448e-6	2.562130792591688e-6	1.7685602891684636e-6	1.3840187607855664e-6	1.3195705581338684e-6	1.5603097636964483e-6	2.1619124472736267e-6	3.263511528365673e-6	5.119870249764571e-6
348.0	0.2507	251.7	414.0	1.0	6.0	1.2569933987951246e-6	0.07230327351024685	0.04616683021507305	0.029181042048935592	0.018324613932656143	0.01145949400232933	0.007147587641835372	0.0044508319141928505	0.002768713266171633	0.0017212244116098525	0.0010696075994359327	0.0006645142178784121	0.0004127791332619144	0.0002563838705004287	0.00015923568374368987	9.889641219758373e-5	6.142249150546938e-5	3.815148207540171e-5	2.3703020732939816e-5	1.4736150218827553e-5	9.177279606627797e-6	5.740858385620041e-6	3.6321529093289015e-6	2.3634787079597246e-6	1.641423768855577e-6	1.2989940772931168e-6	1.2569933987951246e-6	1.5057074445037006e-6	2.1026567620706373e-6	3.1858982331536117e-6	5.00594995078066e-6
349.0	0.1673	238.9	448.3	0.9666666666666667	5.793103448275862	1.253998369118001e-6	0.10457691704599513	0.06762464031947138	0.04310085715134215	0.027210921228882443	0.01707455749923665	0.010672665301082636	0.006654828427762443	0.004143212765513039	0.002577052714447017	0.0016019584152612593	0.0009954480172724032	0.0006184238056875553	0.0003841423078029285	0.00023859458524771974	0.00014818623059792391	9.203382354419583e-5	5.716057415389678e-5	3.550492189001286e-5	2.205986968965836e-5	1.3716438238696304e-5	8.54519041277953e-6	5.350211403075315e-6	3.392602916371428e-6	2.2196240769148913e-6	1.559994437561769e-6	1.2611573081012588e-6	1.253998369118001e-6	1.5368613926249083e-6	2.175164643711276e-6	3.316528857927999e-6
350.0	0.1243	204.0	468.0	0.9666666666666667	5.793103448275862	1.295064829665294e-6	0.13583896069394433	0.08893757657135566	0.05715865011561558	0.0362825910592102	0.022846310337610077	0.014311887007564214	0.008936404447399958	0.005568521461147049	0.0034654611035133155	0.002154940927829394	0.0013393490606233946	0.0008321812576139993	0.0005169622304737495	0.0003211060284195069	0.00019943784969385868	0.00012386572624652756	7.692967395024421e-5	4.7781414622716554e-5	2.9682285791030196e-5	1.844738752087995e-5	1.1478728299568192e-5	7.164759653653094e-6	4.50781148743367e-6	2.893410748337698e-6	1.9481893962584657e-6	1.4535409728329151e-6	1.295064829665294e-6	1.436108698895045e-6	1.909291814077842e-6	2.824047779446523e-6
351.0	0.1569	222.0	577.6	0.9666666666666667	5.793103448275862	1.120258750960747e-6	0.11074096451129947	0.07178526037585028	0.04582681873072443	0.02896232907589809	0.018185745758026988	0.01137204850058808	0.007092809449214413	0.004416629345422245	0.0027474013009840125	0.001707961578371383	0.0010613603987655919	0.0006593883627535359	0.0004095941889123879	0.00025440518285376856	0.00015800637905472902	9.813246947584031e-5	6.094733926107896e-5	3.785527093019174e-5	2.3517259991018686e-5	1.4617883798677228e-5	9.099157448996864e-6	5.684813434741959e-6	3.5852235110625265e-6	2.314811237245465e-6	1.5797625584741839e-6	1.2100782514220264e-6	1.120258750960747e-6	1.2895305476623447e-6	1.757041454450048e-6	2.6309136314813617e-6
352.0	0.1892	222.4	736.1	1.0	6.0	9.981803166181612e-7	0.09360534312826121	0.06026889451984147	0.03830303685768778	0.024137281706311436	0.015128073140556869	0.009448973862801205	0.0058890657471769295	0.0036653918762010124	0.002279437559251219	0.0014167936127917195	0.0008803257833213791	0.0005468799910316222	0.00033969259945529026	0.00021098273765319983	0.00013103547993299617	8.138114052030962e-5	5.054359771246555e-5	3.139381701628489e-5	1.9504029649777667e-5	1.2124830191771488e-5	7.549739442806745e-6	4.720702411912661e-6	2.983448268000036e-6	1.93619666966429e-6	1.3367441702765372e-6	1.0464514539304755e-6	9.981803166181612e-7	1.1807664204993835e-6	1.6364370483138035e-6	2.4705762895677374e-6
353.0	0.2402	166.0	582.5	1.0	6.0	1.3037358953720071e-6	0.07522610518987444	0.048087882817164404	0.03041784115837931	0.01911033730317602	0.011954439855864609	0.0074577036389141035	0.0046444898569526225	0.002889393838114419	0.0017963300922871634	0.0011163117592791062	0.00069354235136315	0.0004308153980596933	0.0002675883089844766	0.00016619526023503497	0.00010321903787760313	6.410724588271523e-5	3.981904051774973e-5	2.473895731769925e-5	1.538001782825804e-5	9.577976815452123e-6	5.9910524588363496e-6	3.7897063312463202e-6	2.4648294282567464e-6	1.7100117763742751e-6	1.350682184072639e-6	1.3037358953720071e-6	1.558314802777065e-6	2.1732957391235575e-6	3.2909056036595437e-6	5.169610314174438e-6
354.0	0.1849	92.17	759.9	1.0	6.0	1.514782440998063e-6	0.09557412544641268	0.06158416512229262	0.039158917248691374	0.024684754889330456	0.015474443616436852	0.009666592888285537	0.006025195474119202	0.0037503138855906233	0.0023323242086807877	0.0014496947437788407	0.0009007803808118799	0.0005595915754256873	0.0003475905881584583	0.00021588971437902334	0.00013408476044422736	8.327735559644824e-5	5.172506915654236e-5	3.2133704491691667e-5	1.9973418946245374e-5	1.2432267804229356e-5	7.766324073330659e-6	4.896523541980778e-6	3.1591688316115763e-6	2.152456775915874e-6	1.643559949832822e-6	1.514782440998063e-6	1.7363404243136378e-6	2.3594735236957937e-6	3.5282934248817025e-6	5.51310808141778e-6
355.0	0.1792	79.98	689.9	1.0	6.0	1.722536938672494e-6	0.09831522154334232	0.06341878554879418	0.04035421237110763	0.025449942069607538	0.01595879866260807	0.0099710017984152	0.006215653664535226	0.0038691423924493867	0.0024063323559608486	0.0014957377790914429	0.0009294059264692454	0.0005773810076406454	0.00035864312210362876	0.0002227557372413063	0.00013834998863100937	8.592737850951195e-5	5.3372446469499e-5	3.315931075352888e-5	2.061440549704952e-5	1.2836862146160113e-5	8.028092954029234e-6	5.076005717292979e-6	3.297873651906532e-6	2.2824632645413446e-6	1.7949356188904173e-6	1.722536938672494e-6	2.0485222277689918e-6	2.848281778164598e-6	4.306774181503333e-6	6.76129458333191e-6
356.0	0.1956	83.0	1000.0	1.0	6.0	1.3896067529431453e-6	0.09082079862604271	0.05841211438321411	0.037096267910943656	0.02336597099108179	0.01464033326484195	0.009142632178968917	0.005697474581054208	0.0035458862703895157	0.0022050193389415366	0.001370500087431548	0.0008515464979934236	0.0005289961137087071	0.0003285823371147116	0.00020408206785834109	0.00012675056354781244	7.872179237716233e-5	4.889508507517623e-5	3.037499645560237e-5	1.8879316801903904e-5	1.174976039007603e-5	7.337573969606264e-6	4.622374565945239e-6	2.976217915017647e-6	2.018391942229658e-6	1.5273751347742815e-6	1.3896067529431453e-6	1.5732237008627965e-6	2.120691073446058e-6	3.158621868856089e-6	4.927055297822704e-6
357.0	0.1987	71.39	1000.0	1.0	6.0	1.5091207235311477e-6	0.08953074603629532	0.05755326125796443	0.03653866465131501	0.023009818555786096	0.014415216653182048	0.009001278417758853	0.005609084647116981	0.003490758624159988	0.0021706926625621663	0.0013491472767107487	0.0008382724228378406	0.000520747506678949	0.00032345793662094446	0.0002008992043563326	0.0001247740710165037	7.749492128762532e-5	4.813422931779514e-5	2.990424139153243e-5	1.8589808011009844e-5	1.1574548799601876e-5	7.236139989373959e-6	4.571259884530662e-6	2.963601247405764e-6	2.0413554588723174e-6	1.591229832630067e-6	1.5091207235311477e-6	1.7760375574276906e-6	2.453710235236029e-6	3.6988635874651397e-6	5.799458173059557e-6
358.0	0.2083	79.38	996.4	1.0	6.0	1.4330312640821262e-6	0.08575842708163733	0.055046818889554004	0.0349134977139826	0.021972662034733508	0.013760000521382673	0.008589997346895707	0.005351960460420209	0.003330414627023853	0.0020708583487474524	0.0012870486611477338	0.0007996695433600906	0.0004967595377841173	0.0003085551969596775	0.0001916420407797325	0.00011902421163801425	7.392359210720507e-5	4.59158611014913e-5	2.8525928063054658e-5	1.773283481559505e-5	1.104073903456951e-5	6.902043649749963e-6	4.359610933862131e-6	2.8254510716712723e-6	1.9447533691455196e-6	1.513833997502688e-6	1.4330312640821262e-6	1.683656785626838e-6	2.3236728568787654e-6	3.5010958435060887e-6	5.488223488686966e-6
359.0	0.1954	60.49	1000.0	1.0	6.0	1.6564653753713266e-6	0.0909053056416945	0.058468405328362304	0.03713282730683047	0.02338932755251314	0.014655098616055547	0.009151904402375857	0.005703272947839263	0.0035495027971104427	0.0022072713656832096	0.001371901056146086	0.0008524175572027447	0.0005295376132180279	0.00032891908650448305	0.00020429178500948038	0.0001268816879173598	7.880462567357721e-5	4.894877542254608e-5	3.041195763294814e-5	1.8908095748258354e-5	1.177701251257073e-5	7.369601914059643e-6	4.666585628063349e-6	3.0428371381725365e-6	2.1228268730650396e-6	1.6937792238007084e-6	1.6564653753713266e-6	2.0022546219752575e-6	2.8111174895517936e-6	4.270118059752679e-6	6.716669256634053e-6
360.0	0.1835	55.38	699.1	1.0	6.0	2.049553770135433e-6	0.09623311909191647	0.06202486947648088	0.03944589037438316	0.02486840109878967	0.015590663789729616	0.00973962506420425	0.0060708852162382676	0.0037788186104969835	0.0023500768741577045	0.0014607392357519893	0.0009076470799972676	0.000563859335126588	0.0003502428710777256	0.00021753855564686175	0.00013511096904677246	8.391806624631351e-5	5.212838536680191e-5	3.239287421610478e-5	2.0148370874940314e-5	1.256346009476642e-5	7.884096967416377e-6	5.0281147171494176e-6	3.335012240078191e-6	2.413221011010255e-6	2.049553770135433e-6	2.1599024299612847e-6	2.76978602399687e-6	4.02025061947338e-6	6.200483130134836e-6	9.814675469528514e-6
361.0	0.1835	55.38	699.1	1.0	6.0	2.049553770135433e-6	0.09623311909191647	0.06202486947648088	0.03944589037438316	0.02486840109878967	0.015590663789729616	0.00973962506420425	0.0060708852162382676	0.0037788186104969835	0.0023500768741577045	0.0014607392357519893	0.0009076470799972676	0.000563859335126588	0.0003502428710777256	0.00021753855564686175	0.00013511096904677246	8.391806624631351e-5	5.212838536680191e-5	3.239287421610478e-5	2.0148370874940314e-5	1.256346009476642e-5	7.884096967416377e-6	5.0281147171494176e-6	3.335012240078191e-6	2.413221011010255e-6	2.049553770135433e-6	2.1599024299612847e-6	2.76978602399687e-6	4.02025061947338e-6	6.200483130134836e-6	9.814675469528514e-6
362.0	0.202	55.06	881.6	1.0	6.0	1.8345818660966186e-6	0.0881971361481371	0.056666323294744754	0.03596321695463518	0.022642428559973546	0.014183061258666477	0.008855530325955667	0.005517956866090506	0.003433927327139423	0.0021353067203352828	0.0013271362206883695	0.0008245895097438718	0.0005122451544473276	0.000318176290674374	0.00019761926343949811	0.0001227382309325143	7.62327120319105e-5	4.7353873834913065e-5	2.942531597000482e-5	1.830156889252756e-5	1.1410340681817552e-5	7.1579882240078126e-6	4.561090801475822e-6	3.01906339870938e-6	2.1752761519187493e-6	1.8345818660966186e-6	1.9181855714837058e-6	2.445421334961777e-6	3.538222166335265e-6	5.449315084726891e-6	8.620657133545298e-6
363.0	0.2175	69.09	1000.0	1.0	6.0	1.5631030631501272e-6	0.08243000738888803	0.05284146053261187	0.033486158430856075	0.021062823584515496	0.01318564427522387	0.008229641145273196	0.005126739535153367	0.0031899914236045855	0.0019834372521612634	0.0012326751963750546	0.0007658705018453368	0.00047575742101266906	0.00029550791398046556	0.00018353791821483262	0.00011399120858152349	7.079855740327108e-5	4.397637805539168e-5	2.7323565469820395e-5	1.698956177612694e-5	1.0584671531171518e-5	6.627710333444717e-6	4.203567176475213e-6	2.751608323824575e-6	1.9360337363470626e-6	1.5682209025833818e-6	1.5631030631501272e-6	1.9194957757543655e-6	2.7198220284895686e-6	4.149172017152015e-6	6.5381022535426124e-6
364.0	0.2179	73.66	1000.0	1.0	6.0	1.504144588609469e-6	0.0822911443968573	0.05274957691608235	0.033426742885509134	0.021024971551498312	0.01316175796796832	0.008214658076910002	0.005117376519989894	0.0031841541812606044	0.0019798034404183034	0.0012304151263533378	0.0007644656207302593	0.00047488441463898587	0.00029496549422144535	0.00018320087402744843	0.00011378168105166296	7.066812282436126e-5	4.3894883392123466e-5	2.727216802390051e-5	1.695637644954564e-5	1.056202403417494e-5	6.610363084152266e-6	4.187508238895216e-6	2.733123645489489e-6	1.9108482491668236e-6	1.530509757580987e-6	1.504144588609469e-6	1.8256543294051727e-6	2.5693946932337756e-6	3.907369730694725e-6	6.149005442945624e-6
365.0	0.2419	45.65	1000.0	1.0	6.0	1.8770766284951773e-6	0.07473695650895111	0.04776608104820117	0.030210533021465126	0.01897858500183884	0.011871425246557626	0.007405681428482953	0.00461200045441848	0.0028691464871826253	0.0017837288125863934	0.0011084757781538587	0.0006886723828581941	0.0004277901482606753	0.00026571004233697665	0.00016503032232799254	0.00010249829210654381	6.366411040945653e-5	3.955107044463366e-5	2.4584193367385743e-5	1.5302672764962212e-5	9.560164810463059e-6	6.028654912954701e-6	3.891420212834624e-6	2.6541790794884318e-6	2.030789571358491e-6	1.8770766284951773e-6	2.1574892081336435e-6	2.936877606244442e-6	4.395488788745028e-6	6.8706447655875075e-6	1.093473447989568e-5
366.0	0.2791	38.82	964.1	1.0	6.0	2.096693838282287e-6	0.06542745742468958	0.04166486071806129	0.026289784208515573	0.01649073615965384	0.010305445076592873	0.006424954212757485	0.0039997466698593965	0.002487682370017173	0.0015463514930543797	0.0009608743806938345	0.000596937789465017	0.0003707941519001509	0.00023030467133401694	0.00014304018156133792	8.884258749405086e-5	5.518651775082587e-5	3.4291654205689e-5	2.1326851758460413e-5	1.3294163222167754e-5	8.336004544768209e-6	5.305738050570533e-6	3.502557664602336e-6	2.509437470661828e-6	2.096693838282287e-6	2.1688685564307925e-6	2.7426520706529705e-6	3.9507415868954705e-6	6.07252446841511e-6	9.598676713569082e-6	1.534459923012909e-5
367.0	0.2118	42.92	755.4	1.0	6.0	2.2347597797126576e-6	0.08446098165870752	0.05418646837952042	0.03435637681228395	0.021617414055691862	0.013535694641087326	0.008449247129087551	0.005263984973135814	0.003275559979922436	0.002036707442571442	0.0012658076666161022	0.0007864663266901491	0.0004885561102287538	0.000303460317051157	0.00018847970077484597	0.00011706392816242147	7.271233980047189e-5	4.517363659265451e-5	2.8081122074826302e-5	1.7482592977252038e-5	1.0927193331443713e-5	6.898936283764266e-6	4.46622432611843e-6	3.066442936201762e-6	2.375859783748892e-6	2.2347597797126576e-6	2.610508540823611e-6	3.5900038624643182e-6	5.399768430918886e-6	8.458326128377914e-6	1.3472961904599794e-5
368.0	0.2575	50.16	868.3	1.0	6.0	1.9401142851332483e-6	0.07052859359122632	0.04500254267577763	0.028432350152447418	0.017849340992899827	0.011160252370528338	0.006960149889949115	0.004333804990102727	0.0026957950799983187	0.0016758472374302953	0.0010413916043255152	0.0006469780939450118	0.00040188431983582436	0.00024961725771717246	0.00015503485556191406	9.629079280706173e-5	5.980983683626951e-5	3.7158965935715276e-5	2.3101151685833898e-5	1.438575047393621e-5	8.997317481345664e-6	5.689715651138133e-6	3.698002527116699e-6	2.5615506706796577e-6	2.017527797328536e-6	1.9401142851332483e-6	2.3114050982921845e-6	3.2172678320609875e-6	4.867198005717127e-6	7.642759790911567e-6	1.2185804335487193e-5
369.0	0.3326	40.64	1000.0	1.0	6.0	1.9857648247874768e-6	0.05548726177623781	0.035198850638887294	0.02215467615692118	0.013874949059622733	0.008662136056868136	0.005397054285227277	0.0033585331943072855	0.0020883649539332437	0.0012979379444292693	0.0008064389648421949	0.000500966605159748	0.00031116978179941923	0.0001932676316447085	0.00012003630665626797	7.455608746677741e-5	4.631497018809547e-5	2.8783929634498e-5	1.790938885224469e-5	1.1176674788609265e-5	7.028798633103161e-6	4.506500309412193e-6	3.0264469371789356e-6	2.2463415205342345e-6	1.9857648247874768e-6	2.1844509137045715e-6	2.8883488744619264e-6	4.260247130263707e-6	6.617414760633607e-6	1.050495751409778e-5	1.6821833006173656e-5
370.0	0.386	37.6	1000.0	1.0	6.0	2.088696559582118e-6	0.04818095818654128	0.0304778109249935	0.019148454329157533	0.011978458263283155	0.007472755770957725	0.004653890699280084	0.0028952526891573576	0.0017999767503042244	0.0011185798421338739	0.0006949526368772327	0.00043169259427705694	0.00026813472873095953	0.00016653706115778334	0.0001034351873222863	6.424770225469204e-5	3.991627592801414e-5	2.4815455440012898e-5	1.54534692132922e-5	9.665368494697948e-6	6.112595990381132e-6	3.9735120003448776e-6	2.7534074386054768e-6	2.1701037054094316e-6	2.088696559582118e-6	2.4903571473527892e-6	3.467976303393805e-6	5.247643400753252e-6	8.240923158778315e-6	1.3140007641064862e-5	2.10777171748189e-5
371.0	0.3752	38.31	1000.0	1.0	6.0	2.0586200605793917e-6	0.04949916878812059	0.03132761536778833	0.019688781683816207	0.012319005601249933	0.0076862027761163505	0.0047872098652439795	0.002978343231294418	0.0018516924454328868	0.001150740639543379	0.0007149421851191485	0.0004441130097870759	0.0002758504663624197	0.00017132947256731553	0.00010641144642675566	6.609568838772654e-5	4.10632093525662e-5	2.552652829485269e-5	1.5893110901387166e-5	9.93524856665775e-6	6.2751280576426285e-6	4.066284782172406e-6	2.7978767425102603e-6	2.1765541675389225e-6	2.0586200605793917e-6	2.4167978944333167e-6	3.333922318478472e-6	5.0220927901494e-6	7.871715913158625e-6	1.2541767151308162e-5	2.0112117349615034e-5
372.0	0.2484	35.49	823.0	1.0	6.0	2.3705685279262992e-6	0.07292391922556632	0.04657438810979184	0.02944328000594201	0.018491148299599403	0.011564373219825305	0.0072132916648200325	0.004491858385603065	0.002794278200627488	0.0017371345466817689	0.0010795015862387976	0.00067066445881771	0.0004166019188432312	0.0002587609635682679	0.00016071594241320463	9.98218367134388e-5	6.200697712584054e-5	3.8530155576491914e-5	2.3963441098576062e-5	1.4938539416981133e-5	9.368442957217602e-6	5.965006749220611e-6	3.9411265168041946e-6	2.8287361780094727e-6	2.3705685279262992e-6	2.460659874927777e-6	3.1198437523299376e-6	4.5005666061719264e-6	6.922136759841803e-6	1.09445503335569e-5	1.7497945797011613e-5
373.0	0.2703	24.3	810.8	1.0	6.0	2.872167814022239e-6	0.06741391902497351	0.04296303121442153	0.027122466950390604	0.017018476903475112	0.01063738392064829	0.006632740181312019	0.004129426483458926	0.002568464684202174	0.001596615321923721	0.000992126864493016	0.0006163614104936358	0.0003828635859492999	0.00023780453043844115	0.00014770240351658594	9.174443459479949e-5	5.6998736006951124e-5	3.5433221067495694e-5	2.206172957071174e-5	1.3792291373281013e-5	8.712580926232927e-6	5.647853429541417e-6	3.889334633176535e-6	3.0303282840513862e-6	2.872167814022239e-6	3.3782723383158045e-6	4.6656846531948356e-6	7.03213234810628e-6	1.1024862731277133e-5	1.756714861226172e-5	2.8171663677788448e-5
374.0	0.2801	23.03	890.5	1.0	6.0	2.8208886116962482e-6	0.06520910594849438	0.041522288353239796	0.026198385081381708	0.016432829412813564	0.010269031033181861	0.006402163160014364	0.003985524105906679	0.0024788233399180215	0.0015408398656469675	0.0009574481252718358	0.0005948093928848904	0.00036947325654561086	0.0002294865137197127	0.00014253582145707123	8.853548595999031e-5	5.500569070646719e-5	3.419529635705457e-5	2.129268381584081e-5	1.331428526732082e-5	8.415071278690793e-6	5.462036207054611e-6	3.7722356345050666e-6	2.95486554086996e-6	2.8208886116962482e-6	3.3393170185300136e-6	4.630043818678963e-6	6.991563395954884e-6	1.0969983810670125e-5	1.748526973114235e-5	2.8043854046288574e-5
375.0	0.3045	26.39	622.7	1.0	6.0	3.1534274688142878e-6	0.06029894608324753	0.03832258246603789	0.024149780298232126	0.015135979106762459	0.009453940553411	0.0058921725921538305	0.003667330289415033	0.002280645287446161	0.0014175458777277857	0.0008807949806937058	0.0005471740227032913	0.000339879231764732	0.00021110504324328076	0.00013112171021154067	8.145122512027167e-5	5.0613740473128795e-5	3.148023844209524e-5	1.9626716407794255e-5	1.2312156815275197e-5	7.845030438614657e-6	5.19225209650939e-6	3.740315552859333e-6	3.1534274688142878e-6	3.2958543109752163e-6	4.2005313729772225e-6	6.076675084657187e-6	9.35815435337883e-6	1.480379256428172e-5	2.3672756223682337e-5	3.801548494339841e-5
376.0	0.225	39.09	658.6	1.0	6.0	2.5408247063661375e-6	0.07990192111946404	0.05117022491501367	0.03240613178568281	0.020375037428934085	0.012751728619464086	0.00795750323925575	0.0049566956432478704	0.0030839866979890385	0.0019174500009249652	0.0011916358454616286	0.0007403617571726228	0.0004599083374959779	0.00028566401084704416	0.00017742678372821498	0.00011020111576260051	6.845357398136795e-5	4.253440419669574e-5	2.64511976429196e-5	1.6485076176677924e-5	1.0331405318764483e-5	6.567093740532812e-6	4.321582834306043e-6	3.0755512840179644e-6	2.5408247063661375e-6	2.593733367624552e-6	3.246511220378764e-6	4.650122695436995e-6	7.129168433304387e-6	1.1256933969335632e-5	1.7987914454660434e-5
377.0	0.2449	34.52	799.9	1.0	6.0	2.4330196454749443e-6	0.07388909487758269	0.047208579552869834	0.029851506481448735	0.018750459350618386	0.011727707366712784	0.0073156264624262895	0.00455576148476582	0.0028340995736373647	0.0017619171596482991	0.0010949124754380008	0.0006802428289598931	0.0004225533827088995	0.00026245823882246585	0.00016301269126847603	0.0001012486933384248	6.28937291612341e-5	3.9081807460152636e-5	2.4307546424200486e-5	1.5154670200578903e-5	9.506580969511589e-6	6.05709857256781e-6	4.008470343675697e-6	2.886906905220907e-6	2.4330196454749443e-6	2.541834771416734e-6	3.2385159588889476e-6	4.684181188800468e-6	7.213156482722219e-6	1.1410273072026355e-5	1.8246060448999008e-5
378.0	0.2523	46.69	1000.0	1.0	6.0	1.860840800388046e-6	0.07187771415461394	0.0458874931331415	0.029001353794931146	0.018210522167081755	0.011387649591958305	0.007102582166765511	0.0044227312324967415	0.0027512035260193017	0.0017103279488079395	0.001062832175129631	0.0006603036033624427	0.00041016366846515406	0.0002547602620677594	0.0001582290460076658	9.827417053335977e-5	6.104082691520643e-5	3.792215919085841e-5	2.3573015756035073e-5	1.4675401033512111e-5	9.171738233624455e-6	5.789243990475066e-6	3.7456563251547905e-6	2.5683509051925305e-6	1.9850471530768304e-6	1.860840800388046e-6	2.1670049082603574e-6	2.9743454061022655e-6	4.4695736002148545e-6	6.998479285134752e-6	1.1145880081572424e-5
379.0	0.3799	32.87	924.3	1.0	6.0	2.3562411987235696e-6	0.04891674246188841	0.030952038720406253	0.019449937038203847	0.012168453783653199	0.007591833656567632	0.004728264205300306	0.0029416046436242637	0.0018288259718461657	0.0011365204938631427	0.0007061038204113574	0.00043862167744589434	0.0002724397581908712	0.0001692119611994817	0.00010509793529668529	6.528259804761389e-5	4.0562569342154994e-5	2.5222582058281043e-5	1.571557400276051e-5	9.843065057895276e-6	6.246979591126369e-6	4.095661843156139e-6	2.8915737936696453e-6	2.3562411987235696e-6	2.365854203781025e-6	2.9226340978658385e-6	4.155345017426643e-6	6.349067211333527e-6	1.001111070803073e-5	1.5988294779812593e-5	2.5662667918961515e-5
380.0	0.2723	28.78	774.8	1.0	6.0	2.685767017693353e-6	0.06695193115646259	0.04266093899636578	0.02692862221921257	0.01689559121711815	0.010560079233666239	0.006584344561497577	0.004099220809077686	0.002549647748982843	0.0015849068968413536	0.0009848468193840254	0.0006118367669709745	0.0003800520390699119	0.0002360574306716218	0.0001466163016744046	9.106837670755445e-5	5.657645611396386e-5	3.516709020410661e-5	2.1890210970244294e-5	1.3675721663903644e-5	8.624002036750045e-6	5.5667797354533825e-6	3.797015853951204e-6	2.9054133407345883e-6	2.685767017693353e-6	3.087276335699306e-6	4.202795323086813e-6	6.290301263156933e-6	9.832541053330744e-6	1.564863212701182e-5	2.508338169419558e-5
381.0	0.2658	29.5	737.8	1.0	6.0	2.7164479999293015e-6	0.06847707053110401	0.043658634764908735	0.027568989305074145	0.017301614135204427	0.010815526887858716	0.006744275104462594	0.0041990440866901315	0.0026118351534674877	0.0016236019985661808	0.0010089063857783161	0.0006267894637498804	0.00038934227861724287	0.00024182851007338078	0.00015020088951468437	9.32947177030329e-5	5.795914940997587e-5	3.602580538638632e-5	2.2423505164408766e-5	1.400691701391582e-5	8.829690267894717e-6	5.6945295961359425e-6	3.876372191033897e-6	2.9547292153360028e-6	2.7164479999293015e-6	3.1064182381818e-6	4.214825232135368e-6	6.298001445054422e-6	9.837692386441313e-6	1.5652425967764695e-5	2.5086695409711725e-5
382.0	0.2	35.88	540.3	1.0	6.0	2.9153672158936187e-6	0.08900059860913197	0.05720056737105101	0.03630978858217861	0.02286367502589612	0.014322860143891388	0.008943293634423859	0.00557282908646297	0.003468147834851039	0.002156614294226837	0.001340390702146875	0.0008328300039128976	0.0005173673189010018	0.0003213608369145306	0.00019960119024192146	0.0001239753298316609	7.701087173911328e-5	4.785297905914143e-5	2.9760765575240006e-5	1.855093234456329e-5	1.1631285455325822e-5	7.401612209797556e-6	4.883738215671307e-6	3.4953550942817456e-6	2.9153672158936187e-6	3.0096369898134936e-6	3.799963118334062e-6	5.469118338245022e-6	8.403108036217824e-6	1.3280410924954276e-5	2.1228807387678843e-5
383.0	0.3695	35.1	494.1	1.0	6.0	3.0390876922201338e-6	0.05022439790094092	0.03179551448170557	0.019986434327306773	0.012506664602106627	0.007803846753843524	0.0048606997946162266	0.0030241493383903204	0.0018802040544359147	0.0011684725598748546	0.000725964748965584	0.0004509636463156061	0.0002801090050517543	0.00017397905670977614	0.00010806418730244622	6.713356715669815e-5	4.172616409636633e-5	2.5967847338778285e-5	1.6214846964810244e-5	1.0211806595071873e-5	6.570467741153155e-6	4.448710871334097e-6	3.355835385875189e-6	3.0390876922201338e-6	3.425210003678731e-6	4.603496667882091e-6	6.846438598133996e-6	1.067272323899903e-5	1.6967139306240678e-5	2.7185062737142868e-5	4.3688672766924383e-5
384.0	0.431	27.39	639.5	1.0	6.0	3.0681063307062944e-6	0.04336866899818257	0.027382825172290116	0.01718355678056917	0.010741243452387098	0.006697764602182847	0.004170012607915327	0.0025937488906308303	0.0016123481015101785	0.001001909225397446	0.0006224412470139526	0.00038664141184739626	0.00024015190597534547	0.00014916138931070724	9.26521400861624e-5	5.7564969667656764e-5	3.578889272369575e-5	2.22890800459996e-5	1.3943894891533604e-5	8.823497415350057e-6	5.743734449283608e-6	3.9923549461034455e-6	3.1643139648292886e-6	3.0681063307062944e-6	3.6814787288358247e-6	5.146280520989498e-6	7.801259990452187e-6	1.2260380759596249e-5	1.9554742983011682e-5	3.1370858860672895e-5	5.0440198324720184e-5
385.0	0.4253	28.6	672.2	1.0	6.0	2.9039214055559855e-6	0.04392437385030295	0.02773963595683432	0.01740984577925632	0.010883633757350757	0.006786920692106162	0.004225664113867722	0.0026284196143011077	0.0016339218049060604	0.001015323220856026	0.0006307777114542813	0.00039182059144042704	0.00024336862370773104	0.0001511584418443508	9.389095515948384e-5	5.833188612230288e-5	3.6261215484508984e-5	2.257602169378327e-5	1.4111809072324703e-5	8.911215343554129e-6	5.771541987157562e-6	3.96668289468597e-6	3.0792249101212083e-6	2.9039214055559855e-6	3.4002267769328092e-6	4.682917457274382e-6	7.048628997658586e-6	1.1044438249569794e-5	1.7594329676946768e-5	2.821273477045745e-5	4.535437674704861e-5
386.0	0.5263	29.45	790.5	1.0	6.0	2.691796144572797e-6	0.03579683249490351	0.02253623202975493	0.014115967377507083	0.008813413377025002	0.005491625566766175	0.0034175068485918347	0.0021250830485685123	0.0013207772985636271	0.0008206372164840961	0.000509790263948043	0.0003166529138011042	0.00019667579905172734	0.00012215675487615787	7.58788488844818e-5	4.7145824071167557e-5	2.931497806822577e-5	1.826343021356486e-5	1.1435582903578754e-5	7.252450224087075e-6	4.746619916590484e-6	3.3385684728088518e-6	2.7026513302692928e-6	2.691796144572797e-6	3.3034898906273666e-6	4.679195233811755e-6	7.137058879703064e-6	1.1245467744787611e-5	1.795444096439924e-5	2.881518370046304e-5	4.633841841353071e-5
387.0	0.4355	23.96	1000.0	1.0	6.0	2.5857714473881924e-6	0.0429397886137439	0.02710755116728645	0.0170090205506169	0.010631434859845192	0.006629015714646993	0.00412710180225791	0.0025670164032027777	0.0015957140233668302	0.0009915662423602392	0.0006160126342508869	0.00038264631145875397	0.00023766863041685076	0.0001476164948708632	9.168866690248244e-5	5.696021846775284e-5	3.5403048126419374e-5	2.2032923925103747e-5	1.3758191303142192e-5	8.665299963009881e-6	5.5764565943774885e-6	3.777309459308258e-6	2.851765997325136e-6	2.5857714473881924e-6	2.9178063185678984e-6	3.9246577508698056e-6	5.839173284270425e-6	9.10409796276219e-6	1.4474430733951325e-5	2.31919326530139e-5	3.7272042327269746e-5
388.0	0.3707	21.2	697.0	1.0	6.0	3.310226633740951e-6	0.05006995750619885	0.031695851561057434	0.019923025116895938	0.012466683892186043	0.0077787813723448375	0.004845041466581096	0.0030143894599916083	0.0018741292406823963	0.0011646948380396474	0.0007236169896977234	0.00044950540417541113	0.00027920400079570754	0.00017341836072011992	0.00010771826850371506	6.692247821963646e-5	4.160110632307294e-5	2.589990590567779e-5	1.6188311661639447e-5	1.0220541584006254e-5	6.616493690787642e-6	4.5426726715009906e-6	3.5194642000385214e-6	3.310226633740951e-6	3.8665657219986485e-6	5.317140024743736e-6	7.997406236369977e-6	1.2527173230971091e-5	1.9953872285299195e-5	3.1994601749641576e-5	5.143272669421525e-5
389.0	0.4296	26.51	579.9	1.0	6.0	3.3158627285189913e-6	0.043503851200866944	0.027469609829041446	0.017238589832423032	0.010775870260145246	0.006719444932794857	0.004183545243586054	0.0026021796341479967	0.001617594180988334	0.001005171311831129	0.0006244689057361803	0.00038790170991720034	0.0002409355950671226	0.0001496494389762003	9.295731745082367e-5	5.7757813963438354e-5	3.5913988634824105e-5	2.237535340865994e-5	1.4011296504033264e-5	8.887614913148842e-6	5.819396459233906e-6	4.097060241324511e-6	3.32227831134033e-6	3.3158627285189913e-6	4.076325918357019e-6	5.77953293080859e-6	8.819361492421078e-6	1.3898760293537229e-5	2.219222862521877e-5	3.5617200131541976e-5	5.727684832192062e-5
390.0	0.5518	21.3	710.6	1.0	6.0	3.252670871440218e-6	0.03419915979716971	0.02151719220619039	0.013472424983470354	0.008409550341597329	0.005239174462196707	0.003260090971035045	0.0020270775101238732	0.0012598187813958786	0.0007827446739214854	0.00048624531255603146	0.0003020276202911553	0.00018759440254183794	0.00011652152850198117	7.238748986710422e-5	4.4991242769112474e-5	2.7999014892251085e-5	1.7481788299917903e-5	1.1007507178631761e-5	7.078944274346389e-6	4.787558562916671e-6	3.6034206713043358e-6	3.252670871440218e-6	3.654187419036015e-6	4.900824046705765e-6	7.28087678704802e-6	1.1344736406403588e-5	1.8032118327403485e-5	2.8889232792555734e-5	4.642595980155736e-5	7.469521440223765e-5
391.0	0.645	14.97	737.3	1.0	6.0	3.84954659931914e-6	0.029402839258288935	0.01846546427340666	0.011548197312481624	0.007203157752397619	0.004485530828754914	0.0027903357691300332	0.0017346818360426627	0.0010779776891766157	0.0006697193872255919	0.00041601804689137364	0.00025840362049023795	0.00016050262372682754	9.970326086225113e-5	6.19557410724647e-5	3.853441761600661e-5	2.4024190078872803e-5	1.5069826431281662e-5	9.600632307281463e-6	6.351798811756039e-6	4.571977474232532e-6	3.84954659931914e-6	4.017425203334687e-6	5.114432643254661e-6	7.394259477240399e-6	1.1384117107448464e-5	1.8006607424056993e-5	2.879293665084977e-5	4.623662402715228e-5	7.436909334115346e-5	0.00011968918730245242
392.0	0.3632	14.57	730.2	1.0	6.0	3.978810498477925e-6	0.051051098233856916	0.032329200148796616	0.020326067382276426	0.01272084282739109	0.007938136259170434	0.004944595895809022	0.00307644470762405	0.0019127560485381575	0.0011887177250102868	0.0007385497555870683	0.00045878538124114685	0.0002849711576963012	0.00017700409002285026	0.00010995093658713049	6.831809262160397e-5	4.248230380806534e-5	2.6470435099253514e-5	1.658010321391768e-5	1.0524200570714925e-5	6.902246829596093e-6	4.87660709767093e-6	3.978810498477925e-6	4.001219304719887e-6	4.949010375908686e-6	7.041366725831562e-6	1.0762149317389497e-5	1.697174805928985e-5	2.7105926281049894e-5	4.3507504685947366e-5	6.99672268049639e-5
393.0	0.2809	14.29	763.9	1.0	6.0	3.830339467893086e-6	0.06503547132533234	0.04140893109476303	0.026125722120884595	0.016386796063042438	0.010240084657158212	0.0063840465658379815	0.003974218930367121	0.0024717818292037765	0.0015364594366472208	0.0009547257338758459	0.0005931192957680394	0.0003684260718265	0.00022884062943700866	0.00014214208194350498	8.830291387074153e-5	5.4880530300108245e-5	3.414861350916087e-5	2.131368669056099e-5	1.3407833260628048e-5	8.60280068256324e-6	5.787364832790519e-6	4.31040442594675e-6	3.830339467893086e-6	4.236140724117647e-6	5.621650630647123e-6	8.307276540339009e-6	1.2914062824990998e-5	2.050724286526079e-5	3.284239041390937e-5	5.2770890198140135e-5
394.0	0.3383	8.515	635.7	1.0	6.0	5.442868965291336e-6	0.05460341764693941	0.03462632653280667	0.021789528605969635	0.013644361564934246	0.00851743224755044	0.0053066034404891105	0.0033021342758195204	0.0020532535884600503	0.0012761020062598768	0.0007928702084879934	0.0004925430749409405	0.0003059495531282351	0.00019004579194285574	0.0001180686446009774	7.338788392111528e-5	4.567618297739933e-5	2.852687417609804e-5	1.7974634112634855e-5	1.1579318197372392e-5	7.861965210631666e-6	5.962882496891806e-6	5.442868965291336e-6	6.181653470805329e-6	8.350075824688231e-6	1.244957344180493e-5	1.9428081773262672e-5	3.0899083869384694e-5	4.951428676399722e-5	7.957563940797712e-5	0.00012802700163218585
395.0	0.2606	11.73	623.6	1.0	6.0	4.704361410763525e-6	0.06974813936875278	0.044491031226560306	0.02810363673062775	0.017640758534868236	0.01102895906677136	0.006877924785503138	0.00428247355170366	0.0026638140644382052	0.0016559477623520377	0.0010290207906273555	0.0006392939567960826	0.0003971170681020902	0.00024666717872663365	0.00015322075886800056	9.519354070306723e-5	5.9175821822022464e-5	3.6841616839639956e-5	2.3027096662789235e-5	1.453787142727483e-5	9.410800095120324e-6	6.460190306349255e-6	5.003662162340182e-6	4.704361410763525e-6	5.4930620501474e-6	7.552151860370805e-6	1.1357793192396852e-5	1.7789988896019988e-5	2.833594993970828e-5	4.5433644546786004e-5	7.30345821448456e-5
396.0	0.3994	13.54	556.7	1.0	6.0	4.612486450226812e-6	0.04663987776398636	0.029485426259411234	0.018517916546598755	0.011581232638784774	0.007223854446445595	0.004498454631070379	0.0027983894365532047	0.0017396945011629104	0.0010810956918574422	0.0006716588339258838	0.00041722555058506486	0.0002591577022817532	0.00016097739775220243	0.00010000842083221196	6.216182103414549e-5	3.868906291600737e-5	2.416316049238926e-5	1.5225260382684566e-5	9.808477271544729e-6	6.6601242161220225e-6	5.052091331208187e-6	4.612486450226812e-6	5.239636107172378e-6	7.078568463776297e-6	1.0554537389984143e-5	1.647132328542337e-5	2.619699547557418e-5	4.1979966872134736e-5	6.746809432795723e-5	0.00010854999210426162
397.0	0.3988	10.66	812.2	1.0	6.0	4.301985358585128e-6	0.04670677005705912	0.02952847729527243	0.018545260187457207	0.011598454568166666	0.007234644092537265	0.004505191964568148	0.0028025875993756655	0.0017423069310849373	0.0010827198049048299	0.0006726676293759384	0.0004178513278256661	0.0002595447990080313	0.0001612151902566189	0.00010015184723420995	6.224403036039598e-5	3.8729059782051496e-5	2.4170192003799132e-5	1.5200951515316326e-5	9.747205479918628e-6	6.54771860320845e-6	4.862555239479679e-6	4.301985358585128e-6	4.736360790777187e-6	6.266130115041869e-6	9.245057322667967e-6	1.4362001365089728e-5	2.280013265863696e-5	3.6510310312489816e-5	5.866158691130667e-5	9.437236070817154e-5
398.0	0.3913	12.53	1000.0	1.0	6.0	3.672336144663162e-6	0.04755940911765279	0.030077419954778143	0.018893997629519644	0.011818132863514089	0.007372286946682671	0.004591145562806525	0.002856150443834433	0.0017756413062862718	0.0011034478064563052	0.0006855493854197287	0.0004258530497917219	0.0002645120714542391	0.00016429489161872787	0.00010205549638457559	6.341161148668876e-5	3.943049807695009e-5	2.4567672279157775e-5	1.5386386018780236e-5	9.763475006554709e-6	6.398583790852646e-6	4.513524161738341e-6	3.672336144663162e-6	3.6804739494205087e-6	4.539814869355357e-6	6.449088726791527e-6	9.849822678890717e-6	1.552841040745184e-5	2.4797866609057942e-5	3.980118336876523e-5	6.400613935407277e-5
399.0	0.4995	9.533	1000.0	1.0	6.0	4.142581539485876e-6	0.037645147665991426	0.023716700806886724	0.014862082442348216	0.00928189544872697	0.005784567004258094	0.0036002089408811618	0.002238847218871911	0.0013915448391508178	0.000864631970363184	0.0005371319406994473	0.0003336436912701466	0.00020723703527177073	0.00012872785768071804	7.997834779922678e-5	4.972137314772401e-5	3.0962064855586124e-5	1.9362920732463774e-5	1.2241738923249762e-5	7.951707944343185e-6	5.500698312609353e-6	4.321866925834628e-6	4.142581539485876e-6	4.921373155682672e-6	6.83834121272479e-6	1.0336788430104504e-5	1.622569694115009e-5	2.586669651364443e-5	4.148863762281212e-5	6.670218762838329e-5	0.00010733259519600786
400.0	0.5712	13.08	1000.0	1.0	6.0	3.5251574247446193e-6	0.033076059551567	0.020801595954359726	0.013020812279237676	0.008126253393172937	0.005062134367801449	0.0031497155990760947	0.001958365845428529	0.0012170833911803328	0.0007561807475620777	0.000469739697341195	0.00029177470186968625	0.0001812274460390861	0.0001125697462315509	6.993759491507326e-5	4.3476887180425094e-5	2.7070060818620952e-5	1.6923427062194833e-5	1.0690616516775398e-5	6.930239766884194e-6	4.77265006966285e-6	3.7188606316190795e-6	3.5251574247446193e-6	4.1467384400457425e-6	5.727349378639259e-6	8.632516485197661e-6	1.3534049925799836e-5	2.1565327564244248e-5	3.4583182901734655e-5	5.559673329070741e-5	8.946172269187377e-5
401.0	0.4245	17.98	931.7	1.0	6.0	3.1411585577104713e-6	0.04400350921008301	0.02779046017304878	0.01744208348497674	0.010903921061682002	0.006799624176424343	0.004233594023371255	0.0026333601219357522	0.001636996186008781	0.0010172350159229776	0.0006319661784544915	0.0003925594774779464	0.00024382838505869592	0.00015144524473788244	9.40710666674518e-5	5.84469374251932e-5	3.63378059230005e-5	2.2631861334422014e-5	1.4159811016504211e-5	8.962480863277033e-6	5.837927459426674e-6	4.063541715064139e-6	3.228958172041027e-6	3.1411585577104713e-6	3.779833942971848e-6	5.29268506991763e-6	8.02957121305018e-6	1.2623394596193056e-5	2.0136397132146306e-5	3.2305626399996844e-5	5.194413832868449e-5
402.0	0.4697	19.07	881.3	1.0	6.0	3.1468820182919224e-6	0.03993812947251259	0.025183500144514884	0.015790111735895205	0.009864972276341928	0.006149309799409173	0.003827748203862566	0.0023805511263627313	0.001479698796863416	0.0009194353131858278	0.0005711865339949459	0.00035479745298302323	0.0002203715025180178	0.00013687655692059926	8.502428158351183e-5	5.2830934848572706e-5	3.285418967089177e-5	2.0475124369393615e-5	1.2831214915864144e-5	8.154776065422222e-6	5.364319131231783e-6	3.8144981001934987e-6	3.1468820182919224e-6	3.207067317462673e-6	4.0089695115144346e-6	5.73803745549956e-6	8.794129950120174e-6	1.3883957136356694e-5	2.2184430102676706e-5	3.561460238394197e-5	5.7278849978034885e-5
403.0	0.4905	34.04	691.8	1.0	6.0	2.638117203619021e-6	0.03830941767693133	0.024141361968389456	0.01513065412535588	0.00945059533456703	0.005890080111626562	0.0036660248780680097	0.002279832149387704	0.0014170397132492946	0.0008804797938619558	0.0005469773307729309	0.0003397557036650872	0.0002110261711554671	0.0001310692764486213	8.141311203741633e-5	5.058113685324691e-5	3.1445605119210424e-5	1.9582043984249504e-5	1.2247113687537645e-5	7.744573634972311e-6	5.033148223233337e-6	3.4857675561750243e-6	2.7445645602213874e-6	2.638117203619021e-6	3.141804755753778e-6	4.372111886805666e-6	6.61356158433588e-6	1.0384498636291058e-5	1.655691769234027e-5	2.655799656349214e-5	4.2699807649976485e-5
404.0	0.6089	21.42	481.4	1.0	6.0	3.997508689332703e-6	0.031091842599456875	0.019538836118647533	0.012224486787986813	0.007626955297193247	0.004750202037462669	0.0029552780188330913	0.0018373372343459932	0.0011418148586151051	0.0007093967643634426	0.0004406713124260162	0.00027371877919581843	0.00017001566075516876	0.00010561199231031014	6.562582595748135e-5	4.0814319803047406e-5	2.544106816906428e-5	1.5951322525377824e-5	1.015059784452107e-5	6.6974215225643285e-6	4.793189603507686e-6	3.997508689332703e-6	4.126357190822426e-6	5.209527699346937e-6	7.497510168309592e-6	1.1519400887273599e-5	1.8205206808028252e-5	2.9100768528354314e-5	4.6724844621564876e-5	7.515051720895711e-5	0.00012094428061333252
405.0	0.6035	24.3	362.4	1.0	6.0	4.285189158913455e-6	0.03136131988576169	0.019710219245070555	0.012332519932511126	0.007694674656723981	0.004792502299898623	0.0029816426074362598	0.001853747206541259	0.0011520203373198354	0.000715740592773791	0.0004446139344845186	0.00027616943411244493	0.0001715401275694147	0.00010656246000743584	6.622196800542686e-5	4.119395356984493e-5	2.5691972662438146e-5	1.6131518093953198e-5	1.0301756557807278e-5	6.854501810959619e-6	4.992520032489766e-6	4.285189158913455e-6	4.568919924784473e-6	5.909322566646008e-6	8.616370551139543e-6	1.3316058212895397e-5	2.1095093069557053e-5	3.375200194860441e-5	5.4212505222135105e-5	8.720465207365371e-5	0.00014034837406955386
406.0	0.8095	25.98	372.5	1.0	6.0	4.110860636969021e-6	0.023568683190805854	0.014768491004379252	0.009223115233762652	0.005747806085881268	0.0035772796574921025	0.0022245689153041277	0.0013826627336585105	0.0008591102017123849	0.0005337005458971488	0.0003315118052948258	0.00020591265710325233	0.00012790509527706983	7.94670712259938e-5	4.940339571655887e-5	3.0763868549899046e-5	1.923867595899433e-5	1.2162713966350447e-5	7.899627352363216e-6	5.463517475781166e-6	4.290986926515589e-6	4.110860636969021e-6	4.881475229653323e-6	6.781039270262031e-6	1.0248831213441085e-5	1.6086745558817006e-5	2.5644624219713903e-5	4.1132109135089466e-5	6.612881116539077e-5	0.00010640993128284396	0.00017127606814363588
407.0	0.599	25.93	385.1	1.0	6.0	4.062454619680846e-6	0.03158947849017487	0.0198553520381494	0.012424016910882288	0.007752032778580083	0.004828332076412626	0.0030039747576494705	0.0018676471831051281	0.0011606643462475006	0.0007211128919746056	0.0004479512587846018	0.000278241410443211	0.00017282510137116378	0.00010735728721746494	6.671034756907009e-5	4.1488788081399895e-5	2.5861432121181413e-5	1.6214787583257377e-5	1.0318091784179229e-5	6.8076797839041595e-6	4.871711673649961e-6	4.062454619680846e-6	4.192747282225846e-6	5.292716019641869e-6	7.616735081648806e-6	1.1702233137801127e-5	1.849392272601619e-5	2.9562118827985936e-5	4.746546982346216e-5	7.634155251810037e-5	0.00012286078357767776
408.0	0.9511	26.14	405.8	1.0	6.0	3.974893587087857e-6	0.02013042119345509	0.012597458358072603	0.007860771726920327	0.004896262194653473	0.003046316388628844	0.0018940023677554189	0.0011770545729060979	0.0007313002812454994	0.00045428089045377283	0.00028217292883823736	0.00017526613740550287	0.00010887176585983849	6.76482907804081e-5	4.2067027872130455e-5	2.6213666724640017e-5	1.642246739551814e-5	1.0429243372495308e-5	6.848008155054127e-6	4.8505432305688045e-6	3.974893587087857e-6	4.018543398929526e-6	4.99158183539555e-6	7.1190305084726055e-6	1.0892865005685214e-5	1.7185741147367788e-5	2.7452672518644188e-5	4.4067156816728734e-5	7.086911078289513e-5	0.00011405035712723723	0.00018357991357629563
409.0	0.7066	27.8	556.6	1.0	6.0	3.2978859396359906e-6	0.02690854457675979	0.016882864293105204	0.01055207346605804	0.006579332890156087	0.004096093006179906	0.002547699472566537	0.0015836949498021092	0.000984093769191096	0.0006113695569033797	0.00037976304127078527	0.000235879971240478	0.0001465094017558914	9.100733719953909e-5	5.6547169355834226e-5	3.5162786435554516e-5	2.1909896222619633e-5	1.3723949257689867e-5	8.71192616336503e-6	5.714735370240231e-6	4.039221771607575e-6	3.2978859396359906e-6	3.319275035533251e-6	4.108331877114872e-6	5.847534125528465e-6	8.939083323560368e-6	1.4097887052217171e-5	2.2516801559895213e-5	3.6142253518095596e-5	5.812373143294203e-5	9.354044355551024e-5
410.0	0.6789	29.83	458.1	1.0	6.0	3.493024634846321e-6	0.02797572766719157	0.017559608920696277	0.010977884435970453	0.006845940098753457	0.004262506424744924	0.002651373298224704	0.001648205310838793	0.0010242050622503787	0.0006362985514489344	0.000395252061237027	0.0002455023336774215	0.00015248709605467266	9.472154315543829e-5	5.885638962880289e-5	3.660089645038022e-5	2.2809423953751575e-5	1.4292906993392185e-5	9.081890445197818e-6	5.971266723068167e-6	4.241648705115833e-6	3.493024634846321e-6	3.5522560411267627e-6	4.433036926216989e-6	6.339056071970748e-6	9.711088975679616e-6	1.532889435151489e-5	2.4491436916420642e-5	3.9317001974460034e-5	6.323230997550843e-5	0.00010176297077812596
411.0	0.841	33.17	413.2	1.0	6.0	3.4178973711353637e-6	0.022705956492003652	0.014223200271602711	0.00888072806165301	0.005533711053539304	0.003443752430419943	0.002141424812321577	0.0013309427903011094	0.0008269573904240142	0.0005137190705347254	0.00031909600156350133	0.00019819704415371467	0.00012310754224676158	7.647890312723968e-5	4.753385859659832e-5	2.9580711431287933e-5	1.846831102860964e-5	1.1626991956015944e-5	7.474654823530653e-6	5.051010507408629e-6	3.7955433268341574e-6	3.4178973711353637e-6	3.830730367862583e-6	5.1295125850141836e-6	7.614597906306888e-6	1.1860662913914426e-5	1.8849547583539878e-5	3.019715261790665e-5	4.8526692540195745e-5	7.807416940201509e-5	0.00012566490791151116
412.0	0.6421	35.68	387.1	1.0	6.0	3.482189328776101e-6	0.029531712689716407	0.018547315114209238	0.011599748756716825	0.007235454775191307	0.004505697951650183	0.0028029025256610172	0.0017425023154094652	0.0010828403252816936	0.0006727409622572531	0.0004178943573231704	0.0002595674474905241	0.00016122268447262773	0.00010014591606170331	6.222330034355046e-5	3.868873587900244e-5	2.4100947914792788e-5	1.5086772483829667e-5	9.56168439197882e-6	6.247948647060552e-6	4.379206807572173e-6	3.5232724137569294e-6	3.482189328776101e-6	4.246452042047843e-6	5.992803450949914e-6	9.12509715251394e-6	1.4367660361370398e-5	2.2932711435942774e-5	3.6800450178055695e-5	5.9176335675632056e-5	9.523062523152701e-5
413.0	0.4944	28.4	449.3	1.0	6.0	3.5422349675293524e-6	0.038018710927317935	0.023955489364578003	0.015013090578802516	0.00937674505870235	0.00584388892791115	0.003637211598257277	0.002261889368294062	0.0014058783665375652	0.0008735420040660231	0.0005426676201753699	0.00033708083653450195	0.00020936886174496814	0.00013004674674464695	8.078907409311435e-5	5.021134162104923e-5	3.1244556746328e-5	1.950325574443978e-5	1.2272367961664414e-5	7.879712811204588e-6	5.309427534027796e-6	3.9670841163452795e-6	3.5422349675293524e-6	3.9366209818046876e-6	5.241445789181181e-6	7.758459956660588e-6	1.2069722099191254e-5	1.91721446520442e-5	3.070787097695486e-5	4.934358182367676e-5	7.938598067464106e-5
414.0	0.7675	24.41	427.9	1.0	6.0	3.920892605656123e-6	0.02482640924530388	0.015564087991854419	0.009722924575206803	0.006060437271797301	0.0037723007732636924	0.002346018306310564	0.0014582154802844454	0.0009060799448487118	0.0005628885010005989	0.0003496446256407638	0.00021717485432005469	0.0001348978176768783	8.380621459610021e-5	5.2091982704592295e-5	3.242350838028683e-5	2.0253129582731766e-5	1.2766572801896953e-5	8.232539579773791e-6	5.602474331045811e-6	4.268124883369697e-6	3.920892605656123e-6	4.480468184209456e-6	6.076255969978628e-6	9.077289137818132e-6	1.4177541099343082e-5	2.2556326739301284e-5	3.615079278461956e-5	5.810326394872642e-5	9.348624654582185e-5	0.0001504710578504197
415.0	0.9082	24.64	408.4	1.0	6.0	4.098940609732835e-6	0.02106127693774693	0.01318466841388033	0.008229029265397628	0.005126357569127143	0.0031897539424056475	0.001983290463910759	0.0012325855911434894	0.0007658175257031834	0.0004757288873735896	0.0002954972489658869	0.00018354266501687693	0.00011401246880084803	7.084124953424083e-5	4.405037644916028e-5	2.7445984597551228e-5	1.718871465300078e-5	1.090661793538997e-5	7.146909401533312e-6	5.040097916662612e-6	4.098940609732835e-6	4.10577172847361e-6	5.062165199328813e-6	7.18929281990407e-6	1.097905515658279e-5	1.730778981535081e-5	2.7638798482057958e-5	4.436038502574294e-5	7.133720153590782e-5	0.00011480142168363448	0.0001847872730946058
416.0	0.8477	22.92	459.9	1.0	6.0	3.940871568654015e-6	0.02253053870704342	0.014112370634517268	0.008811155787981969	0.0054902143825143294	0.003416627191178012	0.0021245359471860612	0.001320437956019532	0.000820427821812823	0.0005096626482178294	0.0003165776624615598	0.0001966355467639893	0.00012214220706252766	7.58866467045835e-5	4.717777320069098e-5	2.9378468528698165e-5	1.8373146309788536e-5	1.16168997156988e-5	7.547302346555127e-6	5.223199953924284e-6	4.107098008347172e-6	3.940871568654015e-6	4.686072252272785e-6	6.51503231712913e-6	9.8507048056035e-6	1.5464437839370045e-5	2.4654250997902043e-5	3.9544728088390345e-5	6.357758002283786e-5	0.00010230554419785082	0.00016467118503547012
417.0	1.25	19.96	475.8	1.0	6.0	4.132366440948977e-6	0.01539093477712988	0.00961412059676666	0.005992370194697056	0.0037298362483748726	0.0023195720761604536	0.0014417630202200142	0.0008958517392954876	0.000556532740890504	0.0003456966718925465	0.00021472367979724535	0.00013337730891765473	8.286501532038216e-5	5.151253113154805e-5	3.207183498709938e-5	2.0047917233403206e-5	1.2660366925055446e-5	8.200779548693602e-6	5.637815595579784e-6	4.378741184569029e-6	4.132366440948977e-6	4.841706779116441e-6	6.670800334446759e-6	1.004262957474523e-5	1.573690089162162e-5	2.50702501109145e-5	4.020043061434143e-5	6.462452081961325e-5	0.00010398555965521066	0.00016737205254439038	0.0002694054214934542
418.0	1.067	17.15	360.5	1.0	6.0	5.1624203134936095e-6	0.017983138286150564	0.01124448322868294	0.007012906246009377	0.004366742577080946	0.0027163187555317016	0.0016886209877713249	0.0010493376881175439	0.0006519218816063468	0.0004049644181744382	0.0002515441804445428	0.00015625354609000925	9.708283341892268e-5	6.0358303700350676e-5	3.759066692222778e-5	2.351591429681952e-5	1.487949431637709e-5	9.684232333066994e-6	6.7286684226754135e-6	5.329277824821428e-6	5.1624203134936095e-6	6.1894982021778064e-6	8.648022655580026e-6	1.3106515216349643e-5	2.059591335840038e-5	3.284779114992769e-5	5.26942820738438e-5	8.472165601347502e-5	0.00013632730578122426	0.00021942096881070878	0.0003531542421381062
419.0	1.492	20.34	564.7	1.0	6.0	3.8050685205637135e-6	0.012926826508127038	0.008067308335511046	0.005025302806723202	0.003126754951581972	0.0019440730503989014	0.001208194405643331	0.0007506558239729906	0.0004663072540723713	0.00028964328763215975	0.0001799050361189698	0.00011175085252839169	6.943296245742609e-5	4.316985829383567e-5	2.6889646708031452e-5	1.682790962114795e-5	1.0657907614914494e-5	6.952775633297902e-6	4.8556430621717455e-6	3.881505066741751e-6	3.8050685205637135e-6	4.6086510014229134e-6	6.478086885454827e-6	9.845690075595846e-6	1.549019279120449e-5	2.4716728988560108e-5	3.96583706537896e-5	6.376864871500624e-5	0.00010261817325312494	0.00016517753397620174	0.0002658778564803502
420.0	1.329	26.0	390.0	1.0	6.0	4.013742055294025e-6	0.014489307145303096	0.009047798388541393	0.005638173373288456	0.0035089010673731006	0.0021819903295485945	0.001356176438609769	0.0008426445945127119	0.0005234683975243735	0.0003251547143354191	0.0002019634807554188	0.00012545167548871472	7.794244785281304e-5	4.845513452582056e-5	3.0172725751476235e-5	1.8867959283148997e-5	1.1926694731293214e-5	7.74372324872052e-6	5.351672737081598e-6	4.197334899538928e-6	4.013742055294025e-6	4.758429354992181e-6	6.603609932876066e-6	9.975987191500162e-6	1.56553952801191e-5	2.49550352927496e-5	4.0024871534362814e-5	6.434804471974948e-5	0.00010354430216767761	0.000166664164124317	0.0002682677109794798
421.0	1.242	20.26	335.7	1.0	6.0	4.951145657002771e-6	0.01548853556202451	0.009675448179757969	0.0060307358376484755	0.003753771186413458	0.0023344787636789713	0.001451037372581598	0.0009016187078458458	0.0005601183679981953	0.000347927249703247	0.00021611394060962302	0.0001342483457279033	8.341810891223231e-5	5.187553417634494e-5	3.232867688716721e-5	2.02579902312952e-5	1.2872252587110063e-5	8.463480868094145e-6	6.012088666584276e-6	4.951145657002771e-6	5.035283111370107e-6	6.2839502692019515e-6	8.985902780045789e-6	1.3765951704856876e-5	2.172937751632838e-5	3.471731915468819e-5	5.573197058954265e-5	8.962931750511749e-5	0.0001442380587008442	0.00023215942818936952	0.0003736536600151876
422.0	1.237	24.1	263.6	1.0	6.0	5.094529736323697e-6	0.01555016711301149	0.009714176757653905	0.006054964729073706	0.0037688869702693383	0.002343892848803148	0.0014568942251553263	0.0009052601904211914	0.0005623817674884085	0.00034933414583449577	0.00021698898657923326	0.0001347936387019025	8.375965465773695e-5	5.209228299617891e-5	3.247074200212826e-5	2.0358222029376784e-5	1.2953830153623355e-5	8.545270371850119e-6	6.113005760367427e-6	5.094529736323697e-6	5.254294631249378e-6	6.629238866094656e-6	9.537318299772861e-6	1.4651003940811113e-5	2.3152705904805866e-5	3.7007968248412084e-5	5.941935287250196e-5	9.556529695097775e-5	0.00015379304053910758	0.0002475369002698034	0.000398393591058688
423.0	1.628	22.74	355.0	1.0	6.0	4.453923980740964e-6	0.011859753980407919	0.007398368066986454	0.004607433679015549	0.0028663013756209717	0.001781959505433705	0.0011073777820088948	0.000687993576195377	0.00042737424131724137	0.00026546111638366067	0.00016489091089519112	0.00010243619275133942	6.366497645517927e-5	3.9615108188238966e-5	2.4726215705083546e-5	1.5555527265033452e-5	9.982331538419496e-6	6.717771669169818e-6	5.006863724044249e-6	4.453923980740964e-6	4.931068589581561e-6	6.548636348330792e-6	9.680693172666214e-6	1.5051503272188796e-5	2.3902923954192672e-5	3.8281329448346826e-5	6.151013791511636e-5	9.895648766416902e-5	0.00015926746355108656	0.0002563568287321149	0.00041258893097377135
424.0	1.836	27.38	390.4	1.0	6.0	3.8727477432959926e-6	0.010530316436843313	0.00656571288751192	0.004087592624192883	0.0025424044574165164	0.0015804007527931113	0.000982046287557086	0.0006100982579089417	0.000378975061657442	0.00023539351629829259	0.00014621213771026087	9.083057989099229e-5	5.645006427661956e-5	3.512288515701738e-5	2.1917974234287434e-5	1.378187628093054e-5	8.833099977503615e-6	5.927180917745917e-6	4.392072714962596e-6	3.8727477432959926e-6	4.249097066708235e-6	5.6081518104622795e-6	8.264201287217049e-6	1.2831450718104169e-5	2.0365992572537093e-5	3.26098470290702e-5	5.2393305788732454e-5	8.428809673467352e-5	0.00013566104236973684	0.00021836830237184095	0.00035147273298345564
425.0	1.875	23.43	292.8	1.0	6.0	4.933047262976393e-6	0.010313545490767264	0.006430024705997965	0.0040029116579673955	0.00248965502751777	0.0015475807473045566	0.0009616417027060088	0.0005974195505761137	0.0003711013507165704	0.00023050819331749557	0.00014318703411768746	8.896671022154858e-5	5.531660825678928e-5	3.4457796046253755e-5	2.1567468589967127e-5	1.366490396898837e-5	8.92261311762779e-6	6.243883487520256e-6	5.0092104206856735e-6	4.933047262976393e-6	5.997771579554653e-6	8.449602053090883e-6	1.2855514709525735e-5	2.0234293479801757e-5	3.229194704401844e-5	5.181573700162597e-5	8.331742392357028e-5	0.00013407314333622734	0.00021579689858459362	0.0003473256225905151	0.0005589133208292688
426.0	1.42	23.63	400.9	1.0	6.0	4.223869133606225e-6	0.013573372946333472	0.008472888517374643	0.005278761650218426	0.0032847738847025386	0.002042444584450292	0.0012693774867057073	0.0007886877008332728	0.0004899401874498388	0.00030432619813356137	0.00018902725705967176	0.0001174196479106093	7.29584356265893e-5	4.536700297646083e-5	2.8266471952597334e-5	1.7702790497847205e-5	1.1233164171472084e-5	7.361444249186448e-6	5.1922367869100965e-6	4.223869133606225e-6	4.23238261068506e-6	5.219739843415242e-6	7.414272474759562e-6	1.1323466664544696e-5	1.7851272222479217e-5	2.8507006097990975e-5	4.5754007838349716e-5	7.357827475928784e-5	0.00011840753156128019	0.00019059055352067027	0.0003067717837124655
427.0	1.31	19.84	341.7	1.0	6.0	4.91229175590056e-6	0.014696368484704887	0.009177821579524657	0.005719480924715731	0.0035596128480654193	0.0022135682806407077	0.0013758204425206911	0.0008548578598735854	0.0005310601201987472	0.00032987472335266484	0.00020490110789055812	0.00012728544190506466	7.909612172382231e-5	4.919540386592933e-5	3.067074816665555e-5	1.9238897139766316e-5	1.2256330432717288e-5	8.108291368348583e-6	5.835488290238056e-6	4.91229175590056e-6	5.125189211429276e-6	6.523407287636267e-6	9.430285096857527e-6	1.4518017270072407e-5	2.296301563734518e-5	3.67177208399691e-5	5.896146638296048e-5	9.483399162427348e-5	0.00015261949110407242	0.0002456504933127567	0.00039536012190572866
428.0	1.316	33.51	380.6	1.0	6.0	3.5435228970609893e-6	0.01463034407337565	0.00913635949187643	0.005693552288273578	0.0035434403661517844	0.002203497038618428	0.0013695543199973	0.0008509604646858272	0.0005286350261971364	0.0003283629726721205	0.0002039538037280262	0.00012668377801967556	7.870105597364285e-5	4.891560833199954e-5	3.0441528410652035e-5	1.9007245839241436e-5	1.1968674099229852e-5	7.698102480773941e-6	5.20790020021524e-6	3.92215939639342e-6	3.5435228970609893e-6	3.984419166615092e-6	5.3468080163796695e-6	7.945751755560616e-6	1.2382253530386873e-5	1.9682180530103618e-5	3.153332744037566e-5	5.0675254408658066e-5	8.15315586666582e-5	0.00013122951011249054	0.00021123950322149106
429.0	1.157	33.55	394.4	1.0	6.0	3.5075181344594516e-6	0.016607512962620676	0.010378884041549763	0.006470920932394571	0.004028433130851464	0.0025055519606155294	0.001557470611712844	0.0009677889072768079	0.0006012369565905717	0.0003734684222683756	0.00023197106337788958	0.00014408352402643532	8.950396258967725e-5	5.5618802396952405e-5	3.459479386024041e-5	2.1570943565544974e-5	1.353565556059221e-5	8.63074751883177e-6	5.721898521461602e-6	4.136383832008487e-6	3.5075181344594516e-6	3.689859453347111e-6	4.725572939852686e-6	6.854176434998222e-6	1.0567915356661815e-5	1.6725554121759413e-5	2.6750848134296202e-5	4.296145979894057e-5	6.910402902345037e-5	0.00011121821479468936	0.00017902712210916849
430.0	0.9274	36.53	381.6	1.0	6.0	3.405774051578932e-6	0.020634243329242755	0.01291523167213802	0.008060036644492266	0.0050207591561473	0.0031239223724328804	0.0019423096030819292	0.0012070973499818294	0.0007499734104381647	0.00046588241851440904	0.0002893780694291337	0.00017973820970181806	0.00011164387837892487	6.936111664559633e-5	4.311653093899754e-5	2.6842506822405856e-5	1.6776055746528646e-5	1.0589347438356978e-5	6.8516528536130485e-6	4.698570374100432e-6	3.6321554266377485e-6	3.405774051578932e-6	3.967066972687777e-6	5.4458379898827854e-6	8.184063701830254e-6	1.2814954129952568e-5	2.0409318653993878e-5	3.2723008271892535e-5	5.260245352169626e-5	8.464154927832074e-5	0.00013624040811472583
431.0	1.167	32.38	437.2	1.0	6.0	3.4031190236877575e-6	0.01646754743984523	0.010290862985334277	0.006415827537949935	0.003994051430365184	0.002484135221573126	0.0015441451944802958	0.0009595037499545194	0.0005960877959375977	0.00037026896995503294	0.00022998313082659	0.00014284803015181754	8.873542826360538e-5	5.513958389575132e-5	3.429409738928274e-5	2.137923954674393e-5	1.3408612748131334e-5	8.538985855193156e-6	5.6441963497554715e-6	4.0547707295619265e-6	3.4031190236877575e-6	3.5385296644854665e-6	4.492314609008072e-6	6.48504573047567e-6	9.977550258441271e-6	1.577744190015932e-5	2.5225778607553868e-5	4.0506893267892145e-5	6.515273432450854e-5	0.00010485752879670751	0.0001687890311154943
432.0	0.9527	36.74	341.6	1.0	6.0	3.6290434681572953e-6	0.020097292957900487	0.012576567800037172	0.007847673603385907	0.004888079314928281	0.003041215665884627	0.0018908272233697392	0.0011750796210772318	0.0007300722229223967	0.0004535170408056505	0.0002816971426170913	0.0001749685748463003	0.00010868368401439835	6.752621997394543e-5	4.198274715115142e-5	2.6147688181611827e-5	1.6359533281489057e-5	1.0354799054119144e-5	6.744836541548617e-6	4.694783249984509e-6	3.7305218704497423e-6	3.6290434681572953e-6	4.366874615398787e-6	6.114644842064027e-6	9.276534786536294e-6	1.4583713656045845e-5	2.3263336265360938e-5	3.732208019502493e-5	6.000952754819339e-5	9.656785740147809e-5	0.00015543941224249
433.0	1.312	33.07	389.4	1.0	6.0	3.526099379318244e-6	0.01467429410896827	0.009163958931577051	0.0057108115208852304	0.0035542051199467283	0.0022102001441507402	0.001373724017609687	0.0008535525837959036	0.0005302457707353053	0.00032936359996929673	0.0002045752460651782	0.00012706957220145026	7.894035484545817e-5	4.906372845238599e-5	3.0532715980438096e-5	1.9062586403627267e-5	1.2000965160180825e-5	7.714811677795959e-6	5.212891757329972e-6	3.916587716343197e-6	3.526099379318244e-6	3.9511143055747185e-6	5.289919552772217e-6	7.852123810973806e-6	1.2230235114959121e-5	1.94366212242395e-5	3.113745595455894e-5	5.003756948532699e-5	8.050472102821661e-5	0.0001295764066120234	0.00020857877172863028
434.0	1.383	39.28	354.4	1.0	6.0	3.3921669713299007e-6	0.013931447216603072	0.008697595260664218	0.005419220885325905	0.003372355983843626	0.0020969716345980776	0.0013032922156877133	0.0008097687679735327	0.0005030380382624857	0.0003124603731423772	0.00019407526934793302	0.00012054754937576867	7.488908579292477e-5	4.6546705266266115e-5	2.8967983642565927e-5	1.8088324491269602e-5	1.13918740931279e-5	7.330031785513842e-6	4.963435539963841e-6	3.744762779693183e-6	3.3921669713299007e-6	3.824099236478398e-6	5.140446910244744e-6	7.645626100468063e-6	1.1918959865398627e-5	1.8948592824199793e-5	3.0359844649375062e-5	4.879063629007017e-5	7.850035174627812e-5	0.00012635174608338363	0.00020338987206215843
435.0	1.401	41.73	306.0	1.0	6.0	3.552081400636472e-6	0.013754918962149849	0.008586808625141131	0.005349967552575183	0.0033291724437415284	0.0020700857580668837	0.001286569367526631	0.0007993736205617655	0.0004965789023152785	0.0003084482095999198	0.0001915840108494907	0.00011900173857267545	7.393148629537479e-5	4.5955951332806066e-5	2.8607487558483298e-5	1.7874726988761032e-5	1.1275780667531678e-5	7.2845948064433875e-6	4.978147231277059e-6	3.8230257694641176e-6	3.552081400636472e-6	4.102648518416435e-6	5.602049806625612e-6	8.397031682704355e-6	1.3133926573715628e-5	2.09080498058884e-5	3.351679915382536e-5	5.3874774560585714e-5	8.668635905652471e-5	0.0001395298440948227	0.00022460002767781982
436.0	1.137	45.13	352.8	1.0	6.0	3.2604596273850783e-6	0.016894705189158806	0.010559521920394594	0.006583995739381806	0.004099003206259136	0.0025495123654873716	0.001584822936577553	0.0009847950636706743	0.000611805322949562	0.0003800336642278367	0.00023604788678536907	0.00014661338589536365	9.107141639663893e-5	5.65861549444631e-5	3.518569155390437e-5	2.192201704183011e-5	1.372808855357775e-5	8.70904108122434e-6	5.704158578370656e-6	4.018507088163264e-6	3.26224257372263e-6	3.2604596273850783e-6	4.0127422045253586e-6	5.693063720245774e-6	8.690010102579285e-6	1.3696615137503225e-5	2.1870549883696054e-5	3.510162163830178e-5	5.644820897661104e-5	9.084294742544727e-5	0.00014622926121083673
437.0	1.145	31.16	357.7	1.0	6.0	3.795456609541184e-6	0.016778644603935206	0.01048651753409629	0.006538295023045488	0.0040704807533627355	0.00253174472411428	0.0015737680731820686	0.0009779222656420797	0.0006075351275367073	0.0003773823553145295	0.0002344037742469808	0.00014559680064912453	9.044746726318817e-5	5.621062186311372e-5	3.4971754902175345e-5	2.1820210571870627e-5	1.371487149709354e-5	8.781358435698944e-6	5.8787363639796936e-6	4.335721190664243e-6	3.795456609541184e-6	4.132991099027355e-6	5.426379621421748e-6	7.974726601833822e-6	1.2367333962495057e-5	1.9619918850382282e-5	3.140933136843204e-5	5.046086579721653e-5	8.117724456844541e-5	0.000130653456369591	0.00021030882078426334
438.0	0.7305	25.59	305.9	1.0	6.0	4.573039225010704e-6	0.02605110836292151	0.016339529500469428	0.010210363860425654	0.006365445673203371	0.003962611656477191	0.0024645521417728257	0.0015319618482061107	0.0009519303426083583	0.0005913835672944864	0.00036735010633956266	0.00022817617236641866	0.00014173568740746744	8.806067973861173e-5	5.4746467003338426e-5	3.4091728162855136e-5	2.1320827969246203e-5	1.3480654671911695e-5	8.758144879859184e-6	6.061159519218002e-6	4.7659715343695605e-6	4.573039225010704e-6	5.437736426749296e-6	7.560026500209989e-6	1.1430687333308688e-5	1.7944756024178594e-5	2.8608370405218197e-5	4.5886687093317484e-5	7.377293160093337e-5	0.0001187091257281858	0.0001910686811154731
439.0	0.6504	23.86	337.4	1.0	6.0	4.460282455626125e-6	0.029165841072656212	0.018314961721135087	0.011453415931577683	0.007143780448378783	0.0044484553507783955	0.0027672334022784224	0.001720305092887774	0.0010690385729091327	0.00066416479481249	0.0004125688529985826	0.00025626423615407863	0.00015917907908449437	9.888976608086744e-5	6.146427465950152e-5	3.825136106960991e-5	2.3884096609084468e-5	1.5040302374806263e-5	9.674851953552232e-6	6.546928350949228e-6	4.933145833313766e-6	4.460282455626125e-6	5.018973445619018e-6	6.738416008299578e-6	1.0016234015980537e-5	1.561039405578231e-5	2.4814385981533302e-5	3.975606522771856e-5	6.388896485943971e-5	0.00010278890978628383	0.000165438106755485
440.0	0.6608	22.17	383.7	1.0	6.0	4.338327175476984e-6	0.028720000222985573	0.018031910404174106	0.011275189203730262	0.007032138847286557	0.004378749941497432	0.0027237999123936978	0.0016932758619774807	0.0010522311120674302	0.0006537185021787444	0.00040607800149685086	0.0002522315975529441	0.00015667352070063433	9.733239597760323e-5	6.0495133875896306e-5	3.764639566366559e-5	2.3503424730049493e-5	1.4795895710927854e-5	9.51018944542375e-6	6.423929008425743e-6	4.8233633907684205e-6	4.338327175476984e-6	4.856640609571666e-6	6.498163771611002e-6	9.64250298057564e-6	1.5016763358410564e-5	2.386360089539918e-5	3.8228331726716694e-5	6.143121622828269e-5	9.883340969235291e-5	0.00015907181738517438
441.0	0.4135	14.76	354.4	1.0	6.0	5.6640643432543475e-6	0.0451212704068497	0.028508667048058295	0.017897775040614513	0.011190742842086323	0.006979247023130183	0.004345728490920705	0.0027032257201711554	0.0016804737022300855	0.0010442723280035104	0.0006487748528110011	0.0004030109378076181	0.0002503336304482267	0.00015550640744511096	9.662648449495597e-5	6.0087268413321025e-5	3.7442286672301726e-5	2.3455881905244753e-5	1.4893929379681877e-5	9.776474685070947e-6	6.920051885382179e-6	5.6640643432543475e-6	5.71803582865733e-6	7.094436558847106e-6	1.011155535140254e-5	1.5467070310902272e-5	2.4399291628762803e-5	3.897325557652573e-5	6.255754271890216e-5	0.00010060133463089242	0.00016188944762247868
442.0	0.3844	10.45	349.4	1.0	6.0	6.662593512315715e-6	0.048371801002203015	0.03060078727175101	0.019226624340124843	0.012027717584846305	0.007503627722170934	0.004673173296533743	0.0029072720378964965	0.0018074607658774098	0.0011232393045781713	0.0006978574008295727	0.00043351146414128924	0.0002692872100277644	0.00016728925056812765	0.00010396087757244844	6.466840772932304e-5	4.032927117804544e-5	2.5316247486323318e-5	1.615787646765751e-5	1.0736302954587613e-5	7.797738796721097e-6	6.662593512315715e-6	7.068336069087597e-6	9.108781127705924e-6	1.3255761859912147e-5	2.046817784513349e-5	3.2413563146013995e-5	5.1853217542766624e-5	8.327945170652472e-5	0.00013395097336303395	0.00021556237184832468
443.0	0.3154	10.13	281.8	1.0	6.0	7.61856754748748e-6	0.058336645939469	0.03704725598254295	0.023334660305806592	0.014620540521547478	0.009130203971292883	0.005689704162588566	0.003541042146483235	0.0022020067209169132	0.0013686321339918019	0.0008503950282444734	0.0005282963002448711	0.00032817290066708594	0.00020386853548991246	0.00012668363504702112	7.878602148362964e-5	4.910533925310495e-5	3.0779907799028126e-5	1.9572534186799346e-5	1.2891609897903349e-5	9.192138456264048e-6	7.61856754748748e-6	7.806974206631204e-6	9.8009077520605e-6	1.4061437149389825e-5	2.157370248633098e-5	3.407453145494298e-5	5.445354277067209e-5	8.741992844048736e-5	0.0001405876363780904	0.00022622607283081045
444.0	0.3615	12.07	281.1	1.0	6.0	6.932632508679037e-6	0.051278859766842856	0.032476294227607914	0.020419701490680675	0.012779900177049688	0.007975169583583346	0.00496773455746751	0.0030908699368868875	0.001921737893623702	0.0011943078343015837	0.0007420310747905047	0.00046095922944175936	0.00028633881872807185	0.00017788130330440466	0.00011054036247492999	6.875596777270827e-5	4.286986665363182e-5	2.689730795583377e-5	1.714500751270826e-5	1.135778387033753e-5	8.19729599090331e-6	6.932632508679037e-6	7.271309402417805e-6	9.291630502018762e-6	1.3460773091799394e-5	2.0742757342503183e-5	3.282119378040012e-5	5.2488119865905744e-5	8.428832051609712e-5	0.00013556676362845655	0.00021815780980779023
445.0	0.4668	15.5	290.8	1.0	6.0	5.961170959687927e-6	0.04017627548304903	0.0253359885253013	0.015886649654961425	0.009925650743408464	0.006187277074739436	0.0038514381987257117	0.002395307588133427	0.0014888820901399723	0.0009251490148878808	0.0005747442449592404	0.0003570189616768771	0.0002217694254937019	0.0001377737522002206	8.562807712521584e-5	5.32809085606904e-5	3.325438498037389e-5	2.0918087876864238e-5	1.3419390510709483e-5	9.02419389430473e-6	6.71605406473554e-6	5.961170959687927e-6	6.584955335929876e-6	8.73164934957015e-6	1.2897661142168905e-5	2.0046298317269847e-5	3.1830361776189056e-5	5.0973886737315094e-5	8.190081407718687e-5	0.00013175468011532155	0.00021204176483120257
446.0	0.7687	19.3	309.9	1.0	6.0	5.22537494321174e-6	0.02478861430553362	0.015540169079811957	0.00970789401018644	0.0060510341923126825	0.0037664348646910357	0.0023423657940932095	0.0014559443780021283	0.0009046699356554346	0.0005620153897258443	0.00034910721785651617	0.00021684914374084328	0.0001347085842022709	8.370973488329615e-5	5.206595938531797e-5	3.24619290958276e-5	2.0364882598278672e-5	1.2977505004750114e-5	8.591435082738569e-6	6.192337121304659e-6	5.22537494321174e-6	5.466914143157728e-6	6.9728037286538175e-6	1.0091279127989955e-5	1.5543457591528996e-5	2.4589999468251696e-5	3.932236541535313e-5	6.314573070730198e-5	0.00010156446624049552	0.0001634498342625589	0.0002630778698052838
447.0	0.7486	24.65	310.6	1.0	6.0	4.651379009432068e-6	0.0254372578574943	0.01595076755242401	0.00996595373818954	0.006212495347628691	0.003867172461829873	0.002405106545465668	0.001494976985120724	0.0009289358973194783	0.0005770936942237363	0.00035847232933839177	0.00022266206257485618	0.00013831180498177743	8.593586942542061e-5	5.3429581361980366e-5	3.327830587271939e-5	2.082278269745307e-5	1.318281486651767e-5	8.591632534889461e-6	5.987466115438351e-6	4.7680540204705164e-6	4.651379009432068e-6	5.610450469643806e-6	7.867056065867109e-6	1.194303175011526e-5	1.8780883425712862e-5	2.9961591131231008e-5	4.806979544224887e-5	7.729037531736151e-5	0.000124373225047492	0.00020018633824716504
448.0	0.9115	17.18	268.3	1.0	6.0	5.968393788287542e-6	0.020986627329127944	0.013137562145438394	0.008199481741859294	0.005107893814481397	0.0031782439334693126	0.0019761267304769237	0.001228132462837639	0.0007630532714639561	0.00047401735595785187	0.0002944438204189977	0.00018290417482983118	0.00011364142951357344	7.065191770129093e-5	4.399899063658799e-5	2.752067071703837e-5	1.7406749878052396e-5	1.1318430317204266e-5	7.847741852943114e-6	6.1920353309898844e-6	5.968393788287542e-6	7.1250847259975026e-6	9.929586651272368e-6	1.5030412392296964e-5	2.3606989341927823e-5	3.764215604003106e-5	6.038002387147649e-5	9.707438690461581e-5	0.00015619892932870332	0.0002513943590976622	0.0004045904699303192
449.0	0.7664	14.39	156.2	1.0	6.0	8.512350021902903e-6	0.024861156645234785	0.015586079484557303	0.009736745228385857	0.006069085192284566	0.003777698312770576	0.0023493835209773667	0.0014603149217021546	0.0009073946197322304	0.0005637207069993418	0.0003501861551031878	0.0002175506893544703	0.0001351947798085692	8.409294582471569e-5	5.2434782786269716e-5	3.290165369252528e-5	2.097720219887403e-5	1.3904032948893306e-5	1.0046453176060229e-5	8.512350021902903e-6	8.946926394643011e-6	1.1450652396319956e-5	1.6602464473027017e-5	2.559354119298172e-5	4.050247763741317e-5	6.477518746220451e-5	0.00010401970927006996	0.0001672976282522814	0.0002692053272162878	0.0004332122881527215	0.0006969920592172538
450.0	0.4487	11.73	249.0	1.0	6.0	7.492803795958002e-6	0.04172929518817851	0.026331094915651602	0.016516910733838323	0.01032190596946618	0.006435258298458753	0.00400617891309088	0.002491692152715404	0.0015488513395055668	0.0009624367003899045	0.0005979216898789226	0.00037142632934875595	0.00023073100348729668	0.00014335914208967802	8.912789584213188e-5	5.550414065223182e-5	3.47150436581435e-5	2.1953925653617594e-5	1.42699485664924e-5	9.886177145066556e-6	7.788813867275874e-6	7.492803795958002e-6	8.929672253823318e-6	1.2431674542347983e-5	1.8808578854696283e-5	2.953478097234967e-5	4.708986272162532e-5	7.553092934071229e-5	0.00012142798369543837	0.00019537578938566647	0.000314424433028573
451.0	0.5003	11.57	277.3	1.0	6.0	7.230956039342055e-6	0.03758721477975896	0.023679675378755004	0.014838670629810851	0.009267191779127314	0.005775372105229194	0.0035944750556989665	0.0022352789155426133	0.0013893287530688725	0.0008632601773113966	0.0005362889557741172	0.00033313523801589766	0.00020694578480636458	0.00012858655240064238	7.99543462852908e-5	4.980913955812999e-5	3.1181903492325834e-5	1.9765677581176024e-5	1.2920563192709218e-5	9.063595567102194e-6	7.3027999433082405e-6	7.230956039342055e-6	8.831430990276022e-6	1.247431589941738e-5	1.9001956566068607e-5	2.9923597161653254e-5	4.776398498962665e-5	7.664611911262765e-5	0.00012324177499077312	0.00019830667403734513	0.0003191476729679413
452.0	0.5287	11.51	255.2	1.0	6.0	7.477293494309898e-6	0.03564012787252195	0.022436226459405312	0.014052790334277662	0.008773757883095583	0.005466835159701741	0.0034020495744749176	0.0021154624043085964	0.001314798654403884	0.0008169296121485795	0.0005075007593993221	0.00031525375227761584	0.00019584406229519963	0.00012170034141277916	7.569230082657755e-5	4.718603566763842e-5	2.9591264256329518e-5	1.883969547619017e-5	1.2445106271616929e-5	8.928710831993598e-6	7.477293494309898e-6	7.755180678335931e-6	9.826615126093266e-6	1.4170587750001358e-5	2.1791531740371094e-5	3.4451395679599775e-5	5.507654304701036e-5	8.843299687092803e-5	0.00014222467333778861	0.00022886465139377904	0.0003683189156371162
453.0	0.4606	14.7	228.0	1.0	6.0	6.9551244925691486e-6	0.04069506453063831	0.02566827329751547	0.016097052364153555	0.010057913201158643	0.006270040320682232	0.0039030795989928096	0.0024274729896612175	0.0015088951114146313	0.0009375934998621997	0.000582481041062438	0.0003618307447752201	0.00022476648019837862	0.000139648238765456	8.681314082510922e-5	5.405048152586004e-5	3.3786396066814746e-5	2.1335557906236598e-5	1.3818862689558743e-5	9.498053638286749e-6	7.373891732390004e-6	6.9551244925691486e-6	8.144890619239538e-6	1.1218308947435802e-5	1.68860596785196e-5	2.645861589608867e-5	4.214897771772384e-5	6.758358221262136e-5	0.00010863866173919187	0.0001747931773734699	0.0002813052651587951
454.0	0.2859	15.16	292.7	1.0	6.0	6.008965801874108e-6	0.06397086185767009	0.04071423569052837	0.02568055491346054	0.016104829996173926	0.01006280256789791	0.006273099707973755	0.003904988138567366	0.002428661003398794	0.0015096330597322287	0.000938050388803205	0.0005827618953486478	0.00036200027130010653	0.00022486379084364858	0.0001396958023859491	8.682194358663266e-5	5.4022553829618836e-5	3.371527674684739e-5	2.120479784978402e-5	1.3598219864772116e-5	9.136498690023258e-6	6.787806710488928e-6	6.008965801874108e-6	6.61984606712458e-6	8.761705193904554e-6	1.2929832898810035e-5	2.0088025421436245e-5	3.189129171542695e-5	5.1068103259337244e-5	8.205008655536162e-5	0.0001319934778961885
455.0	0.2359	15.19	290.2	1.0	6.0	6.169127383923942e-6	0.07649242527530525	0.048921542103206275	0.030955133216422168	0.019451904911257156	0.01216969447162193	0.007592611922104995	0.004728751315299276	0.0029419098469771615	0.0018290185304538748	0.0011366444288634537	0.0007061875967000513	0.0004386845939375651	0.0002724963365142926	0.00016927527527897332	0.00010518262393474039	6.540824621807411e-5	4.075823613368169e-5	2.553352071898957e-5	1.6213697721505672e-5	1.064357859383281e-5	7.535022951114859e-6	6.169127383923942e-6	6.229997594300959e-6	7.731696982634541e-6	1.1021485068449647e-5	1.6860080399804847e-5	2.6597461542854967e-5	4.2484730868754645e-5	6.81938189223237e-5	0.00010966431834763699
456.0	0.1986	18.16	313.9	1.0	6.0	5.304043900518914e-6	0.08957178839721791	0.0575805719013098	0.03655639024806785	0.023021138067628316	0.014422370808127222	0.009005770668996356	0.0056118942514572	0.0034925120105361463	0.0021717862537144602	0.0013498304678450077	0.0008387018556208736	0.0005210219718571315	0.00032364070828845825	0.00020103247504276293	0.00012488863305694506	7.761725873935977e-5	4.829263172928951e-5	3.0135342115746087e-5	1.8947054988727988e-5	1.2140565157632453e-5	8.14183250134708e-6	6.026093986643242e-6	5.304043900518914e-6	5.808687426726656e-6	7.65671843172547e-6	1.12754890934785e-5	1.7501790316215514e-5	2.777523247887302e-5	4.447080357585646e-5	7.14471338200011e-5
457.0	0.2459	23.21	467.1	1.0	6.0	3.885654946876101e-6	0.07361073321911452	0.04702562650104747	0.029733719875774677	0.01867563142595148	0.011680571752211679	0.007286093163546438	0.004537319171304328	0.002822607492977654	0.0017547658400468532	0.0010904667229192921	0.0006774816890475527	0.0004208410647136814	0.00026139980180036525	0.00016236375862722043	0.00010085934175851368	6.267397197251537e-5	3.898084341224913e-5	2.4302033895014232e-5	1.5243337772169214e-5	9.709936856786833e-6	6.4221749307640885e-6	4.619701091843403e-6	3.885654946876101e-6	4.050269207905151e-6	5.151608201906543e-6	7.444363983493735e-6	1.1458737314036427e-5	1.8122997890143242e-5	2.8978006907474836e-5	4.65331532617954e-5
458.0	0.1821	31.44	461.1	1.0	6.0	3.3465051990906655e-6	0.0969012635224671	0.06247192679292051	0.03973710070440955	0.025054800369574574	0.015708642985188617	0.00981376929868684	0.006117273396221466	0.0038077602867452776	0.0023681023878638118	0.0014719541479876815	0.0009146206321275555	0.0005681948789724761	0.0003529394635493873	0.0002192184477878881	0.0001361621388935682	8.458341674562107e-5	5.2561716895261e-5	3.269437590322034e-5	2.0387761628293263e-5	1.2796101255633295e-5	8.163791665948037e-6	5.4195495263984255e-6	3.928716902044772e-6	3.3465051990906655e-6	3.5382622766097786e-6	4.548331333228052e-6	6.610300537433892e-6	1.020100794183207e-5	1.6150773106481332e-5	2.5835299954420015e-5
459.0	0.1821	31.44	461.1	1.0	6.0	3.3465051990906655e-6	0.0969012635224671	0.06247192679292051	0.03973710070440955	0.025054800369574574	0.015708642985188617	0.00981376929868684	0.006117273396221466	0.0038077602867452776	0.0023681023878638118	0.0014719541479876815	0.0009146206321275555	0.0005681948789724761	0.0003529394635493873	0.0002192184477878881	0.0001361621388935682	8.458341674562107e-5	5.2561716895261e-5	3.269437590322034e-5	2.0387761628293263e-5	1.2796101255633295e-5	8.163791665948037e-6	5.4195495263984255e-6	3.928716902044772e-6	3.3465051990906655e-6	3.5382622766097786e-6	4.548331333228052e-6	6.610300537433892e-6	1.020100794183207e-5	1.6150773106481332e-5	2.5835299954420015e-5
460.0	0.1808	45.59	409.4	1.0	6.0	3.002777665120602e-6	0.09753004469098871	0.06289286077112079	0.040011386836351893	0.025230404879518564	0.01581980507841056	0.009883635279072687	0.00616098706715727	0.0038350339043468212	0.002385088778648162	0.0014825217533555115	0.00092119022624338	0.0005722768663680938	0.00035547444409142205	0.00022079136657352197	0.00013713626087546391	8.518383596066346e-5	5.292722058092021e-5	3.290946763953329e-5	2.0502176150273934e-5	1.2836295825301381e-5	8.139060777690365e-6	5.324172890922752e-6	3.7406359640531084e-6	3.022221458994438e-6	3.002777665120602e-6	3.6778046404929457e-6	5.203410550725846e-6	7.932405104472643e-6	1.2495866777313991e-5	1.994901916858048e-5
461.0	0.212	45.71	471.5	1.0	6.0	2.7625402664490774e-6	0.08438802666464831	0.05413811707493973	0.03432507789272309	0.021597460834804145	0.013523097880267496	0.008441343513602309	0.005259045189447581	0.0032724801337812447	0.0020347902374098603	0.0012646155124194322	0.0007857257551173632	0.00048809671293311406	0.00030317618118828925	0.0001883052413952685	0.00011695884654531903	7.265235207752369e-5	4.5144876314980866e-5	2.8076940466871345e-5	1.7502024006906302e-5	1.0974731427893952e-5	6.985576121696461e-6	4.6120038538193235e-6	3.3050776655154887e-6	2.7625402664490774e-6	2.8589154156193907e-6	3.6164890627557515e-6	5.210460146581377e-6	8.00944875003042e-6	1.2660718971908292e-5	2.0239796172700092e-5
462.0	0.3957	48.76	604.8	1.0	6.0	2.36527229487354e-6	0.047055459787210194	0.029752925605187903	0.018687831991323064	0.011688256848511965	0.007290908102630635	0.004540325607247854	0.002824480475879908	0.0017559306728704217	0.0010911897542344624	0.0006779289600151021	0.0004211155634957439	0.0002615648380632844	0.00016245743379680554	0.00010090329471651002	6.267835798291526e-5	3.894667298148987e-5	2.4221402635775605e-5	1.5097596831123275e-5	9.465379310372855e-6	6.022239990876983e-6	3.971892964615659e-6	2.8401512786763867e-6	2.36527229487354e-6	2.43742746845725e-6	3.073302233567281e-6	4.4199525005739445e-6	6.788807265213928e-6	1.0727673194309179e-5	1.7147372374061023e-5	2.7532244957167672e-5
463.0	0.4323	36.63	838.3	1.0	6.0	2.2960839988163552e-6	0.0432438927381222	0.027302728962186253	0.017132768318804774	0.010709288592998833	0.006677757660282562	0.004157524580679355	0.002585968845148146	0.0016075066897205128	0.0009988983553064362	0.0006205690628942847	0.0003854766534115169	0.0002394258595030658	0.00014870639423325273	9.236306543239142e-5	5.7374997039392694e-5	3.565410032227187e-5	2.2178298949386984e-5	1.3831505994218645e-5	8.683508425436444e-6	5.54376928983218e-6	3.686166276386401e-6	2.6810875725692047e-6	2.2960839988163552e-6	2.4421127884509744e-6	3.1529443284341397e-6	4.592969484021836e-6	7.095210553679363e-6	1.1238317629551897e-5	1.7980333895105653e-5	2.8880104181482917e-5
464.0	0.4627	30.12	1000.0	1.0	6.0	2.3063835428661186e-6	0.040517851482008975	0.025554753063123086	0.016025164979729514	0.010012720695525565	0.006241759238587221	0.00388543131670173	0.0024164780059287047	0.0015020501786388615	0.0009333308864285432	0.0005798208317189137	0.00036015998251248384	0.0002236996381968953	0.00013893892057308642	8.629742788243023e-5	5.3609151173443624e-5	3.331739758669492e-5	2.073042966494574e-5	1.2937654899709356e-5	8.13696449373151e-6	5.21813530199023e-6	3.5061325928565488e-6	2.605017136146246e-6	2.3063835428661186e-6	2.541164098016897e-6	3.3636547437365683e-6	4.964068903190931e-6	7.71251862182129e-6	1.2244584323250045e-5	1.960823465800018e-5	3.15060011489943e-5
465.0	0.4578	38.61	821.8	1.0	6.0	2.250937823335178e-6	0.04093377350006277	0.025821210886736005	0.01619390998229478	0.010118805838403482	0.006308145528081829	0.003926855138725751	0.0024422792295651597	0.0015181026938477977	0.0009433111395673883	0.0005860230637783547	0.0003640132387169707	0.0002260930108386487	0.00014042514190124855	8.721991923133769e-5	5.4181145658270725e-5	3.3671139324548904e-5	2.0947713868816397e-5	1.3068727972613352e-5	8.212138221969886e-6	5.254794776689792e-6	3.5127560057818788e-6	2.583136239043982e-6	2.250937823335178e-6	2.4393304191348803e-6	3.1918819820577295e-6	4.68263185734608e-6	7.256332615507459e-6	1.1508158137081943e-5	1.8421287319676008e-5	2.959411760976418e-5
466.0	0.4586	48.0	758.8	1.0	6.0	2.1148087468567825e-6	0.040865285580214454	0.02577732865878926	0.016166117443992004	0.010101332517107715	0.006297210633474305	0.0039200317950776106	0.002438029145315904	0.0015154583652944192	0.0009416669723571736	0.0005850011099493764	0.00036337803539878365	0.0002256979938173498	0.0001401790851453001	8.70659663573604e-5	5.4083710413021796e-5	3.360769462648143e-5	2.0903589226426148e-5	1.303371943345645e-5	8.178149493691925e-6	5.213965172314762e-6	3.455642584508175e-6	2.4965299749503505e-6	2.1148087468567825e-6	2.222195345092149e-6	2.84352368103855e-6	4.1224863514082394e-6	6.354860365189794e-6	1.0056894352754742e-5	1.6084654645113923e-5	2.5831882124055114e-5
467.0	0.6319	52.0	956.6	1.0	6.0	1.7949652604375107e-6	0.029994106753259003	0.01884106010605518	0.011784782315890861	0.007351388944340075	0.004578094496387585	0.002848016755909358	0.0017705783855097173	0.001100298089613545	0.0006835895861398664	0.00042463190790032276	0.000263747934789918	0.00016381132949986983	0.0001017407860465761	6.319301141468584e-5	3.925746778158655e-5	2.4400200123379382e-5	1.5185741784474151e-5	9.483254979516632e-6	5.973979584865709e-6	3.8463345295756674e-6	2.6082558422106857e-6	1.973407793533924e-6	1.7949652604375107e-6	2.031657966288489e-6	2.7382252095065657e-6	4.078073315335665e-6	6.361060406664626e-6	1.0115139886520233e-5	1.6208412684250896e-5	2.6049764999981884e-5
468.0	1.471	80.46	1000.0	1.0	6.0	1.4288934673038628e-6	0.013108950048321464	0.008181534434692354	0.005096677726882	0.0031712499586073095	0.0019717703453972064	0.001225418935547895	0.0007613599760264204	0.00047295458395895794	0.0002937665145991969	0.0001824559740409541	0.00011331878447148963	7.038024990600239e-5	4.371548547267092e-5	2.7159765804106373e-5	1.688497815425012e-5	1.0515118502645708e-5	6.577102717038446e-6	4.16020086394051e-6	2.7054537711376194e-6	1.8764164370414688e-6	1.481352736194918e-6	1.4288934673038628e-6	1.7069054028198705e-6	2.3796845635687384e-6	3.602824334150277e-6	5.6591947596941495e-6	9.024348339612453e-6	1.4476463535996882e-5	2.3276212614558984e-5	3.7458047586271816e-5
469.0	1.666	70.4	805.1	1.0	6.0	1.6808619856044854e-6	0.011592379510848568	0.0072308376662540445	0.004502814564498934	0.0028011052852499833	0.0017413830538155592	0.0010821430852535065	0.0006723056101990205	0.00041762063948116605	0.0002593922262582996	0.0001611054995386181	0.00010005968996262509	6.214810043818869e-5	3.860717371698775e-5	2.3994161319594375e-5	1.4930064556078806e-5	9.318812163635221e-6	5.862741187367032e-6	3.7625742840710484e-6	2.532602107944824e-6	1.8883636505833944e-6	1.6808619856044854e-6	1.8621062682220482e-6	2.4740123776280498e-6	3.658095118592988e-6	5.688191567508991e-6	9.033777717864413e-6	1.4468506866888204e-5	2.3249031136774034e-5	3.740535857736738e-5	6.0209624885316234e-5
470.0	1.753	90.48	770.3	1.0	6.0	1.5191269683648992e-6	0.011023402121968283	0.006874444367823114	0.00428030014474046	0.002662458826226473	0.0016551026232233988	0.0010284923672556215	0.0006389608401906257	0.0003969025260961561	0.0002465217122047879	0.0001531107707845562	9.509361098182182e-5	5.9062845714238337e-5	3.6689468032829216e-5	2.2800587414470817e-5	1.4184615432692152e-5	8.8490971510995e-6	5.560131252232547e-6	3.5570845271062917e-6	2.3767079980403984e-6	1.7460105800356395e-6	1.5191269683648992e-6	1.643583868646172e-6	2.1481640464627276e-6	3.1495617673077044e-6	4.879367273124829e-6	7.737617012525749e-6	1.2385283188317286e-5	1.9897063514030145e-5	3.200973105677791e-5	5.152328143140005e-5
471.0	2.246	92.17	527.6	1.0	6.0	1.8268425711317405e-6	0.008624623327569855	0.005373604822404698	0.0033439110149861262	0.0020792611721066998	0.0012922753249940855	0.0008029188066376951	0.0004987789992650271	0.0003098104143698694	0.0001924227400468148	0.00011951072849844005	7.42283614191095e-5	4.610933631996847e-5	2.8652843112613795e-5	1.7822537517848282e-5	1.111397382874727e-5	6.975747458509485e-6	4.450829593866529e-6	2.9552813803963603e-6	2.143222162762282e-6	1.8268425711317405e-6	1.9329710209442396e-6	2.486150920867698e-6	3.6143153101622124e-6	5.5783693008130126e-6	8.83251674609534e-6	1.41292683337914e-5	2.269337858642931e-5	3.650483901762599e-5	5.8756116824988856e-5	9.458871269591821e-5
472.0	2.613	82.03	476.0	1.0	6.0	2.0459716481110965e-6	0.00742227400650916	0.004622362907423851	0.0028756043621173486	0.0017877480598433365	0.0011109752620724856	0.0006902260414861581	0.0004287557105758495	0.00026631020497905745	0.0001654036519192136	0.00010273103997187828	6.381007076536107e-5	3.96439871547235e-5	2.4645550842672906e-5	1.5346659659231012e-5	9.596953593229438e-6	6.066753732043404e-6	3.939640401916503e-6	2.723672853880131e-6	2.1376292381502e-6	2.0459716481110965e-6	2.427500625562452e-6	3.3704512759211845e-6	5.092895700552467e-6	7.993166316253319e-6	1.27419495460005e-5	2.0437318297864504e-5	3.285847699459303e-5	5.2876694192321506e-5	8.511791486880917e-5	0.00013702888244009997
473.0	2.341	92.13	565.7	1.0	6.0	1.7632825838452454e-6	0.008277525596111513	0.005156663558395302	0.003208647434383633	0.00199505115953428	0.0012398986104249971	0.0007703607191977518	0.00047854778418845263	0.0002972417864730561	0.0001846155406434026	0.00011466151615909392	7.121646390376065e-5	4.423849239820358e-5	2.7490492178723358e-5	1.7099900944776645e-5	1.0663939759253635e-5	6.694239703239514e-6	4.2727441424741165e-6	2.8394318898148163e-6	2.0628155058067385e-6	1.7632825838452454e-6	1.8715577323254226e-6	2.4126809737602753e-6	3.5117971905616897e-6	5.423094113695392e-6	8.58857617853431e-6	1.3740253338970347e-5	2.2069342250654292e-5	3.5501517234903e-5	5.7141624103747856e-5	9.199007002802359e-5
474.0	2.249	61.01	528.0	1.0	6.0	2.23842685251056e-6	0.008613217876200742	0.0053664753827417306	0.003339465509054343	0.0020764935542568748	0.0012905540764553873	0.0008018491565704243	0.0004981148423670042	0.00030939864031492875	0.0001921683052808722	0.0001193548613494823	7.413504156116356e-5	4.605699179258299e-5	2.8629371978772396e-5	1.7822513013756604e-5	1.1137390909885733e-5	7.028022221681984e-6	4.544052165781117e-6	3.1110121014479764e-6	2.3974780058134587e-6	2.23842685251056e-6	2.5970726454855962e-6	3.5563577625309692e-6	5.338131082608618e-6	8.354443626914179e-6	1.3302812373213566e-5	2.1327450628793413e-5	3.428366536412311e-5	5.516634111649159e-5	8.880101395080727e-5	0.00014295582229993737
475.0	2.533	73.08	761.2	1.0	6.0	1.6999075852949073e-6	0.007654897603363933	0.004767655234054406	0.002966155305372385	0.0018441063464251146	0.001146022765013497	0.0007120094760820649	0.0004422903168084643	0.00027471744529845377	0.0001706245451085433	0.00010597175731656408	6.581961610857136e-5	4.088693091057594e-5	2.5409284499672058e-5	1.5807789705587496e-5	9.86211852340366e-6	6.197276319917585e-6	3.965706147003176e-6	2.6513096519537666e-6	1.950101003004849e-6	1.6999075852949073e-6	1.8428649977983037e-6	2.4120344284807982e-6	3.5390470466332394e-6	5.484542031198178e-6	8.698432041857462e-6	1.392392003050082e-5	2.236928640110312e-5	3.5987079521523236e-5	5.7925026821694454e-5	9.325229545237903e-5
476.0	2.342	75.66	471.4	1.0	6.0	2.1254405142264905e-6	0.008274020504651652	0.00515447315785882	0.0032072818937921702	0.001994201178366262	0.001239370133982701	0.0007700325002104982	0.00047834429055726923	0.0002971161003765679	0.000184538649859812	0.00011461565922687368	7.119104346098202e-5	4.422763245032939e-5	2.7491682318196547e-5	1.7113416890472258e-5	1.0692907648534045e-5	6.745359266811472e-6	4.357838242390168e-6	2.978180929121125e-6	2.2873089854991315e-6	2.1254405142264905e-6	2.455138074007168e-6	3.3526494968379268e-6	5.0255382698104464e-6	7.860676856139372e-6	1.2513691186409397e-5	2.0060513028681495e-5	3.224601236919119e-5	5.188700982970742e-5	8.352235046903918e-5	0.00013445902103885005
477.0	2.819	89.18	363.5	1.0	6.0	2.2519865310356175e-6	0.006883621553160946	0.004286029264582213	0.002666028439095381	0.0016573241413628608	0.0010298740942838141	0.0006398202186318873	0.0003974374923720222	0.0002468556762918354	0.00015332084941802913	9.52283438067084e-5	5.9153375424991226e-5	3.6756725241237804e-5	2.2860124583492897e-5	1.4250201211457217e-5	8.935899732512557e-6	5.688226073585592e-6	3.756097057100467e-6	2.6926653960480517e-6	2.2519865310356175e-6	2.3321415058000673e-6	2.9516661073336992e-6	4.25383536969568e-6	6.539792412490056e-6	1.0338175595955938e-5	1.652732727838682e-5	2.6538295227943355e-5	4.268543915786605e-5	6.870074784403182e-5	0.00011059451916490999	0.00017803906635901462
478.0	2.172	92.99	373.9	1.0	6.0	2.1461428182530407e-6	0.008915843766796565	0.005555666165080072	0.003457444106083952	0.002149949354493327	0.001336244480621196	0.0008302518454754616	0.000515764149597197	0.00032036311319058055	0.00019897863658518899	0.00012358414674395083	7.676065780305473e-5	4.768589245135536e-5	2.9638173240391552e-5	1.8444485332775282e-5	1.1516366414427814e-5	7.251643421672683e-6	4.664035418499743e-6	3.1551060864433315e-6	2.3758804544413635e-6	2.1461428182530407e-6	2.412759371308115e-6	3.237389186387529e-6	4.810740935455864e-6	7.496669255441821e-6	1.1916298689441637e-5	1.909160417858124e-5	3.06815840954929e-5	4.93654636343293e-5	7.946107823637538e-5	0.00012792021966753864
479.0	2.534	143.6	411.7	1.0	6.0	1.6528494194278898e-6	0.007651899842742075	0.0047657827197054945	0.002964988219859312	0.0018433799202928149	0.0011455709882609289	0.0007117286348075313	0.00044211575685241205	0.00027460890988118713	0.0001705569767465342	0.00010592954603654911	6.579300593290502e-5	4.08697700408423e-5	2.5397604975371496e-5	1.5798890674055976e-5	9.853941969891682e-6	6.187931220244417e-6	3.9530312191960415e-6	2.632373476929931e-6	1.92052406308447e-6	1.6528494194278898e-6	1.7674422035725338e-6	2.2908037069451772e-6	3.3439713915776174e-6	5.1705073505981896e-6	8.192816044707886e-6	1.3109803320363222e-5	2.1058430061937316e-5	3.387643749268632e-5	5.4526782415829336e-5	8.77813626476125e-5
480.0	2.957	160.7	443.0	1.0	6.0	1.5004016375983692e-6	0.006564479536076736	0.004086822390873953	0.002541923878440102	0.0015801004956087846	0.0009818576120410206	0.0006099777992153826	0.0003788950652445452	0.00023533552121315001	0.00014616274655673305	9.077837556335546e-5	5.638297535460239e-5	3.502539628770952e-5	2.1767538659576064e-5	1.354370162027316e-5	8.452101659805797e-6	5.315242499137751e-6	3.4076668524079552e-6	2.2882049966799797e-6	1.697953644623116e-6	1.5004016375983692e-6	1.6498593504108902e-6	2.1808915997390857e-6	3.2163102022012952e-6	4.9955730870048e-6	7.930153546948468e-6	1.2698673270486011e-5	2.0403769988393406e-5	3.282689864493042e-5	5.283978495964112e-5	8.506714509427125e-5
481.0	2.476	206.5	448.6	1.0	6.0	1.3265785688619292e-6	0.007829740919700744	0.004876875994904576	0.003034231836082966	0.001886479248965044	0.001172374147145394	0.000728388265608865	0.0004524669660283216	0.0002810387967091607	0.0001745499689406682	0.00010840810858042774	6.732998080659278e-5	4.182047391707759e-5	2.5981856531760233e-5	1.615179222499514e-5	1.0057103419424824e-5	6.2883361614862424e-6	3.973899905746601e-6	2.5785319374286576e-6	1.7795198046390897e-6	1.3920713401885211e-6	1.3265785688619292e-6	1.5678940046082488e-6	2.1718269668636813e-6	3.278049263469005e-6	5.142393279749066e-6	8.19600738157558e-6	1.3145036922084907e-5	2.1133851548960786e-5	3.4009482043456894e-5	5.474819905912917e-5
482.0	2.153	230.5	438.8	1.0	6.0	1.2596215188614138e-6	0.00899381728690287	0.005604419372410726	0.0034878490265868524	0.0021688809174652	0.001348020224482358	0.0008375716677327504	0.0005203118553109263	0.00032318697051326653	0.00020073038541907102	0.00012466840539750783	7.742799020381825e-5	4.809056052491243e-5	2.9873738103026168e-5	1.8565416576779083e-5	1.1550628426852288e-5	7.207158581400579e-6	4.5305147025100776e-6	2.9016688371549715e-6	1.943912210295406e-6	1.4357392933063062e-6	1.2596215188614138e-6	1.3748265800370772e-6	1.8079979076510802e-6	2.659315670293954e-6	4.125663164274245e-6	6.546153409486118e-6	1.0480536961109441e-5	1.683860377261422e-5	2.7090451512851812e-5	4.360610721079324e-5
483.0	2.327	229.6	394.7	1.0	6.0	1.333796692119382e-6	0.00832691111825302	0.005187526713507367	0.0032278892883458097	0.0020070297839904936	0.0012473486743822	0.0007749914382800814	0.0004814248025663369	0.0002990284344562404	0.00018572423586706905	0.0001153483692005537	7.164021086148833e-5	4.449709130432372e-5	2.7643733890713774e-5	1.7183220230360097e-5	1.0696604004771378e-5	6.683802459993201e-6	4.216791119018026e-6	2.7250222366952852e-6	1.8634887562075499e-6	1.4329389832256129e-6	1.333796692119382e-6	1.5431320647780173e-6	2.109358289459489e-6	3.163426808961704e-6	4.949109000797181e-6	7.879363088849795e-6	1.2631810922865228e-5	2.0305375153737803e-5	3.267422311407735e-5	5.259753996632722e-5
484.0	2.722	157.2	366.7	1.0	6.0	1.6665864740044974e-6	0.007127174538566035	0.004438086200652174	0.0027607712936122937	0.0017162820692760486	0.0010665344968818697	0.0006626045111867763	0.0004115930405687969	0.00025564780442903766	0.0001587796897685226	9.861513733467998e-5	6.125092476918546e-5	3.8049959884821856e-5	2.3648069392502837e-5	1.471506305329101e-5	9.185180517888134e-6	5.779575027654315e-6	3.7106397375393183e-6	2.499888079559065e-6	1.8673041647316744e-6	1.6665864740044974e-6	1.851313130153358e-6	2.46420541748511e-6	3.6470062481677678e-6	5.673256279663761e-6	9.011542130723267e-6	1.4433829192986215e-5	2.3193893358588013e-5	3.7317014169032025e-5	6.00676564073791e-5	9.67025982863335e-5
485.0	2.796	177.1	321.2	1.0	6.0	1.6780879866300391e-6	0.0069398533556352645	0.004321133793353193	0.0026879001240436374	0.0016709342372289797	0.0010383365480547357	0.0006450791534064318	0.0004007041420080156	0.0002488835995868488	0.00015457831039268884	9.600587661285301e-5	5.9630695122594424e-5	3.704418266240154e-5	2.302418593779765e-5	1.4328804020568232e-5	8.94722072719059e-6	5.6348826114310065e-6	3.6257516395336275e-6	2.455171932209766e-6	1.8524182361077406e-6	1.6780879866300391e-6	1.8918620447635242e-6	2.5431795178215578e-6	3.7826697357741744e-6	5.896983037980835e-6	9.375069692516322e-6	1.5021218892290594e-5	2.4140957327064768e-5	3.884268791826662e-5	6.252453571572132e-5	0.00010065823254624943
486.0	2.817	145.8	314.6	1.0	6.0	1.8862753417186957e-6	0.00688847502901129	0.004289059100330459	0.0026679160661682772	0.0016584986294364186	0.0010306041729187634	0.0006402736162920834	0.0003977186364078536	0.0002470294218697251	0.00015342731557465046	9.529212898297409e-5	5.918922215972768e-5	3.67729204162575e-5	2.2860412367044074e-5	1.423464763164372e-5	8.90090735402341e-6	5.625701839326605e-6	3.651580450946054e-6	2.5219840672565143e-6	1.9756658624303817e-6	1.8862753417186957e-6	2.233137549036268e-6	3.096470629825205e-6	4.675934811986561e-6	7.336799319437686e-6	1.1694394434320766e-5	1.8756354314631354e-5	3.0155479566257435e-5	4.852689806344696e-5	7.81162917942266e-5	0.00012575866527125913
487.0	2.288	162.0	387.3	1.0	6.0	1.6382572161707458e-6	0.008467645026489787	0.005275483928815886	0.0032827295293498568	0.0020411707637410102	0.0012685834646066	0.0007881913350478608	0.0004896272580745348	0.00030412455480938454	0.00018889035023422844	0.0001173158472202863	7.286374701001824e-5	4.52595318873336e-5	2.812136454940136e-5	1.7486487265486083e-5	1.089563913887782e-5	6.824635410545717e-6	4.331992447495937e-6	2.8412351292536803e-6	2.0075905814676626e-6	1.6382572161707458e-6	1.6478166244507764e-6	2.038478722304547e-6	2.9005918304202465e-6	4.433534915134489e-6	6.991820193435923e-6	1.1167059707727505e-5	1.792472851401509e-5	2.8827292495518678e-5	4.639514254849031e-5	7.468839021332944e-5
488.0	2.327	187.2	329.3	1.0	6.0	1.6438847950117005e-6	0.008326911142977721	0.005187526753323214	0.0032278893524503374	0.0020070298872200926	0.001247348840625083	0.0007749917059650184	0.0004814252336073555	0.0002990291285436524	0.00018572535353078727	0.00011535016892742184	7.164310889916107e-5	4.4501757892422865e-5	2.7651248331027173e-5	1.7195320445402507e-5	1.0716088509226141e-5	6.715177612997598e-6	4.2673133319819415e-6	2.806376199266863e-6	1.994489845962031e-6	1.6438847950117005e-6	1.673474019965436e-6	2.090099794885427e-6	2.9901150141101935e-6	4.581663899850686e-6	7.2328111675369376e-6	1.1556641165426057e-5	1.8552982669021314e-5	2.9839469972823638e-5	4.802520562978011e-5	7.731299321832362e-5
489.0	2.654	150.4	282.8	1.0	6.0	1.9534029755308933e-6	0.007308450057558305	0.0045512799398663905	0.0028313067163660936	0.0017601788408592666	0.001093831223097354	0.0006795703376660327	0.00042213480150798076	0.00026219702207574004	0.00016284852664765254	0.00010114365226236886	6.282353295286281e-5	3.903022704788931e-5	2.4262654602295616e-5	1.510608530187455e-5	9.44306668074133e-6	5.963965532673095e-6	3.8641789591210594e-6	2.658085857098507e-6	2.066747989056316e-6	1.9534029755308933e-6	2.2918357852489234e-6	3.160314868040642e-6	4.759690314899065e-6	7.4598355247999394e-6	1.1885163257218661e-5	1.905896677842302e-5	3.0639898242904735e-5	4.93050930500386e-5	7.936807288183296e-5	0.00012777310152608742
490.0	3.665	147.1	198.3	1.0	6.0	2.369821028902313e-6	0.005303088244377122	0.0032999413599692677	0.0020518865410914773	0.0012752488319516457	0.0007923352012180353	0.0004922031230162351	0.0003057262738805623	0.00018988763863197694	0.00011793907558810058	7.325694648772595e-5	4.5513599418077236e-5	2.8295044444608746e-5	1.761994181355921e-5	1.1019731162015072e-5	6.968063825019944e-6	4.527928802819867e-6	3.134995060534289e-6	2.4671140363160697e-6	2.369821028902313e-6	2.8206128600088708e-6	3.923742028853249e-6	5.9343220718761245e-6	9.317313283586861e-6	1.4855014614980786e-5	2.3827879781471305e-5	3.831036552316063e-5	6.164994857289426e-5	9.923935349642366e-5	0.00015975866375502606	0.00025716960043828055
491.0	4.083	107.6	127.1	1.0	6.0	3.4666076960996974e-6	0.004762767480766588	0.0029631093878083967	0.0018422112553580074	0.001144845417501724	0.0007112795925479533	0.0004418398695811742	0.0002744425562185211	0.00017046175418275835	0.00010588345924345663	6.578540664620828e-5	4.0898904819322014e-5	2.5470213650010208e-5	1.593176668817101e-5	1.0077816914517415e-5	6.5545825831002175e-6	4.547257260199296e-6	3.5916049364762677e-6	3.4666076960996974e-6	4.1433532561801485e-6	5.778345137100577e-6	8.749685444836633e-6	1.3744485626772076e-5	2.191768587321996e-5	3.5158921939555925e-5	5.652891875527542e-5	9.096571457191432e-5	0.000146422431008544	0.00023569553928940392	0.0003793556198266335	0.000610430438931991
492.0	3.166	80.09	82.27	1.0	6.0	5.031469355452534e-6	0.0061337921403576716	0.003818067040105922	0.0023745224502037987	0.0014759496651070537	0.0009171069019325922	0.000569743528511893	0.0003539073516113016	0.00021982892034908802	0.00013655619008365888	8.485210695833723e-5	5.2767159435038886e-5	3.288407408663804e-5	2.0605584266410064e-5	1.3092424323173807e-5	8.607147397463307e-6	6.112475452322853e-6	5.031469355452534e-6	5.114120412077142e-6	6.379533817300292e-6	9.1203372387468e-6	1.3970324370412507e-5	2.2050943628027456e-5	3.523041948554042e-5	5.6555194841298894e-5	9.095285377224682e-5	0.0001463674782349452	0.00023558583528682976	0.00037916592222629895	0.0006101172107244777	0.0009813429815917775
493.0	3.574	101.6	124.9	1.0	6.0	3.559770656585619e-6	0.005437379698782555	0.0033836795145052137	0.002104021860639374	0.0013076776321351738	0.0008124950865316304	0.0005047324972765517	0.00031351359025034455	0.00019473033934043517	0.00012095578625832065	7.514483290703909e-5	4.670908328172073e-5	2.9074536273367042e-5	1.8163690906717236e-5	1.145348332597096e-5	7.392132105550305e-6	5.040389140376663e-6	3.854367105595004e-6	3.559770656585619e-6	4.088464157379748e-6	5.562711682826489e-6	8.323442805706017e-6	1.3009070240065978e-5	2.070305678133574e-5	3.318427807722745e-5	5.3337870121165374e-5	8.582102566623978e-5	0.0001381362830155647	0.00022235680464430434	0.00035789301398975355	0.0005759155227433972
494.0	3.013	89.34	150.0	1.0	6.0	3.486264455388705e-6	0.006443257948657306	0.004011169540006727	0.002494798225353871	0.0015507796738873489	0.0009636288055666872	0.0005986515447517856	0.0003718620657617409	0.0002309731401377627	0.0001434635805498402	8.911875213176001e-5	5.5379285264530225e-5	3.4445594583080965e-5	2.1477563130908374e-5	1.3476499989624979e-5	8.59213651536422e-6	5.6949026014970905e-6	4.114759601226909e-6	3.486264455388705e-6	3.6640609005645668e-6	4.68926309901822e-6	6.798958191689213e-6	1.0481019395402468e-5	1.6586887159374365e-5	2.6528349637475457e-5	4.2603696920708004e-5	6.852832720149953e-5	0.00011029160374111334	0.00017753575598336539	0.000285769576334406	0.00045991297286005866
495.0	2.66	73.8	125.1	1.0	6.0	4.174327615332759e-6	0.007292085529662488	0.004541061267746022	0.0028249395545995376	0.001756217418444207	0.0010913697383645462	0.0006780435205116492	0.00042119108421624575	0.00026161874229683557	0.0001625021718480285	0.00010094920712557589	6.273606086044824e-5	3.902951080649072e-5	2.434853367835443e-5	1.5298423608331543e-5	9.786348607685964e-6	6.537584799367222e-6	4.800800567410006e-6	4.174327615332759e-6	4.513276682330969e-6	5.896028360610796e-6	8.642350003267504e-6	1.338731783290393e-5	2.122810847589255e-5	3.397752323949692e-5	5.458265552899842e-5	8.780494817299041e-5	0.0001413174154015781	0.00022746888932387923	0.0003661132238682003	0.0005891317060927633
496.0	2.38	95.26	146.5	1.0	6.0	3.4003704270125277e-6	0.008142990461326292	0.005072592744037097	0.003156235412397076	0.001962424393652889	0.0012196074687494019	0.0007577495307172406	0.0004707142389453936	0.0002923797079753828	0.0001816025774971651	0.00011280166104919559	7.007989076154419e-5	4.356245892417953e-5	2.7118693554876307e-5	1.6946366256548686e-5	1.069316666843434e-5	6.912990349086517e-6	4.731611589331962e-6	3.644541866702491e-6	3.4003704270125277e-6	3.9426236699339245e-6	5.396702242601285e-6	8.098872645322674e-6	1.2674007944982372e-5	2.0180027504404353e-5	3.235236279010435e-5	5.200478527454403e-5	8.367877029519012e-5	0.0001346902110843818	0.00021681201758142306	0.00034897257167556926
497.0	2.307	86.95	154.9	1.0	6.0	3.457507244461123e-6	0.008398493245047175	0.005232263897684274	0.003255782370164444	0.0020243952750521447	0.0012581506681017083	0.0007817080174923231	0.000485601567606048	0.00030162836995190366	0.0001873474891724038	0.00011636991589673179	7.229614009945892e-5	4.4939038933273446e-5	2.7973887334988386e-5	1.7477927085136408e-5	1.1024019864688473e-5	7.119650087532688e-6	4.86187189731719e-6	3.7285284321440576e-6	3.457507244461123e-6	3.986125114156065e-6	5.436629065789426e-6	8.144458593918901e-6	1.2735794922094137e-5	2.0272302474074482e-5	3.2496459118296985e-5	5.223400892281759e-5	8.40460827801311e-5	0.0001352804264356151	0.00021776128361604866	0.0003504995102104727
498.0	2.479	69.69	186.0	1.0	6.0	3.563199929727706e-6	0.007820340089676109	0.0048710034645794925	0.0030305719179268133	0.0018842020067927213	0.0011709593083430918	0.0007275110858786168	0.00045192552971556643	0.00028070825074178574	0.00017435400770376188	0.00010830146542049456	6.728801264782734e-5	4.183348260184483e-5	2.6052853821056097e-5	1.6297199503496947e-5	1.0310550723943823e-5	6.7084404982777355e-6	4.657822090625825e-6	3.684447414212147e-6	3.563199929727706e-6	4.2660343265481545e-6	5.955487068434646e-6	9.022253523807466e-6	1.417550899668541e-5	2.2606824904486478e-5	3.626549192398243e-5	5.8308669589332214e-5	9.382980775160012e-5	0.00015103208554673354	0.00024311379988485073	0.00039129022061665556
499.0	2.212	94.77	256.6	1.0	6.0	2.6249969530304565e-6	0.008756028978109766	0.005455750351508523	0.003395134981184956	0.0021111537744321796	0.0013121130471060915	0.0008152511488331507	0.0005064432743689082	0.00031457345450533925	0.00019538391543846587	0.00012135403981966665	7.537979724648698e-5	4.683507201081434e-5	2.9120676887901218e-5	1.8140650511404454e-5	1.1355931552056994e-5	7.197506786195472e-6	4.703677618310741e-6	3.2976958772921437e-6	2.654395606076432e-6	2.6249969530304565e-6	3.202698419790148e-6	4.521101671811678e-6	6.885102450913643e-6	1.0841383796495273e-5	1.730479308139123e-5	2.77697730112366e-5	4.465559570457023e-5	7.186485503027872e-5	0.00011568337331827471	0.00018622703374226128
500.0	2.04	137.4	287.9	1.0	6.0	2.0239015889440246e-6	0.009487276926800443	0.005913024341076215	0.003680337482317204	0.002288745136621053	0.0014225841281044688	0.0008839261966734408	0.0005491182612381134	0.00034108456023046257	0.00021184961341322203	0.000131577488047851	8.172353084582494e-5	5.076551733439667e-5	3.154657561511005e-5	1.9622951049590534e-5	1.2237416070060277e-5	7.682027644703159e-6	4.903288018429072e-6	3.258559261365885e-6	2.367460136910118e-6	2.0239015889440246e-6	2.1484261740519772e-6	2.7698314546223995e-6	4.031828119609362e-6	6.226270019159255e-6	9.860634907976776e-6	1.5775343785080004e-5	2.533800443185944e-5	4.075937765021859e-5	6.560381741757821e-5	0.00010561139629469365
501.0	1.966	106.8	273.8	1.0	6.0	2.3398633774794993e-6	0.009840862045365044	0.0061342243664171655	0.003818335960339359	0.0023746887263234994	0.0014760511579591119	0.0009171668541770223	0.0005697757167358132	0.00035391918585306456	0.00021982312432019765	0.00013653141816849211	8.480262796031419e-5	5.2681529157344176e-5	3.274248777660927e-5	2.0375295944248237e-5	1.2720173291963609e-5	8.006840288668465e-6	5.145275141768531e-6	3.4736860626629718e-6	2.6054802379295666e-6	2.3398633774794993e-6	2.615403601009032e-6	3.495823247118504e-6	5.184732329905231e-6	8.072706945035082e-6	1.2827588950494535e-5	2.054885969968018e-5	3.302170887873359e-5	5.3129346087408866e-5	8.551836134422516e-5	0.00013766958673406
502.0	1.83	152.9	181.3	1.0	6.0	2.405168901305441e-6	0.010564477030721303	0.006587097636635936	0.0041009390312269816	0.0025507180341721673	0.0015855727130253561	0.0009852605808936688	0.0006120935591325797	0.00038021101726624137	0.00023615527238994707	0.00014667560060408798	9.110283391554694e-5	5.6594035624244285e-5	3.517185576045929e-5	2.188326397672453e-5	1.365545515127121e-5	8.585728661806947e-6	5.501647672379856e-6	3.6899615016493493e-6	2.7316775169015664e-6	2.405168901305441e-6	2.634921119835102e-6	3.4740669842772042e-6	5.116671235259213e-6	7.942601855994834e-6	1.2605354305900798e-5	2.0183110312560633e-5	3.242788835698566e-5	5.217020369625623e-5	8.397229438095238e-5	0.0001351796100782302
503.0	1.393	150.3	226.6	1.0	6.0	2.1719930843262818e-6	0.01383282040172031	0.008635696500029006	0.005380526702839386	0.003348227260720756	0.0020819485495539437	0.0012939470337550258	0.0008039582524648035	0.0004994253375447673	0.00031021264816146344	0.00019267371175895056	0.0001196684109067282	7.432919549751265e-5	4.617663218542518e-5	2.870216078207389e-5	1.7865281541497912e-5	1.1160029381595476e-5	7.035765961019746e-6	4.5386919559420726e-6	3.091308195369676e-6	2.358873325916837e-6	2.1719930843262818e-6	2.487445411089894e-6	3.3781835520422375e-6	5.050204409432166e-6	7.890179515006368e-6	1.2554852908261259e-5	2.0122851573575332e-5	3.234393994124281e-5	5.2043161091259394e-5	8.377280377762746e-5
504.0	1.768	178.1	220.9	1.0	6.0	2.0690673663931912e-6	0.010930900327248569	0.006816518171694374	0.004244139642524	0.0026399299073252337	0.0016410837873091276	0.0010197758142135986	0.0006335439416912217	0.0003935376159205118	0.0002444325450867582	0.00015181493336186908	9.429169927577358e-5	5.8569508578968694e-5	3.639065099371021e-5	2.262719735681381e-5	1.4096557427703192e-5	8.826007761390405e-6	5.596671348372113e-6	3.661705363687173e-6	2.5736061897725755e-6	2.0807242217478377e-6	2.0690673663931912e-6	2.5359381993070294e-6	3.589308737609906e-6	5.472786705890231e-6	8.621942605999173e-6	1.3765010396670754e-5	2.209121530832405e-5	3.552556403918428e-5	5.717340346087803e-5	9.203692480804927e-5
505.0	1.777	112.8	241.1	1.0	6.0	2.4306957311689705e-6	0.010876140706452956	0.006782228705983367	0.004222735177991365	0.002626594714802947	0.0016327860221715042	0.0010146166383924358	0.0006303379812988462	0.0003915464264970993	0.00024319677493340184	0.00015104922579087354	9.381913621036116e-5	5.828086324217192e-5	3.621919167457416e-5	2.2533279103724035e-5	1.4058462776581496e-5	8.83492768574448e-6	5.654669371501303e-6	3.7821953532505675e-6	2.7844547998822456e-6	2.4306957311689705e-6	2.6391013008534042e-6	3.4578674433184214e-6	5.076345759696284e-6	7.868825050605392e-6	1.2481065904367114e-5	1.9979572132448022e-5	3.2098044750006865e-5	5.1637816624069175e-5	8.311435791967542e-5	0.0001337980230036809
506.0	1.643	113.0	292.9	1.0	6.0	2.2614481352375947e-6	0.011752751156799855	0.007331318414465148	0.004565560750789883	0.0028402061268549533	0.0017657175181802717	0.001097275585502489	0.0006817113615428225	0.0004234654845494589	0.0002630242830875783	0.00016336336945876228	0.00010146502406978332	6.302571204811973e-5	3.915995458659518e-5	2.4349926650341543e-5	1.5171083279927407e-5	9.500822174150642e-6	6.027835749304951e-6	3.948935550132337e-6	2.783331077894409e-6	2.2614481352375947e-6	2.2625874424786817e-6	2.787010699666324e-6	3.955999366995653e-6	6.0398979927522075e-6	9.520621675832798e-6	1.5203067124322919e-5	2.4401149426868796e-5	3.924137480912494e-5	6.315385776051723e-5	0.00010166356367912485
507.0	1.783	151.6	352.0	1.0	6.0	1.7379388987506086e-6	0.010839937990458124	0.0067595599254984306	0.004208584835900803	0.002617778792972253	0.0016273000157840788	0.0010112050868236924	0.0006282170220413614	0.0003902275187493901	0.00024237565227487538	0.00015053627667379815	9.349584082952161e-5	5.8072494341333075e-5	3.607757496412536e-5	2.2425668193358818e-5	1.3959972045662256e-5	8.722779320281519e-6	5.502926233246047e-6	3.555762708760616e-6	2.430963918475802e-6	1.8683924708004084e-6	1.7379388987506086e-6	2.009431597820975e-6	2.745658236436533e-6	4.116884480452677e-6	6.440224932942161e-6	1.0252964362775705e-5	1.6436766453274152e-5	2.6421444541002787e-5	4.2515285182533244e-5	6.843796789096882e-5
508.0	2.047	167.4	449.1	1.0	6.0	1.4610311564088054e-6	0.009455140633260308	0.005892923036353851	0.003667798100109448	0.0022809361046491426	0.0014177259700501362	0.0008809056159396024	0.0005472406401348772	0.0003399171812887164	0.00021112307968143175	0.00013112399647497634	8.143828668200865e-5	5.058258367543897e-5	3.142365687982458e-5	1.95316238022241e-5	1.2156560192187485e-5	7.5929436241443815e-6	4.785372932179403e-6	3.084542025750115e-6	2.097094442172405e-6	1.594658086675001e-6	1.4610311564088054e-6	1.6653083406940733e-6	2.2547327613390846e-6	3.3656205508003464e-6	5.254882624844951e-6	8.359429010917885e-6	1.339718123802023e-5	2.1533019653563836e-5	3.4647955380474374e-5	5.5773545283001955e-5
509.0	3.379	198.6	507.6	1.0	6.0	1.263552816974873e-6	0.005749362542895729	0.0035782498319154974	0.002225172019106555	0.0013830362467068713	0.0008593397334634749	0.0005338388821576539	0.0003315908244421958	0.00020595058987742606	0.00012791069747371985	7.94416318494753e-5	4.934102861672338e-5	3.065014855300766e-5	1.9047301667512638e-5	1.184942450209409e-5	7.391965667699939e-6	4.6440727730804795e-6	2.970240711089637e-6	1.983356821049133e-6	1.4551792356139263e-6	1.263552816974873e-6	1.364158479555339e-6	1.7802631774844303e-6	2.608100086608594e-6	4.039122256626024e-6	6.404273677722177e-6	1.0250508736701022e-5	1.6467237056689467e-5	2.649188474330967e-5	4.264197637269109e-5	6.865018530934553e-5
510.0	4.532	190.4	581.9	1.0	6.0	1.2201957094665347e-6	0.004292930200031697	0.0026703278069604413	0.0016599992076196698	0.0010315369262791404	0.0006408528346079071	0.00039807772576520416	0.0002472512178263666	0.00015356303218473438	9.537312275399758e-5	5.9234212934860596e-5	3.679230886974965e-5	2.2858680823736347e-5	1.421139488640915e-5	8.850755308501289e-6	5.537051265758549e-6	3.503928359247425e-6	2.281181734660809e-6	1.5860210773374923e-6	1.2576722868124616e-6	1.2201957094665347e-6	1.4649234011807107e-6	2.048454025455395e-6	3.1057412539700274e-6	4.881301127611669e-6	7.785751495788506e-6	1.2490748148421259e-5	2.008424393250231e-5	3.2321900103336454e-5	5.2032591244800134e-5	8.377125815629894e-5
511.0	4.419	155.4	762.3	1.0	6.0	1.1701777544756867e-6	0.004402223055289346	0.0027384247745750735	0.0017023754028981327	0.001057886815737265	0.0006572294999071004	0.0004082528693815125	0.0002535720072004449	0.0001574889675505851	9.781127775434744e-5	6.0748129503225474e-5	3.7731988270806426e-5	2.344139874356225e-5	1.4571901559252527e-5	9.072420517785272e-6	5.671138526905214e-6	3.581448076950493e-6	2.320062142937202e-6	1.5952542372960392e-6	1.2393936039509312e-6	1.1701777544756867e-6	1.371598249130007e-6	1.8902380262422868e-6	2.846043676703608e-6	4.4600627388814776e-6	7.105557443439959e-6	1.1394306452761558e-5	1.8318029304385856e-5	2.947757621282606e-5	4.745271979961908e-5	7.639763253016024e-5
512.0	5.774	231.5	714.8	1.0	6.0	1.006436809059177e-6	0.003372626510858699	0.002097139298223935	0.0013033952649751455	0.000809830831708327	0.0005030733915029625	0.00031247716185506865	0.0001940773646299607	0.00012053543127720947	7.48599499142016e-5	4.649381241768979e-5	2.8879100571055586e-5	1.794289432527385e-5	1.1156261910580766e-5	6.9497455763723395e-6	4.350523498510597e-6	2.7574722266238403e-6	1.8021609514919108e-6	1.2636495077621655e-6	1.0173927025654544e-6	1.006436809059177e-6	1.228247633833041e-6	1.7341240954869058e-6	2.6410613692751065e-6	4.158806044845005e-6	6.638357408071666e-6	1.0653123500975564e-5	1.713147962409517e-5	2.7571329702527166e-5	4.4386145112728174e-5	7.14621263792676e-5
513.0	4.607	294.3	528.4	1.0	6.0	1.0148515406704308e-6	0.004223338315834663	0.0026269701929665127	0.0016330192099443723	0.0010147608974364597	0.000630426455350125	0.000391599492645482	0.00024322667339162458	0.00015106285877298795	9.381965183306843e-5	5.8268378874966236e-5	3.6190819234515394e-5	2.2482456346910668e-5	1.397343536771804e-5	8.696030569606734e-6	5.429778611828101e-6	3.419298600078728e-6	2.1996220780071756e-6	1.488668628911817e-6	1.1220116022973147e-6	1.0148515406704308e-6	1.1424045125615042e-6	1.5341699999562396e-6	2.280752680538664e-6	3.55481499260859e-6	5.651004078263878e-6	9.054081114055268e-6	1.4550994035501697e-5	2.3412772244084918e-5	3.768820435584242e-5	6.067694198908587e-5
514.0	3.369	405.9	371.7	1.0	6.0	1.0505496377473222e-6	0.005766329582181583	0.0035888327735010303	0.002231762060018578	0.0013871356378695062	0.000861888105552926	0.000535422345091062	0.0003325743350454236	0.00020656112523210267	0.00012828927317694503	7.967573181644613e-5	4.9484767203295484e-5	3.0736758671164505e-5	1.909681023388696e-5	1.1873280204088793e-5	7.3956852047332115e-6	4.628516162743636e-6	2.9318099525838002e-6	1.913163682533673e-6	1.3369895727358486e-6	1.0700319941927743e-6	1.0505496377473222e-6	1.2740362871696436e-6	1.7921784043745831e-6	2.7248077082012103e-6	4.2876123020315666e-6	6.842011414840206e-6	1.0978720091471557e-5	1.765430675433908e-5	2.8412265614656533e-5	4.573957516543954e-5
515.0	3.297	600.5	347.6	1.0	6.0	8.758742373279987e-7	0.005891512836594884	0.003666918360358878	0.0022803881578612063	0.0014173849494762446	0.00088069337145764	0.0005471083626786582	0.00033983438548348813	0.00021107065813317315	0.0001310898412100396	8.14145044821609e-5	5.056367660340733e-5	3.1405253067520995e-5	1.95094671776595e-5	1.2125526534542529e-5	7.545855560844576e-6	4.7113400046612845e-6	2.966442007422726e-6	1.9076133623364768e-6	1.2899731172073773e-6	9.70675519801611e-7	8.758742373279987e-7	9.83643661912372e-7	1.3189079649491206e-6	1.959204955040322e-6	3.052617102020282e-6	4.8520153778117604e-6	7.773530832713586e-6	1.2492765851279236e-5	2.010096577553605e-5	3.2357191236867124e-5
516.0	2.454	546.8	273.3	1.0	6.0	1.041679675257499e-6	0.007899379582874129	0.004920381768664989	0.0030613502419642195	0.0019033591643224284	0.0011828718488054713	0.0007349131999668075	0.0004565210833063161	0.00028355697591127754	0.00017611354939753472	0.00010937830359655355	6.793101791895295e-5	4.219129936996847e-5	2.6208210919703053e-5	1.62860174715271e-5	1.0130239513477692e-5	6.317296603968326e-6	3.965382097873919e-6	2.5305657311163716e-6	1.6810115823119065e-6	1.2202383205859533e-6	1.041679675257499e-6	1.1040388991861964e-6	1.4217377611030358e-6	2.0682514155990787e-6	3.1930997597660236e-6	5.05642327864577e-6	8.089135034734249e-6	1.2992548077657742e-5	2.0900486946038054e-5	3.364129060802691e-5
517.0	3.0	578.5	269.2	1.0	6.0	1.0161904027177004e-6	0.006470997599330585	0.004028480557665226	0.0025055808279945374	0.0015574874842165074	0.0009677976438417974	0.0006012395610487144	0.00037346549049638647	0.00023196191482849156	0.0001440660418613639	8.947410318713416e-5	5.556965975087671e-5	3.4515002267919946e-5	2.1442048898230184e-5	1.3327847239865262e-5	8.29596395421262e-6	5.182711612984082e-6	3.2680917773587102e-6	2.109305223920411e-6	1.4383536451055945e-6	1.1000617882801519e-6	1.0161904027177004e-6	1.1673416559979364e-6	1.588472707563601e-6	2.376979637832755e-6	3.715220467307315e-6	5.912683870055748e-6	9.477549470310054e-6	1.523417268323855e-5	2.451362040886745e-5	3.946120676117204e-5
518.0	3.211	423.2	195.5	1.0	6.0	1.391491145454506e-6	0.006048350312040494	0.0037647594531456173	0.0023413207371081155	0.0014552916134850725	0.0009042599012630194	0.0005617537975905569	0.0003489337775195239	0.00021672382327183077	0.00013460243094305408	8.359820991752036e-5	5.192327401384367e-5	3.2255085017750125e-5	2.004604192262699e-5	1.247292709855791e-5	7.784422450711791e-6	4.896246412744336e-6	3.1404519905069564e-6	2.1109713797498523e-6	1.5697113451274833e-6	1.391491145454506e-6	1.5350921799579875e-6	2.0337249280634355e-6	3.002708485202837e-6	4.666137362156394e-6	7.408699042558861e-6	1.1864616108656364e-5	1.906425588865135e-5	3.0672244336798306e-5	4.9371970615477435e-5	7.948493244110744e-5
519.0	2.384	535.8	253.8	1.0	6.0	1.089932283862228e-6	0.008129438504862025	0.005064124288177889	0.00315095559402678	0.0019591368811289933	0.0012175615362146697	0.0007564757139943836	0.00046991936743961504	0.00029188049929638056	0.0001812837892402669	0.00011258964680868409	6.992564797869412e-5	4.3430326761972504e-5	2.6978117379963125e-5	1.6764835610006737e-5	1.0428698102415492e-5	6.504418306838481e-6	4.084442468204077e-6	2.6091002441047904e-6	1.737183353799944e-6	1.2670385864990452e-6	1.089932283862228e-6	1.1649035972842938e-6	1.5092910862162837e-6	2.2027421603391797e-6	3.4056316504484454e-6	5.396147436585797e-6	8.634614657212933e-6	1.3869920816286216e-5	2.231261792074802e-5	3.591463932180476e-5
520.0	2.046	553.4	265.5	1.0	6.0	1.0627066722673715e-6	0.00945971816232496	0.005895786224496306	0.0036695841174337173	0.0022820482731985606	0.001418417729298354	0.0008813354912563401	0.0005475074866909453	0.0003400824964970582	0.00021122501309093884	0.00013118609058557345	8.147488998636084e-5	5.060215691378996e-5	3.143072506336487e-5	1.952782093046237e-5	1.2141006468341392e-5	7.562041691970589e-6	4.7319757885051955e-6	2.9963000428176544e-6	1.953599155970848e-6	1.3627221902927101e-6	1.0870131378814164e-6	1.0627066722673715e-6	1.2841808630197459e-6	1.8026567222817012e-6	2.738043139150903e-6	4.306665790908508e-6	6.871289288504106e-6	1.1024992856800055e-5	1.7728274068738157e-5	2.853102872488835e-5
521.0	1.794	631.3	276.2	1.0	6.0	9.585635292410185e-7	0.010774188578050495	0.006718391781711424	0.004182887528715666	0.002601769325757903	0.0016173379701466264	0.0010050105569532515	0.0006243666652729112	0.00038783442962146795	0.00024088774985658987	0.0001496099769463242	9.291711712927071e-5	5.7707579908374544e-5	3.58421035548373e-5	2.2265192103143652e-5	1.3837381136930281e-5	8.60972263637783e-6	5.3732568507351465e-6	3.3794911354394336e-6	2.167322441410756e-6	1.456406668090343e-6	1.0823258233237976e-6	9.585635292410185e-7	1.0564961539059493e-6	1.3987727807764658e-6	2.0645528414506415e-6	3.2078120403394473e-6	5.092948669763731e-6	8.155920084619422e-6	1.3105036160707931e-5	2.1084687432590398e-5
522.0	2.084	736.9	351.0	1.0	6.0	7.889292797472584e-7	0.009288830631224215	0.005788903923370046	0.003602913409986547	0.0022405302299366445	0.001392590013566994	0.0008652788580671876	0.0005375293117157098	0.000333883124144082	0.0002073737803607735	0.00012879349282745762	7.998803435759489e-5	4.967734420568766e-5	3.085413470543268e-5	1.916612634982275e-5	1.1910565601374014e-5	7.409562387358363e-6	4.622194322047744e-6	2.903826853751603e-6	1.8570473960019911e-6	1.239761576809225e-6	9.092055888243035e-7	7.889292797472584e-7	8.511152832910093e-7	1.110145524718802e-6	1.6259270612011724e-6	2.5177460955402487e-6	3.991853342800513e-6	6.389157292490825e-6	1.026404810031645e-5	1.651256184370419e-5
523.0	1.94	711.9	461.0	1.0	6.0	7.140724739985768e-7	0.009971434393092126	0.006215924296540354	0.0038693111591418723	0.0024064373176489644	0.0014958028339686527	0.0009294459743110339	0.0005774052541741606	0.00035865715325046626	0.00022276278968079872	0.00013835169019726457	8.592412148701493e-5	5.336347709060914e-5	3.314255441543472e-5	2.05859867288922e-5	1.2790208256753362e-5	7.952413874239397e-6	4.95379849208139e-6	3.1008743559300266e-6	1.9651102347518693e-6	1.2838320826117245e-6	8.99476220882495e-7	7.231498292101318e-7	7.140724739985768e-7	8.701445809554924e-7	1.2274617313356045e-6	1.8686621455214002e-6	2.9420375458507147e-6	4.69582549577461e-6	7.535610227093671e-6	1.2118096342243221e-5
524.0	2.303	656.9	473.6	1.0	6.0	7.189644277908982e-7	0.008412957213217503	0.0052413034510439774	0.0032614179059791545	0.002027902840363868	0.0012603308901402278	0.0007830610343991509	0.00048643871867511704	0.0003021426585353218	0.00018765762315588554	0.00011654753160130579	7.23822811241638e-5	4.49536143228895e-5	2.7920262860739066e-5	1.7343698526356576e-5	1.0778142274742839e-5	6.705257011609537e-6	4.183123261623046e-6	2.6284450675147222e-6	1.6816659631195276e-6	1.1238188970924848e-6	8.25886741162326e-7	7.189644277908982e-7	7.783231065727389e-7	1.017690852033906e-6	1.4924273719368635e-6	2.312326558110374e-6	3.6670068439516624e-6	5.8697591010764946e-6	9.429986531511205e-6	1.5170972690426477e-5
525.0	1.592	528.9	410.8	1.0	6.0	8.791945961133187e-7	0.012124686671134494	0.007564401421462899	0.0047111298808789	0.0029309255269574677	0.0018221788927778341	0.0011323862154404526	0.0007035331698310305	0.0004370228215748864	0.00027144395944524386	0.00016858931525888477	0.00010470459273691578	6.502764698580305e-5	4.03870681122046e-5	2.5085949829762698e-5	1.5586214071498693e-5	9.691060531311494e-6	6.037175551086823e-6	3.779535351153383e-6	2.396011783810661e-6	1.5666313387788948e-6	1.0995781841564884e-6	8.868336372049962e-7	8.791945961133187e-7	1.0748940354447598e-6	1.5191921707596445e-6	2.314843176241529e-6	3.6458575502798144e-6	5.820053124554059e-6	9.340229469545242e-6	1.5020409653605095e-5
526.0	1.295	512.0	533.3	1.0	6.0	7.69629568777794e-7	0.01486406553006941	0.00928314071087242	0.005785345378142568	0.0036006937641760045	0.0022391480184130747	0.0013917301738152516	0.0008647443132780955	0.000537197123335576	0.0003336767306307731	0.0002072455501512012	0.00012871380870500539	7.993848236475916e-5	4.9646469944487755e-5	3.0834799866261804e-5	1.9153860081007236e-5	1.1902531304708766e-5	7.403902036822827e-6	4.617598845840888e-6	2.8992334341098035e-6	1.8513936770817251e-6	1.231739982384847e-6	8.96960905085234e-7	7.69629568777794e-7	8.202969692362502e-7	1.0606810491943342e-6	1.5463765239156036e-6	2.3897116893793756e-6	3.7857247576950214e-6	6.057264877917373e-6	9.729641359460867e-6
527.0	1.071	484.1	459.5	1.0	6.0	8.634692814756622e-7	0.017917177646651863	0.011202957047771696	0.006986896401442403	0.004350503084927647	0.002706198932322987	0.0016823211858787268	0.0010454167230834397	0.0006494790377498548	0.00040343708188258104	0.00025058002393132	0.0001556299325775484	9.665567015880788e-5	6.0028849262069064e-5	3.72827456818892e-5	2.3158318418457235e-5	1.4389522577283933e-5	8.9485661785817e-6	5.577165366535583e-6	3.4956226203557004e-6	2.2225350061180934e-6	1.463469563323371e-6	1.0428724889196702e-6	8.634692814756622e-7	8.837678802049715e-7	1.1084626069887343e-6	1.589519546842233e-6	2.4381940887388435e-6	3.850759116019894e-6	6.153891316051087e-6	9.880205052037004e-6
528.0	0.9726	697.0	570.7	1.0	6.0	6.37523711937324e-7	0.019694189570711174	0.012322414646569727	0.007688339690465208	0.004788544572926015	0.0029791749304833625	0.001852209800862468	0.0011510618745717712	0.0007151410414160313	0.0004442352648770999	0.00027592431272736206	0.00017137195745765984	0.00010643238342912156	6.609991505333817e-5	4.10517013872261e-5	2.5496623433521236e-5	1.583789251787161e-5	9.84194571891654e-6	6.122161727029605e-6	3.818277123023172e-6	2.397468967505414e-6	1.5311408235625313e-6	1.0189317466716877e-6	7.423794956058025e-7	6.37523711937324e-7	6.801134758481874e-7	8.799986688149084e-7	1.283407786136133e-6	1.9836389052465988e-6	3.1426356110659795e-6	5.028436155875979e-6
529.0	1.315	1000.0	543.3	1.0	6.0	5.434290153483463e-7	0.014641306677055717	0.009143243423335378	0.005697856775394406	0.003546124577768791	0.002205167617133219	0.0013705921421291367	0.0008516034306630599	0.0005290310186847511	0.00032860325897670354	0.00020409383450464098	0.00012675589217378246	7.872191374420088e-5	4.889002663325708e-5	3.0363588046595275e-5	1.885891981456278e-5	1.1715657399342171e-5	7.281877662318919e-6	4.5322035527803695e-6	2.830717578978553e-6	1.7839111664065015e-6	1.1496836135166818e-6	7.813528241287463e-7	5.937321374569339e-7	5.434290153483463e-7	6.188093576920749e-7	8.373068045941193e-7	1.2494544800913323e-6	1.9505715435408185e-6	3.1028065695464677e-6	4.97263425089312e-6
530.0	0.9919	1000.0	522.5	1.0	6.0	5.664721723854172e-7	0.019318392030644973	0.012085548196849831	0.0075398711587096766	0.004695808563537226	0.0029213766884091984	0.001816235689411416	0.0011286902317783772	0.0007012358392372115	0.0004355952295511069	0.0002705568644302323	0.0001680379099239195	0.0001043614871796751	6.481354155326148e-5	4.0252465326691276e-5	2.499972685976794e-5	1.5528432419103055e-5	9.648357704108463e-6	5.9996757450215095e-6	3.738565813910208e-6	2.3420972067025463e-6	1.4873024335215048e-6	9.764878979384768e-7	6.915138642916376e-7	5.664721723854172e-7	5.724433839681309e-7	7.108083802647111e-7	1.0135676526681778e-6	1.5507418517216495e-6	2.446564986147743e-6	3.9082140751717965e-6
531.0	0.8636	899.1	609.3	1.0	6.0	5.432146171957996e-7	0.022124901522068873	0.013856144164466207	0.008650334103638656	0.0053896766344916636	0.0033539325914457583	0.0020855003509987046	0.0012961557290378045	0.000805330396248014	0.0005002766274684103	0.00031073933235317247	0.00019299735518082037	0.00011986377055930969	7.444141734844175e-5	4.623165666831846e-5	2.871270845127886e-5	1.7833789737235233e-5	1.1079213923557462e-5	6.88693565239739e-6	4.28742541022678e-6	2.6794928664429373e-6	1.6912654202784237e-6	1.0941900597268698e-6	7.501770575800207e-7	5.796638979342781e-7	5.432146171957996e-7	6.323992059438448e-7	8.678439002682298e-7	1.3040012820190747e-6	2.041743259098907e-6	3.251688495906847e-6
532.0	0.8612	1000.0	583.0	1.0	6.0	5.251212039930252e-7	0.02218519124758554	0.013894221971890618	0.00867423178391781	0.005404615440261673	0.0033632479182002816	0.0020913000832566363	0.001299763168066887	0.0008075728795786303	0.0005016700937795973	0.0003116050182025779	0.00019353507297670714	0.00012019772778339311	7.46487913673264e-5	4.6360385612346325e-5	2.8792555695087833e-5	1.788321884822122e-5	1.1109655480819052e-5	6.90542963085041e-6	4.298248894620115e-6	2.685149013149039e-6	1.6930623483901397e-6	1.0925433627229516e-6	7.447058770991907e-7	5.691028710108325e-7	5.251212039930252e-7	6.025888108848403e-7	8.194220646690704e-7	1.2257692169288063e-6	1.915607960651581e-6	3.0484786214210274e-6
533.0	0.9452	1000.0	812.5	1.0	6.0	4.439081461611e-7	0.0202535309618634	0.012675095332237603	0.007909450531006711	0.00492667361826389	0.0030652721690043604	0.0019058003432505662	0.0011843899403079327	0.0007358566245273387	0.0004571069987372644	0.0002839204919330125	0.0001763385851670322	0.00010951684554716053	6.801508490331058e-5	4.224032543551374e-5	2.6233531353031315e-5	1.6293487045541743e-5	1.01215852689049e-5	6.290516799001929e-6	3.914283066480659e-6	2.4433293106661217e-6	1.5374618437533395e-6	9.871752769782082e-7	6.652009353017653e-7	4.970733039848774e-7	4.439081461611e-7	4.934094575425898e-7	6.570256963258792e-7	9.72597422484804e-7	1.5131085905287624e-6	2.403565042328698e-6
534.0	1.031	964.8	630.9	1.0	6.0	5.256488868945185e-7	0.018599383865642357	0.011632544345868547	0.007256001701268619	0.0045185279393019475	0.0028108968726408483	0.0017474765262274561	0.001085931881291046	0.000674659866902646	0.0004190824778504199	0.0002602988240819062	0.0001616661808269872	0.00010040399230183195	6.235560117656076e-5	3.872584314675729e-5	2.405143737228301e-5	1.4939190957536297e-5	9.281898510852528e-6	5.771249691473569e-6	3.5953447478376486e-6	2.250957872897868e-6	1.4271665146855088e-6	9.334473354229e-7	6.556143320972757e-7	5.294108919476247e-7	5.256488868945185e-7	6.434581526761999e-7	9.100851460281466e-7	1.3871941333696397e-6	2.1851279448786287e-6	3.488425481314472e-6
535.0	1.001	1000.0	806.7	1.0	6.0	4.4610192475782465e-7	0.019146133402566014	0.011976995725541117	0.00747183912397721	0.0046533180746190835	0.0028948956074075593	0.001799754163702759	0.0011184408670155718	0.0006948653617093086	0.00043163692323366546	0.0002680978206550266	0.0001665103932563384	0.00010341259698818343	6.422396680094709e-5	3.98859065949711e-5	2.4771428737410646e-5	1.5385602803918427e-5	9.557966372500761e-6	5.9408183341888025e-6	3.697630340901115e-6	2.309616333138831e-6	1.4557640935261855e-6	9.385979653633467e-7	6.385092164893131e-7	4.860939772638544e-7	4.4610192475782465e-7	5.092836996012684e-7	6.902517504808288e-7	1.0308596868979585e-6	1.6098816290030159e-6	2.5612297470321417e-6
536.0	1.009	948.0	931.7	1.0	6.0	4.257923212491489e-7	0.018997214942388325	0.011883163070584115	0.007413036829905189	0.004616593940083013	0.002872008947696648	0.0017855100384530117	0.0011095829877830691	0.0006893598164382491	0.00042821608606654103	0.00026597272121448305	0.00016519038876473856	0.00010259272537130378	6.371473520498719e-5	3.9569589162444736e-5	2.4574886668972536e-5	1.526338730273073e-5	9.4818143437963e-6	5.893118507785066e-6	3.6673511597775066e-6	2.289755012899757e-6	1.4417271954276423e-6	9.271390762107061e-7	6.269781366191906e-7	4.718238323652903e-7	4.257923212491489e-7	4.782374839629387e-7	6.412886350326976e-7	9.526556528266575e-7	1.4843500559560125e-6	2.3593386804562417e-6
537.0	1.437	1000.0	919.2	1.0	6.0	4.207325839823887e-7	0.013414951436506752	0.00837349154169106	0.005216637892924318	0.0032460392576898244	0.0020183288119628652	0.0012543760853607057	0.0007793594056667292	0.0004841384753388728	0.0003007134702250593	0.00018676959230284142	0.00011599552368101555	7.203872412566114e-5	4.473908768568639e-5	2.7785165344568382e-5	1.7256790416416213e-5	1.0719325662589345e-5	6.660929685756937e-6	4.143033566350941e-6	2.5833212126125626e-6	1.6210718011673819e-6	1.0337403041808913e-6	6.85490466327124e-7	4.957798723523964e-7	4.207325839823887e-7	4.4299177947419617e-7	5.67705444210535e-7	8.237169291721429e-7	1.2702354971286629e-6	2.0105293934016303e-6	3.2158075931059398e-6
538.0	1.17	1000.0	1000.0	1.0	6.0	4.0217010012892604e-7	0.016426016506307275	0.010264746796551434	0.006399481565055114	0.003983850386892691	0.0024777803133474554	0.0015401901496943104	0.0009570429445425475	0.0005945556138307165	0.00036931240797044145	0.00022938148065067138	0.00014246234512648175	8.847658562602943e-5	5.49477488941195e-5	3.4124914251102633e-5	2.1193584250626078e-5	1.3163548903846329e-5	8.177836123221178e-6	5.0834349279299715e-6	3.164706061727381e-6	1.977899730828161e-6	1.2485371395595454e-6	8.07933830299436e-7	5.541881913605462e-7	4.286144467752337e-7	4.0217010012892604e-7	4.6873910887850085e-7	6.437173212280412e-7	9.675730718481812e-7	1.515206212966366e-6	2.4132697118111825e-6
539.0	1.193	689.6	1000.0	1.0	6.0	4.887985364984923e-7	0.016114441317933097	0.010068844393492564	0.006276879712995619	0.003907345392701549	0.0024301269856637905	0.0015105415013561615	0.0009386093333457966	0.000583099818512597	0.0003621950199807957	0.00022496028756502882	0.00013971631898257886	8.677120743988288e-5	5.388882394257498e-5	3.346762164412512e-5	2.0785939260121552e-5	1.2911284638242186e-5	8.022614102488556e-6	4.989357471558917e-6	3.1100157726286775e-6	1.949948170946575e-6	1.2408598132180588e-6	8.18755157076208e-7	5.860109459472981e-7	4.887985364984923e-7	5.0463479598258e-7	6.371822234553552e-7	9.170958471637047e-7	1.4091128404572324e-6	2.2270238116880484e-6	3.5599876942929098e-6
540.0	1.148	737.2	696.6	1.0	6.0	5.593861146434868e-7	0.01673553170381279	0.010459400094934299	0.006521319799870161	0.004059885945446683	0.0025251439959778207	0.0015696596729464132	0.0009753656337514629	0.0006059426912917714	0.00037638725566359045	0.0002337764206852081	0.00014519231371372667	9.017238028770836e-5	5.6001344903111945e-5	3.477989889548773e-5	2.1601408037530612e-5	1.3418519899668277e-5	8.338918751140855e-6	5.187882275404845e-6	3.2366738674895186e-6	2.034032339767012e-6	1.3018167268478314e-6	8.706828030031786e-7	6.409190225862108e-7	5.593861146434868e-7	6.072272291148396e-7	7.955068020003914e-7	1.1677693190881461e-6	1.8101096223745548e-6	2.8710832125297776e-6	4.596059838679384e-6
541.0	1.144	868.1	771.3	1.0	6.0	4.985118650754811e-7	0.01679306469902104	0.010495587510034318	0.006543972370839494	0.00407402350248006	0.0025339507863218202	0.0015751393350405933	0.0009787726453672168	0.0006080600527422191	0.0003777027483345722	0.00023459354923368233	0.00014569977678177215	9.04874330652078e-5	5.6196809903790655e-5	3.490096664261648e-5	2.1676072615644848e-5	1.3464047235672966e-5	8.365837400578798e-6	5.202417593054795e-6	3.2421874277838217e-6	2.0317992587002945e-6	1.2913205286603712e-6	8.494959241933262e-7	6.041414002069814e-7	4.985118650754811e-7	5.081774853940549e-7	6.353736059766942e-7	9.095176694992062e-7	1.3940124539911512e-6	2.2009089310216407e-6	3.516818748635297e-6
542.0	1.372	1000.0	787.6	1.0	6.0	4.529579462719793e-7	0.014041573611667637	0.008766716394949994	0.005462431545275848	0.003399301053932952	0.0021137471899348704	0.0013137254393447003	0.0008162522688639935	0.000507063438327504	0.0003149556213948947	0.00019561629029729496	0.00012149029577751215	7.545142033234184e-5	4.6858616677142535e-5	2.9101584490516745e-5	1.8074503832036306e-5	1.1227431679395523e-5	6.976934211757249e-6	4.3400185962686095e-6	2.7068439945144635e-6	1.6997000825089485e-6	1.0856589749687159e-6	7.227071454866924e-7	5.269019533045556e-7	4.529579462719793e-7	4.837734460980677e-7	6.264753159325803e-7	9.140671057150724e-7	1.4130617610124145e-6	2.2388636267027195e-6	3.5824565514834314e-6
543.0	1.164	1000.0	816.7	1.0	6.0	4.513952972976066e-7	0.016509288582195917	0.010317111867880343	0.006432256362250371	0.004004303454497234	0.002490520564886294	0.0015481169865764438	0.0009619714179475313	0.0005976185159191196	0.00037121539643861906	0.00023056362391108518	0.00014319664177315066	8.893270628344977e-5	5.523112421283946e-5	3.4301059665579175e-5	2.130322949405333e-5	1.3232049144110373e-5	8.22103268141695e-6	5.111317747349963e-6	3.183723653273981e-6	1.9924503831112668e-6	1.2619860858051088e-6	8.233915136490991e-7	5.752296451938671e-7	4.601061017652961e-7	4.513952972976066e-7	5.470825491896045e-7	7.692980525214564e-7	1.169434916436282e-6	1.8400346374460775e-6	2.936188314671613e-6
544.0	1.126	1000.0	609.9	1.0	6.0	5.194433505835608e-7	0.017056935292712346	0.010661578622722023	0.006647887366760924	0.004138880385492385	0.0025743536935624203	0.0016002788820224456	0.0009944035417018447	0.0006177743734917697	0.00038373831809465544	0.000238342834987402	0.0001480285845188789	9.193385584317652e-5	5.7095177705208263e-5	3.545897698798263e-5	2.2022752224781447e-5	1.3679564483424117e-5	8.500032538558304e-6	5.286325460590716e-6	3.295213481359071e-6	2.0662070740716885e-6	1.315067807923213e-6	8.680748777520846e-7	6.218489305094471e-7	5.194433505835608e-7	5.371739139763307e-7	6.791412068562393e-7	9.781788580887966e-7	1.5034468663488364e-6	2.376425747490504e-6	3.7990095519807904e-6
545.0	1.406	824.6	286.7	1.0	6.0	8.240796072702561e-7	0.013706674268194188	0.008556533316208403	0.005331042959935388	0.0033173716799034534	0.0020627379087657	0.0012819976593825728	0.0007965294710184824	0.0004948079039985678	0.00030734207490069914	0.00019088741856584137	0.00011855377621876822	7.362862469987621e-5	4.572817396466852e-5	2.840212547890557e-5	1.764428858919131e-5	1.0966972145236173e-5	6.825996070512825e-6	4.263694750282639e-6	2.6874830246775115e-6	1.7328244477653127e-6	1.1789297142264742e-6	8.976958120656915e-7	8.240796072702561e-7	9.410551565559503e-7	1.275675828329654e-6	1.9053306395794178e-6	2.9756409833561444e-6	4.73413542341257e-6	7.587486323261716e-6	1.2195534914370035e-5
546.0	1.261	578.8	350.6	1.0	6.0	8.884087928496062e-7	0.015258724784835288	0.009531053437652414	0.005940407261034471	0.003697419269334035	0.002299382726599259	0.0014292014045711673	0.0008880395174522711	0.0005516735083224303	0.0003426706063943202	0.0002128324663363913	0.0001321841478306341	8.209418433591515e-5	5.098584229706719e-5	3.1667510598607395e-5	1.967245883676459e-5	1.222694411206315e-5	7.609152968781807e-6	4.75115589973646e-6	2.9919846838109027e-6	1.924790207687944e-6	1.302756726047766e-6	9.820224602934643e-7	8.884087928496062e-7	1.000264798172759e-6	1.343459765035863e-6	1.997365593091396e-6	3.1132120464863997e-6	4.9490581226698626e-6	7.929463227015334e-6	1.274364630771632e-5
547.0	1.282	603.0	427.2	1.0	6.0	7.909953941361507e-7	0.015012529945068414	0.00937639270689175	0.00584366823750661	0.003637073436255817	0.0022618025237873267	0.001405823042514384	0.0008735055168476848	0.0005426415741784025	0.0003370592245316015	0.00020934669176829636	0.00013001889381993232	8.074909739075755e-5	5.014999573632809e-5	3.1147653817855344e-5	1.9348384240814854e-5	1.2023709446197808e-5	7.479757961004553e-6	4.665675587581738e-6	2.930649829096584e-6	1.8734155356613678e-6	1.2494604639119497e-6	9.144783556924699e-7	7.909953941361507e-7	8.504525968609555e-7	1.106600780950709e-6	1.6186804404344282e-6	2.505121674633891e-6	3.970931518083423e-6	6.355099635144231e-6	1.0208978788400332e-5
548.0	1.288	623.6	368.8	1.0	6.0	8.345136668257099e-7	0.014943641072600641	0.009333121600372338	0.005816604554914696	0.0036201919016946075	0.002251289910592925	0.0013992833572845297	0.0008694399534282383	0.0005401151435478006	0.00033548965963478843	0.00020837177395963838	0.00012941344945322208	8.03732173324125e-5	4.991679212941323e-5	3.1003209033280446e-5	1.9259297985983538e-5	1.1969380539604624e-5	7.4476222608877705e-6	4.6483011898504075e-6	2.924018534459578e-6	1.8759937381302653e-6	1.2618444483473348e-6	9.395322743566555e-7	8.345136668257099e-7	9.22500009404154e-7	1.2238401775725074e-6	1.8082263039683771e-6	2.8108106057771494e-6	4.463459354544059e-6	7.148368503761591e-6	1.1486431146407773e-5
549.0	0.9883	482.1	466.9	1.0	6.0	8.605570755983451e-7	0.019387397028246437	0.012129037187663722	0.007567128176285589	0.004712832995554779	0.0029319869770324984	0.0018228395364790048	0.0011327970503130595	0.0007037885188233449	0.00043718147316526963	0.00027154250280595263	0.00016865050140034074	0.0001047425573050147	6.505116442764833e-5	4.040157522053248e-5	2.5094800912822686e-5	1.5591455854450654e-5	9.693905199204086e-6	6.0382809756429755e-6	3.7791571599650863e-6	2.3940625083869315e-6	1.5626601402146764e-6	1.0926666177645566e-6	8.753832174508455e-7	8.605570755983451e-7	1.0447590106545427e-6	1.4705901481640637e-6	2.2365338366715866e-6	3.519730362503782e-6	5.616939513636743e-6	9.013158696930947e-6
550.0	0.8979	487.3	540.3	1.0	6.0	7.800749092116691e-7	0.021297728627244224	0.0133338951695941	0.008322639941553746	0.005184857386773651	0.003226224999536757	0.0020059936109191883	0.0012467040710917034	0.0007745905207814362	0.0004811753105074886	0.00029887284453933505	0.0001856266324902905	0.00011528620541422305	7.159911977081759e-5	4.4467573361274135e-5	2.761896375507563e-5	1.7157469676926717e-5	1.0663917691525985e-5	6.636620835830608e-6	4.144202102006773e-6	2.6102375554211985e-6	1.6799611861570554e-6	1.138222610407441e-6	8.597302159816878e-7	7.800749092116691e-7	8.808340682614292e-7	1.1853106463161218e-6	1.76392221237899e-6	2.750485607608362e-6	4.373162198267005e-6	7.0072170449023595e-6
551.0	1.309	425.6	651.5	1.0	6.0	7.635057914617228e-7	0.014707430115872997	0.009184767870155614	0.005723824259740471	0.003562320883014154	0.002215252973255184	0.0013768658582071235	0.0008555036258036275	0.0005314547552507131	0.00033010917651557774	0.00020502947905366766	0.00012733737268477827	7.90836041317879e-5	4.911553571563454e-5	3.0505054918281735e-5	1.8949056464511927e-5	1.177530807997431e-5	7.32483738556531e-6	4.568407650519771e-6	2.868539145442581e-6	1.8320974736169922e-6	1.2193791142603493e-6	8.886765738387466e-7	7.635057914617228e-7	8.149174529517695e-7	1.054801634048713e-6	1.5386374405127318e-6	2.378323085027746e-6	3.7680528113277226e-6	6.029222719754618e-6	9.684744170784171e-6
552.0	1.209	356.4	790.0	1.0	6.0	7.670159365454546e-7	0.01590457401115349	0.009936916902650637	0.006194325668050876	0.003855834726997423	0.0023980436692966236	0.0014905807385741075	0.0009261993040039195	0.0005753876199519054	0.0003574036559398532	0.00022198419233000803	0.00013786817840090587	8.562396899107842e-5	5.31773034296737e-5	3.30273164001214e-5	2.0515037960811316e-5	1.2747141987642277e-5	7.92727064011668e-6	4.940763505900005e-6	3.096933039366601e-6	1.9693510899913306e-6	1.2972359351397258e-6	9.251431061929116e-7	7.670159365454546e-7	7.862830486222756e-7	9.874002676096844e-7	1.4168808887490783e-6	2.1740524220952214e-6	3.4340266075803083e-6	5.488193119794417e-6	8.811596379405825e-6
553.0	2.065	572.9	798.9	1.0	6.0	5.948396625148717e-7	0.00937349558869742	0.005841856215363845	0.0036359431273271185	0.002261098625236753	0.0014053851295849067	0.0008732332277986745	0.0005424722892595447	0.00033695392879674006	0.00020928108545047416	0.0001299778239810651	8.07230733114445e-5	5.013300164510345e-5	3.113576050960617e-5	1.9338841493705738e-5	1.2014310402109202e-5	7.468328869344961e-6	4.6495731882125156e-6	2.9061499673737818e-6	1.8348519413070436e-6	1.187914175818688e-6	8.157150546693485e-7	6.321732800801025e-7	5.948396625148717e-7	6.95079645934884e-7	9.560762927311493e-7	1.4381916285102429e-6	2.252926196509168e-6	3.588704240492999e-6	5.754445609477185e-6	9.250995367258776e-6
554.0	2.143	705.4	795.5	1.0	6.0	5.346183265602469e-7	0.009035406325414518	0.005630424251121274	0.003504067435201444	0.0021789794794865986	0.0013543018035347234	0.0008414763959031767	0.00052273791869509	0.00032469357593322784	0.0002016652492621972	0.0001252474604002932	7.778505098967235e-5	4.830816583819357e-5	3.0002199302669703e-5	1.863443780743007e-5	1.1576170446441482e-5	7.1951277882031206e-6	4.478128285105735e-6	2.7968107856933893e-6	1.7623310720669807e-6	1.1354392541215004e-6	7.711497840969936e-7	5.852106915328335e-7	5.346183265602469e-7	6.076717173062662e-7	8.2126633238107e-7	1.224801396683016e-6	1.9116042312924663e-6	3.0405130506495053e-6	4.8726081817703516e-6	7.831582190716296e-6
555.0	1.954	555.9	619.4	1.0	6.0	6.94796877847121e-7	0.009900698633011044	0.006171663416352396	0.0038416948790494414	0.0023892368999819365	0.0014851016369986975	0.0009227928309718669	0.0005732706318438381	0.00035608835406861623	0.00022116707613074413	0.00013736053661761972	8.53084991163466e-5	5.2981084208499216e-5	3.290498197852295e-5	2.0438300937664362e-5	1.2698257021566512e-5	7.894932553322098e-6	4.917493529097612e-6	3.077349443058144e-6	1.9489246526238564e-6	1.271242483373607e-6	8.875709051846957e-7	7.091753700992249e-7	6.94796877847121e-7	8.411098436601532e-7	1.181952814552728e-6	1.796154023783448e-6	2.8257611778201416e-6	4.5088900769545e-6	7.234785371569286e-6	1.163381750504016e-5
556.0	1.832	543.7	567.9	1.0	6.0	7.3234495650744e-7	0.01055306537093725	0.006579953610805949	0.004096480048401411	0.002547939990723436	0.0015838436541256837	0.0009841846969000747	0.0006114236004268833	0.000379792646704927	0.00023589196524354737	0.00014650655038088998	9.098897793122855e-5	5.650905491398626e-5	3.509610130249603e-5	2.1799217357774106e-5	1.354367894816065e-5	8.420371713800578e-6	5.244466576994926e-6	3.281475895405747e-6	2.0774137297494106e-6	1.3538106175309496e-6	9.433142604248524e-7	7.509861270015899e-7	7.3234495650744e-7	8.830792803168377e-7	1.2380501553333951e-6	1.8793531715684557e-6	2.955303707656221e-6	4.714734835402188e-6	7.564535722794709e-6	1.216372690700518e-5
557.0	1.57	527.6	428.8	1.0	6.0	8.55745696351219e-7	0.012292497837693442	0.00766958628207332	0.004776830302618731	0.0029718737369860957	0.0018476654159140066	0.001148235813266784	0.0007133845446717812	0.0004431439657592039	0.0002752465402190721	0.00017095123628337356	0.0001061715173635865	6.593861282046681e-5	4.0952673201365e-5	2.5436972355686327e-5	1.5803824881620137e-5	9.82558332899472e-6	6.119720651585539e-6	3.82919292743259e-6	2.4242663041269495e-6	1.5800173602693397e-6	1.1011915679603028e-6	8.770475383047753e-7	8.55745696351219e-7	1.0323591768918295e-6	1.4477340980194734e-6	2.197935591601578e-6	3.4564633244857914e-6	5.514372347533104e-6	8.847572324798614e-6	1.4226854989888683e-5
558.0	1.624	454.7	427.3	1.0	6.0	9.226330673254069e-7	0.011888617451886031	0.007416454835836299	0.0046187285831933034	0.0028733392843459274	0.001786338057295843	0.001110097987176437	0.0006896800519843801	0.00042841529197067536	0.00026609684238385685	0.00016526808271575985	0.0001026419421155587	6.3746850249654e-5	3.959202721094255e-5	2.459283608969681e-5	1.528099899218567e-5	9.503161359157088e-6	5.923137897796848e-6	3.7129857472054355e-6	2.3615591187784014e-6	1.5563075655938604e-6	1.110995693271473e-6	9.226330673254069e-7	9.476555137644169e-7	1.1918498417723903e-6	1.711691767009086e-6	2.627406383781623e-6	4.1507702959456315e-6	6.634082380266203e-6	1.0651620434639407e-5	1.713240080334603e-5
559.0	1.428	789.0	376.3	1.0	6.0	7.350660322195637e-7	0.013498357976705757	0.008425820906820378	0.0052493432584018	0.00326643067741952	0.0020310235754100034	0.0012622719076072555	0.0007842675972388104	0.00048718846750996	0.0003026084492382601	0.00018794697286423105	0.00011672727960377184	7.249396803096879e-5	4.502305888986931e-5	2.7963521478069944e-5	1.737077421866678e-5	1.0795296390417522e-5	6.71645665619514e-6	4.190958590546325e-6	2.634728179721538e-6	1.6878499955503914e-6	1.1313340766971808e-6	8.364711540548318e-7	7.350660322195637e-7	8.036658371415528e-7	1.0581358824918507e-6	1.5573286320207244e-6	2.4166939265847092e-6	3.834977208817959e-6	6.140177696108847e-6	9.865388218896001e-6
560.0	2.092	1000.0	306.2	1.0	6.0	7.317975428902541e-7	0.009253638053563783	0.005766894308031524	0.003589184993164661	0.002231981353862069	0.0013872719943247482	0.0008619727785651106	0.0005354748085653853	0.00033260668052173905	0.00020658081726553893	0.00012830085983441352	7.968189043079846e-5	4.9486921196453815e-5	3.073540584402492e-5	1.9091637581633777e-5	1.1863091336869715e-5	7.378123637125812e-6	4.5995202678667965e-6	2.884673589481371e-6	1.8369852232699678e-6	1.214150569210506e-6	8.721224768126638e-7	7.317975428902541e-7	7.60721646481914e-7	9.655840592247987e-7	1.3937642895151922e-6	2.144289132243999e-6	3.3907332427738807e-6	5.421357449429508e-6	8.705762298577438e-6	1.4003457514722525e-5
561.0	1.969	1000.0	256.6	1.0	6.0	7.962940860239857e-7	0.009826015585171304	0.006124935223711442	0.0038125401510950424	0.0023710786844887955	0.0014738047190405704	0.000915769405468555	0.0005689059680995703	0.00035337672061508933	0.00021948276652262793	0.00013631456012551366	8.46591573699884e-5	5.2578280648756754e-5	3.265558844604832e-5	2.0284650254098794e-5	1.2604817742607308e-5	7.840095960624868e-6	4.888577782476445e-6	3.0676672104861572e-6	1.9562367400238273e-6	1.2972400469884134e-6	9.382666449286796e-7	7.962940860239857e-7	8.384871867812212e-7	1.07460397665259e-6	1.5592522291848623e-6	2.404517983094688e-6	3.80588592665732e-6	6.0874434621985655e-6	9.776816252238656e-6	1.5727147398517566e-5
562.0	2.556	972.0	159.5	1.0	6.0	1.0203930365969166e-6	0.00758653812451965	0.004724956450837451	0.002939542871471631	0.0018275423626554807	0.001135721673531219	0.0007056063916548129	0.0004383111182497094	0.0002722444446055566	0.00016908679920447968	0.00010501400761772345	6.52205055716357e-5	4.0507955863294885e-5	2.5162818342489114e-5	1.5636838639904616e-5	9.727148493958558e-6	6.0670728785315115e-6	3.8101564996131348e-6	2.4344387102459017e-6	1.6217513423193174e-6	1.1841393206616275e-6	1.0203930365969166e-6	1.0926414870796344e-6	1.4175935919890411e-6	2.070402007135441e-6	3.20204243042668e-6	5.0742261037959916e-6	8.119914988794645e-6	1.304342276207296e-5	2.0983219579184122e-5	3.377500769568318e-5
563.0	2.311	976.4	162.8	1.0	6.0	1.024558208691719e-6	0.008384078271373092	0.005223254417402796	0.0032501645795065715	0.002020897089937977	0.0012559735759242947	0.000780352582744973	0.00048475588356490057	0.0003010974566086744	0.00018700879245843964	0.00011614519307946189	7.213345250126513e-5	4.480077382859091e-5	2.782807213305419e-5	1.7290839823466387e-5	1.075239203525121e-5	6.7006603526074465e-6	4.198617306090507e-6	2.667613335009415e-6	1.7535672785169422e-6	1.245082487313765e-6	1.024558208691719e-6	1.0409920450422743e-6	1.2981843683283673e-6	1.855616862990549e-6	2.842207950924738e-6	4.4861249957773605e-6	7.16754441214931e-6	1.1506552049568747e-5	1.8506487418989277e-5	2.9785817309979566e-5
564.0	3.098	1000.0	162.2	1.0	6.0	9.965793709242864e-7	0.006267581734933518	0.003901543665375082	0.0024265133737116315	0.0015082933268003292	0.000937211703403775	0.000582231448166788	0.0003616558295048583	0.00022462586541051224	0.00013950943297745083	8.664405264894742e-5	5.3812008913730735e-5	3.3423387125618375e-5	2.0764057240125982e-5	1.2906695222255056e-5	8.03425623649129e-6	5.019923858177306e-6	3.166575837744717e-6	2.0455830632908246e-6	1.3976878575805647e-6	1.0730473055119542e-6	9.965793709242864e-7	1.1505984736700646e-6	1.5707250737900313e-6	2.354122962311866e-6	3.681968690130591e-6	5.86134704906477e-6	9.396255783109075e-6	1.510412400844663e-5	2.4304748026279495e-5	3.912522569639512e-5
565.0	2.308	1000.0	164.3	1.0	6.0	1.0115420042122274e-6	0.008394884615002941	0.005230008226024459	0.0032543754761599508	0.0020235185850869535	0.0012576040633759044	0.0007813661018372882	0.00048538565809130147	0.0003014886837770252	0.00018725177874527778	0.00011629606812408486	7.222708430721622e-5	4.4858807341915736e-5	2.7863925386369093e-5	1.731280342171048e-5	1.0765545109546062e-5	6.708044705569762e-6	4.201940706688022e-6	2.667644384284792e-6	1.7503131347477594e-6	1.2377905428902206e-6	1.0115420042122274e-6	1.0192412163835508e-6	1.262668473550025e-6	1.7981219948181948e-6	2.749437200300159e-6	4.336623549243101e-6	6.926738657172793e-6	1.111875624524293e-5	1.7882032204718146e-5	2.8780330222746827e-5
566.0	2.607	783.7	174.7	1.0	6.0	1.0813979949772237e-6	0.007439229137631613	0.004632951801968255	0.002882203220121721	0.0017918547699654578	0.0011135286579111424	0.0006918124295512467	0.00042974035071866306	0.000266920191205264	0.00016577981708242308	0.00010296028897306593	6.39453877343758e-5	3.971665404373352e-5	2.4672368574887743e-5	1.5333828531886288e-5	9.541505231645478e-6	5.955863819561069e-6	3.747662372663562e-6	2.4062063415906127e-6	1.6212513232778164e-6	1.2112560502238748e-6	1.0813979949772237e-6	1.2016436906586697e-6	1.5998025468019653e-6	2.3679577266270223e-6	3.6837604922336693e-6	5.851510481669403e-6	9.37251631101533e-6	1.5060992393222796e-5	2.4232251964549452e-5	3.900660646561719e-5
567.0	1.79	726.7	194.1	1.0	6.0	1.0684880376084982e-6	0.010798004954436311	0.006733303847554392	0.004192195582902091	0.0026075681923532754	0.0016209463064440401	0.0010072541807810596	0.0006257611097267011	0.00038870089857153447	0.0002414261367635531	0.0001499446054215085	9.312530486954773e-5	5.7837447501661475e-5	3.5923675512513434e-5	2.231733000130463e-5	1.3872141720693922e-5	8.635144658607683e-6	5.395219646262698e-6	3.40307413251645e-6	2.1979798592870276e-6	1.501228883095491e-6	1.151679250211688e-6	1.0684880376084982e-6	1.232414719880662e-6	1.6813710120795067e-6	2.5191880483068794e-6	3.939627359987781e-6	6.271186108668906e-6	1.0053051399938723e-5	1.615975071840458e-5	2.6003276250458406e-5
568.0	1.394	456.8	104.5	1.0	6.0	1.8420612163992185e-6	0.013823034458187238	0.008629555026994858	0.005376687622490473	0.0033458333141165573	0.0020804579897902437	0.0012930197494380909	0.0008033815716019583	0.0004990665775685662	0.00030998910251163665	0.00019253378210171964	0.00011957977422636767	7.427136735392071e-5	4.6136244068745886e-5	2.8669874034730797e-5	1.78336298011725e-5	1.1121692615418934e-5	6.981877832934146e-6	4.456789351657153e-6	2.9624488656625766e-6	2.1532550363383864e-6	1.8420612163992185e-6	1.956895125712526e-6	2.5243134899600354e-6	3.6755421873815287e-6	5.676820044668579e-6	8.990958525901379e-6	1.4384339135339657e-5	2.310405468551971e-5	3.7166059070429113e-5	5.982069797133444e-5
569.0	1.408	406.8	154.1	1.0	6.0	1.642189990766512e-6	0.01368747113676004	0.00854448307537547	0.005323510863695457	0.003312675258505618	0.002059814147366997	0.0012801793380623108	0.0007953995272098473	0.0004941063492362789	0.0003069071732626404	0.00019061878673271333	0.00011838936259420911	7.353043367861149e-5	4.5673507530466447e-5	2.8378344858638176e-5	1.764589555911897e-5	1.0994339006465227e-5	6.8854524480999895e-6	4.368991733659433e-6	2.8629735857314635e-6	2.0190957572135697e-6	1.642189990766512e-6	1.6450865712401214e-6	2.0284544611716195e-6	2.8809550789968827e-6	4.399744353634365e-6	6.936061458135061e-6	1.107643870380372e-5	1.7778291042086063e-5	2.8591182362845085e-5	4.601478285185687e-5
570.0	1.088	602.7	194.4	1.0	6.0	1.1817315443796771e-6	0.0176421617277053	0.011029841965377894	0.006878477241331907	0.00428281770179481	0.0026640273055227493	0.0016560785588988272	0.0010290990624227815	0.0006393376785757277	0.0003971363023798447	0.00024666635491242056	0.0001531996790703733	9.514732676888451e-5	5.90937843487808e-5	3.670478188650947e-5	2.2803817077245217e-5	1.4176507396927753e-5	8.827776024343539e-6	5.520665856389203e-6	3.490347325217281e-6	2.267264102479564e-6	1.5685480254713263e-6	1.2326026903030174e-6	1.1817315443796771e-6	1.4041688185406861e-6	1.9513580787686636e-6	2.9498484790574986e-6	4.630558824692577e-6	7.382173512658473e-6	1.1841009004377973e-5	1.903810800509661e-5
571.0	1.408	387.6	200.9	1.0	6.0	1.4466658361182577e-6	0.013687471127793078	0.00854448306093658	0.005323510840436613	0.0033126752210568306	0.0020598140870613044	0.0012801792409543337	0.0007953993708431559	0.0004941060974485281	0.0003069067678189464	0.0001906181338585799	0.00011838831129383787	7.352874081302885e-5	4.567078155955466e-5	2.8373955345726055e-5	1.7638827285972955e-5	1.0982957232829097e-5	6.8671248141222975e-6	4.339479447136109e-6	2.8154510912739547e-6	1.942572155943798e-6	1.5189670958889386e-6	1.4466658361182577e-6	1.7089461627372314e-6	2.366465782307288e-6	3.5712890056284297e-6	5.60205001142108e-6	8.928379307496257e-6	1.4319478529595169e-5	2.302191452120846e-5	3.704764907523121e-5
572.0	1.095	292.5	157.0	1.0	6.0	1.8871158952866909e-6	0.017531358396745685	0.010960104559685026	0.00683480591722186	0.00425555561818368	0.0026470422841372828	0.0016455095036185248	0.001022527597194187	0.0006352540257926298	0.0003945998869986164	0.0002450920584215644	0.00015222397907676158	9.454478787292055e-5	5.8725138197073926e-5	3.64848016362677e-5	2.2681638729199477e-5	1.41238786205969e-5	8.832526791487937e-6	5.583895635015541e-6	3.6266800632971728e-6	2.508230697257695e-6	1.9698786737119956e-6	1.8871158952866909e-6	2.2408002230241627e-6	3.112727546350537e-6	4.704545609806044e-6	7.384380470344804e-6	1.177194889374523e-5	1.8881814703788418e-5	3.0357851646004943e-5	4.885295875916338e-5
573.0	1.058	405.6	152.6	1.0	6.0	1.6094129306407774e-6	0.018133339131184433	0.011339050395986663	0.007072139535921268	0.0044037238243688865	0.0027393599652888218	0.0017029574909770168	0.0010582489482214856	0.0006574548589030201	0.0004083933548920414	0.0002536600253296105	0.00015754484214013526	9.784791872441686e-5	6.077400623747925e-5	3.775308362267204e-5	2.3462590919145227e-5	1.4598091552203113e-5	9.109665440681633e-6	5.728052285648379e-6	3.671193582766075e-6	2.4633955997384215e-6	1.8253254989277148e-6	1.6094129306407774e-6	1.765721865059792e-6	2.3304014312494465e-6	3.4340447218066485e-6	5.3318868505128455e-6	8.462821453058181e-6	1.3550870979913708e-5	2.1772543156003567e-5	3.502868663780172e-5
574.0	0.9048	243.1	148.7	1.0	6.0	2.1103854849721465e-6	0.02113874623682551	0.013233556930868416	0.008259695980491076	0.005145521369248008	0.003201700910429916	0.001990726853839442	0.0012372092503249719	0.0007686892837945653	0.0004775096268985588	0.00029659754526679044	0.00018421650242923934	0.00011441550228872458	7.106661917311484e-5	4.415017729824774e-5	2.7443287637470392e-5	1.7082891979295472e-5	1.0673193492575502e-5	6.731896688480807e-6	4.347513753662714e-6	2.9686067359939036e-6	2.276270808368289e-6	2.1103854849721465e-6	2.432584346162291e-6	3.3173810504287976e-6	4.969398730259419e-6	7.770683502464393e-6	1.2369033529759687e-5	1.9827742815606244e-5	3.187131546529372e-5	5.1283780537051446e-5
575.0	0.8008	269.4	160.1	1.0	6.0	1.944296406661375e-6	0.023818636436584658	0.014926542301156599	0.0093223817648248	0.005809887598536103	0.0036160022407980626	0.002248681113996951	0.0013976608140227544	0.0008684317900968276	0.0005394895023462731	0.00033510234853477167	0.0002081334112353064	0.00012926898212852825	8.02892622052857e-5	4.987394335326274e-5	3.099156092287235e-5	1.927615821672195e-5	1.2018649184206001e-5	7.5406943514663704e-6	4.806702403734892e-6	3.18438369094024e-6	2.298539593311513e-6	1.944296406661375e-6	2.039725591237748e-6	2.606895939143662e-6	3.7769756944275387e-6	5.820562755882469e-6	9.210251825884932e-6	1.4729892395733026e-5	2.3655764962260856e-5	3.8051467896136365e-5
576.0	1.335	247.4	195.7	1.0	6.0	1.8413080058368654e-6	0.014425126005087413	0.009007500141387004	0.005612974982949297	0.003493184944965026	0.002172203520603971	0.0013500872122296295	0.000838856930666532	0.0005211110396851424	0.00032368428983526085	0.0002010406194851585	0.00012486321231958987	7.755238904252696e-5	4.8173308348769736e-5	2.9933967429802354e-5	1.861705513640789e-5	1.160561834221917e-5	7.27821753981571e-6	4.634077010749757e-6	3.0616861740393683e-6	2.1973930473584218e-6	1.8413080058368654e-6	1.9110765870524e-6	2.4228331631915523e-6	3.49493088945984e-6	5.375309049386157e-6	8.498822101944014e-6	1.3587775723234946e-5	2.1818885830674794e-5	3.509518162439892e-5	5.6485496994856184e-5
577.0	1.144	253.5	231.4	1.0	6.0	1.6558008913178676e-6	0.01679306473547469	0.010495587568721364	0.006543972465347449	0.00407402365466296	0.002533951031374516	0.0015751397296375877	0.0009787732807744944	0.0006080610759112621	0.000377704395909196	0.00023459620226105993	0.00014570404885429122	9.04943122165986e-5	5.6207887144965385e-5	3.491880390378997e-5	2.170479528487308e-5	1.35102982350964e-5	8.44031363330862e-6	5.322343823037713e-6	3.435300036238234e-6	2.3427610285445527e-6	1.7920501220926062e-6	1.6558008913178676e-6	1.90250138280593e-6	2.5892057291468662e-6	3.8747270574519e-6	6.056360724018441e-6	9.638624080168387e-6	1.5449893226736944e-5	2.483386558336167e-5	3.996000901903111e-5
578.0	0.8429	379.0	263.4	1.0	6.0	1.2668474184527594e-6	0.022655934168549878	0.014191594341431156	0.008860886944879937	0.005521305823019835	0.0034360157409283267	0.0021366069231663976	0.0013279447820255794	0.0008250918304493763	0.000512556791400048	0.000318369079760916	0.00019773770041357268	0.00012280967214417147	7.62736665743489e-5	4.7373808353020184e-5	2.942883883934144e-5	1.828949410006657e-5	1.1379875283245011e-5	7.102086092251496e-6	4.46682294052698e-6	2.8646276671396026e-6	1.924954970091088e-6	1.4304816146025281e-6	1.2668474184527594e-6	1.3962072292650092e-6	1.8484780739650252e-6	2.7282572591731923e-6	4.239010115583623e-6	6.730118375909244e-6	1.0777661724262244e-5	1.7317592895483713e-5
579.0	0.8693	471.5	327.3	1.0	6.0	1.0420134446429986e-6	0.02198301830058049	0.01376654043887792	0.008594101440039406	0.005354525826858573	0.0033320142030486286	0.002071854153053461	0.0012876679272223492	0.0008000543043521027	0.0004969983208862429	0.0003087030500690951	0.00019173309065726327	0.00011907948974288357	7.395587291488944e-5	4.593260652494381e-5	2.8531009471960832e-5	1.7727426828250215e-5	1.1023590677215838e-5	6.869188781265133e-6	4.303450902351007e-6	2.7329972418352994e-6	1.7946231661468314e-6	1.271305635323245e-6	1.0420134446429986e-6	1.0537163589103766e-6	1.3091206236633924e-6	1.8672943552735055e-6	2.8573273903910876e-6	4.508183018288975e-6	7.20164216313611e-6	1.156057455705596e-5
580.0	1.174	335.8	278.9	1.0	6.0	1.3203762941472326e-6	0.01637096693802519	0.010230131104287611	0.006377816688980582	0.003970330790532427	0.002469359139167804	0.001534950791708604	0.0009537856675797241	0.0005925317249971347	0.0003680556192857529	0.00022860181625996575	0.00014197975243381575	8.817955425922029e-5	5.476762153709317e-5	3.402004658837444e-5	2.1139728516259084e-5	1.3148251680166703e-5	8.197560359063627e-6	5.142742754733514e-6	3.277314250785882e-6	2.169852199477358e-6	1.5642283766181575e-6	1.3203762941472326e-6	1.3818983479809494e-6	1.7630223797772695e-6	2.5518914829160673e-6	3.9309467789932215e-6	6.219114683970689e-6	9.945548206404695e-6	1.5971957995213922e-5	2.5691775681614306e-5
581.0	1.494	368.4	217.1	1.0	6.0	1.43765648419137e-6	0.012909744738197577	0.008056595384747681	0.005018608672319637	0.0031225813251939444	0.0019414740673838996	0.001206576499534016	0.0007496477180828082	0.00046567691961899846	0.00028924537588123145	0.00017964768609998565	0.00011157460929617376	6.929708960785316e-5	4.3042940931239634e-5	2.674233523238294e-5	1.6626135473967022e-5	1.0355005318051641e-5	6.478690718039054e-6	4.100730390272469e-6	2.671170928608169e-6	1.8593924698103886e-6	1.477650397022174e-6	1.43765648419137e-6	1.730160414991367e-6	2.422809793749557e-6	3.675793289403573e-6	5.77888243669463e-6	9.218432931383921e-6	1.4789824796454066e-5	2.378130386447497e-5	3.8271632531659354e-5
582.0	1.496	333.9	322.1	1.0	6.0	1.2207253299229562e-6	0.012892708269921328	0.008045911197862849	0.005011932910751207	0.003118419731283372	0.001938883481936603	0.0012049652682009971	0.0007486460962558386	0.0004650543736345487	0.0002888583565787704	0.00017940685103563276	0.00011142432281191309	6.920261845282562e-5	4.298244550608669e-5	2.6701827913874055e-5	1.6596249195908383e-5	1.032882856002916e-5	6.4501695735112404e-6	4.063268604358949e-6	2.616104415094461e-6	1.7739855656212463e-6	1.3421503792638835e-6	1.2207253299229562e-6	1.3816272270865308e-6	1.8620680397277757e-6	2.773159992491994e-6	4.32560999179734e-6	6.878442329781242e-6	1.1022009305219735e-5	1.7714464490965832e-5	2.8503200810335152e-5
583.0	1.177	392.3	344.6	1.0	6.0	1.1013197485629445e-6	0.01632992127427073	0.010204322121678629	0.006361663987713347	0.003960251053245053	0.002463080559155747	0.0015310443347361085	0.000951356785773818	0.000591022123173727	0.0003671174925060879	0.00022801871058157893	0.00014161700655320088	8.795334936857096e-5	5.4625670774910944e-5	3.392953113839044e-5	2.1079718471026118e-5	1.3104869676475454e-5	8.160773700190634e-6	5.10404372845793e-6	3.227752690636059e-6	2.0979656063436117e-6	1.4533909732272883e-6	1.1449538702640174e-6	1.1013197485629445e-6	1.3123966646300374e-6	1.827000914465534e-6	2.764145945056472e-6	4.34056401518381e-6	6.92082234924909e-6	1.1101615250831892e-5	1.7849703282183e-5
584.0	1.836	386.4	333.8	1.0	6.0	1.12610908327909e-6	0.010530316114167937	0.006565712367925557	0.004087591787510641	0.0025424031101428666	0.001580398583324766	0.0009820427941585937	0.0006100926326209637	0.00037896600347316257	0.0002353789302388137	0.00014618865033884064	9.079275906294463e-5	5.638916283839013e-5	3.5024817905179926e-5	2.17600602950112e-5	1.3527593540130493e-5	8.423638360346416e-6	5.267841012769335e-6	3.3303642136773337e-6	2.1631227699136165e-6	1.4961630750451333e-6	1.175233134040916e-6	1.12610908327909e-6	1.3374292734775035e-6	1.858066249088976e-6	2.8084285641861502e-6	4.408305074818272e-6	7.027687658727253e-6	1.127231725254798e-5	1.81237132266219e-5	2.9166007798347415e-5
585.0	1.518	454.0	349.2	1.0	6.0	1.0157388038609109e-6	0.012708232419964556	0.007930228679483762	0.00493965505068733	0.003073364133571662	0.001910837369075206	0.0011875226539054843	0.0007378040119464057	0.0004583173071323878	0.0002846728128380397	0.00017680659527805377	0.00010980866255457506	6.819815241304308e-5	4.235696479006081e-5	2.6310711694347664e-5	1.63490558455044e-5	1.0168393360689993e-5	6.3393895062862434e-6	3.976523461279977e-6	2.5333322109570508e-6	1.676042993008631e-6	1.2063855107360049e-6	1.0157388038609109e-6	1.0600104395374154e-6	1.3494390161626172e-6	1.950961573848044e-6	3.0036931400114415e-6	4.75109667288474e-6	7.597279470293774e-6	1.2200424941607064e-5	1.9624939489756892e-5
586.0	1.732	586.3	482.5	1.0	6.0	7.634412035069742e-7	0.011155566358031051	0.006957214955626411	0.004331972583317159	0.002694653200807343	0.0016751363757856437	0.0010409491281599874	0.0006467023543764733	0.00040171180933653693	0.0002495081806578081	0.00015496402421616366	9.624184063552914e-5	5.977144811381204e-5	3.7122264428035635e-5	2.305764998159775e-5	1.4325387882097615e-5	8.906133538473427e-6	5.546621517277959e-6	3.4699036109859385e-6	2.19569264007606e-6	1.4292958167460585e-6	9.934637205626944e-7	7.873983103892917e-7	7.634412035069742e-7	9.160514724792873e-7	1.2805239934185655e-6	1.941151758040274e-6	3.050719297532933e-6	4.865833820996447e-6	7.80626092229798e-6	1.2551975988016753e-5
587.0	1.166	599.4	381.3	1.0	6.0	8.426837563581566e-7	0.016481437578472955	0.010299597593358384	0.006421294212210341	0.003997462502678878	0.0024862593337917393	0.0015454657406297513	0.0009603230974736073	0.0005965942645016356	0.00037057923998765096	0.00023016878556474126	0.00014295193984078166	8.878159888225069e-5	5.5138683626152946e-5	3.424591415235554e-5	2.1272628068486226e-5	1.3218915497325174e-5	8.222329730589643e-6	5.127345644040161e-6	3.2181893828765577e-6	2.053325160063977e-6	1.3633489600499632e-6	9.886855467644818e-7	8.426837563581566e-7	8.915765199186636e-7	1.1466713178851698e-6	1.6669649548861642e-6	2.5727871079029355e-6	4.073626754850617e-6	6.516574182489e-6	1.0466573732395996e-5
588.0	1.392	539.1	299.7	1.0	6.0	1.0227048160226777e-6	0.013842620120726125	0.00864184657561431	0.005384371035712281	0.0033506242590621064	0.0020834406405023805	0.0012948746728772727	0.0008045341899829119	0.0004997820826009276	0.0003104324407601773	0.00019280728199357291	0.00011974661088800129	7.437009586870834e-5	4.618968641887249e-5	2.869038574770211e-5	1.7825953038543404e-5	1.1084051239251028e-5	6.90556591312231e-6	4.324157486678655e-6	2.7428221370584084e-6	1.7958385977455196e-6	1.264192684326972e-6	1.0249270293840924e-6	1.0227048160226777e-6	1.2570117120648358e-6	1.782036632182201e-6	2.719203163934481e-6	4.2852487573870684e-6	6.842342211294885e-6	1.0981821637707756e-5	1.7660896153982768e-5
589.0	1.451	708.0	248.1	1.0	6.0	9.807763114486119e-7	0.013287237204048155	0.008293369944635353	0.0051665652014733455	0.0032148205523467917	0.0019988939559092596	0.001242288401872155	0.0007718457870643556	0.0004794698825402808	0.00029781351658647327	0.0001849688766664366	0.00011487807888704842	7.134630178902047e-5	4.431161956531915e-5	2.75238157667746e-5	1.7101125815214696e-5	1.0633348366430166e-5	6.624756595867645e-6	4.148299234993986e-6	2.6312437117620486e-6	1.722734689213541e-6	1.2126560534853602e-6	9.830384235316797e-7	9.807763114486119e-7	1.2053462178137687e-6	1.708685197457072e-6	2.6072016351074727e-6	4.10869476826715e-6	6.560405771665837e-6	1.0529305171780163e-5	1.693316384680117e-5
590.0	1.982	928.9	394.2	1.0	6.0	6.717042740751241e-7	0.009762195724569864	0.006085006079450173	0.0037876283034803957	0.0023555633272232643	0.0014641521137120795	0.0009097682619304931	0.0005651765264861291	0.00035105959840093403	0.00021804328148274584	0.00013542026020066668	8.410339133658192e-5	5.223258154604669e-5	3.2440030349703464e-5	2.014938952488965e-5	1.2518575437732814e-5	7.782927598691002e-6	4.847262129443942e-6	3.0326490402355467e-6	1.9194171843417594e-6	1.2501035614416229e-6	8.699115886038581e-7	6.909114307581207e-7	6.717042740751241e-7	8.078477817821908e-7	1.1308285665640182e-6	1.7153438540510326e-6	2.6965759965857448e-6	4.301453641252072e-6	6.901126056888599e-6	1.1096777494716166e-5
591.0	2.036	1000.0	340.6	1.0	6.0	7.046915705789085e-7	0.009505738671701807	0.005924572295139236	0.0036875410970192302	0.002293230984487492	0.0014253743750628838	0.0008856602387063865	0.00055019485364299	0.0003417518108596962	0.00021226150156374382	0.00013182914292484075	8.187310405221503e-5	5.08475823836276e-5	3.15801048550002e-5	1.961569616641922e-5	1.2187698049685943e-5	7.578347323503177e-6	4.721666206731172e-6	2.956990690059687e-6	1.876198567765355e-6	1.2293292616041308e-6	8.66776986155781e-7	7.046915705789085e-7	7.055861903205022e-7	8.696675746581094e-7	1.234883652647362e-6	1.8856994725793227e-6	2.972630485043838e-6	4.747049126949613e-6	7.619310397575504e-6	1.2253628277150153e-5
592.0	2.938	1000.0	426.9	1.0	6.0	6.124907538592669e-7	0.00660665132790419	0.004113142962751037	0.0025583202114223052	0.0015903024284035032	0.0009882005129113716	0.0006139193194141557	0.0003813431920151138	0.00023685506364888985	0.0001471046060277749	9.136017724364219e-5	5.67391978193999e-5	3.5238395491256244e-5	2.188656495391978e-5	1.3596278693483379e-5	8.450387716661028e-6	5.258840470263388e-6	3.2835318987770213e-6	2.0676272785474615e-6	1.3299183040591639e-6	8.997902757516831e-7	6.777643233314334e-7	6.124907538592669e-7	6.888731216739214e-7	9.245767679000565e-7	1.3741141057301764e-6	2.1414513288645473e-6	3.4040513416128886e-6	5.453911275421786e-6	8.765079922325222e-6	1.4103255356268715e-5
593.0	3.221	1000.0	357.7	1.0	6.0	6.822599627564783e-7	0.006029685633059163	0.003753115061232048	0.0023340686239770184	0.0014507797796908045	0.0009014546349714461	0.0005600100807639889	0.00034784978553661775	0.00021604941531751468	0.00013418184819212375	8.333426435030278e-5	5.175495292811433e-5	3.214347179156381e-5	1.996532757774924e-5	1.2404445967717315e-5	7.712337002193619e-6	4.80388508016094e-6	3.006453675966638e-6	1.9043451886437433e-6	1.2426691428838033e-6	8.68395334928967e-7	6.94962663989544e-7	6.822599627564783e-7	8.273492030014942e-7	1.1637859304298927e-6	1.7693793551618823e-6	2.7841864974137417e-6	4.4429005409494495e-6	7.1291202889081235e-6	1.1464042161376916e-5	1.8450061688360083e-5
594.0	2.558	970.0	428.6	1.0	6.0	6.241019565152905e-7	0.00758065146070025	0.0047212796034845385	0.002937251255286187	0.0018261160004231713	0.0011348345630109837	0.0007050548658184064	0.00043796820151052187	0.0002720310517729839	0.00016895366354941925	0.00010493037104473237	6.51670375807524e-5	4.047229540801959e-5	2.513671982460695e-5	1.5614266758940322e-5	9.702883128140969e-6	6.0355020830926155e-6	3.7639786491401884e-6	2.3629738802965075e-6	1.5084712372566827e-6	1.0028447028297602e-6	7.291544337517668e-7	6.241019565152905e-7	6.633908706039174e-7	8.56107653937326e-7	1.246822948792499e-6	1.925899130445669e-6	3.0503873906943966e-6	4.8803456709237084e-6	7.838972295987892e-6	1.2610450987987199e-5
595.0	1.715	1000.0	623.1	1.0	6.0	5.20667729734088e-7	0.011264900395263365	0.007025693978854443	0.004374725509889851	0.002721291317184078	0.001691713082718454	0.001051256648761654	0.0006531085049712528	0.00040569197923650456	0.0002519804985812899	0.00015649935877750637	9.719492494184952e-5	6.0362572615929576e-5	3.748809060232153e-5	2.328276520373332e-5	1.4461848657366806e-5	8.985497339698827e-6	5.5872423251843175e-6	3.481175720810645e-6	2.180222885537592e-6	1.3835062941547315e-6	9.067642752510731e-7	6.397372386362092e-7	5.20667729734088e-7	5.220175596423524e-7	6.440988030297844e-7	9.151459344577382e-7	1.3978454953877282e-6	2.203833233296152e-6	3.5195106396996603e-6	5.64914936453928e-6
596.0	1.961	1000.0	792.5	1.0	6.0	4.6026669099186175e-7	0.009865705757644793	0.00614976849931036	0.0038280340253854656	0.0023807285435768454	0.0014798082098467895	0.0009195017818293351	0.0005712253363724497	0.0003548175266927532	0.00022037747606842858	0.00013686980640005637	8.500324364556324e-5	5.279074305238759e-5	3.278554817842037e-5	2.0362157751033206e-5	1.2647796345934263e-5	7.858484753000519e-6	4.88662932647167e-6	3.044930721541102e-6	1.907453709065835e-6	1.2111279717783077e-6	7.94909641031564e-7	5.625367921712912e-7	4.6026669099186175e-7	4.644464673870877e-7	5.760427289101642e-7	8.208650651500612e-7	1.255534945287114e-6	1.9805803425242166e-6	3.163683752100788e-6	5.078458468366683e-6
597.0	2.569	810.2	826.7	1.0	6.0	4.933820240451e-7	0.0075484375205134725	0.004701158974161231	0.0029247112476121855	0.0018183110980482735	0.0011299808640250464	0.0007020380155935017	0.0004360936359167615	0.0002708664471357405	0.00016823014368100409	0.00010448078327021651	6.488747200732983e-5	4.0298121520996844e-5	2.5027665331378695e-5	1.5545113691871633e-5	9.657639378747229e-6	6.003704332944141e-6	3.738272974568834e-6	2.3374151856276516e-6	1.47714837918661e-6	9.585133825093407e-7	6.615617644738336e-7	5.176152183570966e-7	4.933820240451e-7	5.832575128058805e-7	8.080277251491744e-7	1.219676575599952e-6	1.913407901709319e-6	3.0496623029637283e-6	4.891218853829903e-6	7.863958094916033e-6
598.0	3.638	830.8	698.5	1.0	6.0	5.268609686363361e-7	0.005342235417727427	0.003324350573930285	0.0020670828223102256	0.001284700105202914	0.0007982092922933299	0.0004958516077354906	0.0003079902753423787	0.0001912897326794796	0.00011880313576419517	7.378265690030515e-5	4.582248611123206e-5	2.8458523378252034e-5	1.767581335592641e-5	1.0980913802392828e-5	6.825578651864458e-6	4.248821578564743e-6	2.6547141814008116e-6	1.6745811808841196e-6	1.0817415963377098e-6	7.390853142163055e-7	5.673635949808562e-7	5.268609686363361e-7	6.082099745386803e-7	8.302246662044909e-7	1.2442516410266694e-6	1.9460446958200013e-6	3.097908780665224e-6	4.966232808578066e-6	7.983087043609648e-6	1.2846118831643885e-5
599.0	2.33	681.3	751.5	1.0	6.0	5.674762825768898e-7	0.008316278909346381	0.005180882036024691	0.0032237464964583597	0.0020044506259025733	0.0012457443566456377	0.0007739938999223536	0.0004808044871388725	0.00029864232136801	0.00018548319715902837	0.00011519672400611751	7.154291242480361e-5	4.4431646415326176e-5	2.759501032724495e-5	1.7139950722469897e-5	1.0648781799143275e-5	6.620367501540481e-6	4.123072334997786e-6	2.579344499250567e-6	1.6321599351018496e-6	1.0624577641227396e-6	7.38478992059735e-7	5.852945803279475e-7	5.674762825768898e-7	6.809030262799311e-7	9.518076583166451e-7	1.442843718842072e-6	2.2675748773768563e-6	3.6167372339275747e-6	5.802345871417929e-6	9.329839943513727e-6
600.0	1.899	439.7	818.7	1.0	6.0	6.737676019353739e-7	0.01018452774191371	0.006349275767373441	0.0039525205280869745	0.0024582652942851694	0.0015280483135202208	0.0009494939274372168	0.0005898642308252326	0.0003663977909466468	0.0002275711420976842	0.00014133821005053647	8.777890375110608e-5	5.451525309110596e-5	3.3857612832635974e-5	2.1029669709465586e-5	1.3065116533283907e-5	8.122122615400046e-6	5.0575557067784814e-6	3.1626761106059324e-6	1.9992496731640444e-6	1.2982048181499098e-6	8.97406325925612e-7	7.041585747124417e-7	6.737676019353739e-7	7.992045079139448e-7	1.1094797331731308e-6	1.6763520385306166e-6	2.630923531768272e-6	4.193957280474442e-6	6.72692620225725e-6	1.081559071317919e-5
601.0	1.67	438.1	859.1	1.0	6.0	6.522173064502774e-7	0.011564934457667507	0.007213643172704935	0.00449207770513442	0.0027944145902676952	0.0017372189810448788	0.0010795533725925838	0.0006706954889252216	0.000416619336339378	0.0002587687840345579	0.0001607159696325918	9.981407507630391e-5	6.198963081996624e-5	3.849921247368078e-5	2.3911744620359257e-5	1.4854133198934965e-5	9.23180562770645e-6	5.744537006299852e-6	3.5858344848775695e-6	2.2564506061595608e-6	1.4489326478085698e-6	9.765209200773487e-7	7.299573687063638e-7	6.522173064502774e-7	7.253210712754961e-7	9.66175706545895e-7	1.4304848658578188e-6	2.2256309947604826e-6	3.535508139156557e-6	5.663046407207294e-6	9.10025678177789e-6
602.0	1.738	427.9	901.9	1.0	6.0	6.442105188947033e-7	0.01111748285480886	0.006933363505178575	0.004317082123419513	0.002685375572813264	0.001669363030151705	0.0010373592109857682	0.0006444711621389423	0.0004003254655821273	0.000248646883810531	0.00015442889498955387	9.590923855861708e-5	5.956449703251916e-5	3.6993119302713226e-5	2.2976449357604425e-5	1.4273354504822055e-5	8.871234252846611e-6	5.520785242703414e-6	3.447155126405945e-6	2.170770765318522e-6	1.3964366593990544e-6	9.450676695567219e-7	7.122724202684269e-7	6.442105188947033e-7	7.25140649178558e-7	9.73779897737777e-7	1.447632331087404e-6	2.2562874413554573e-6	3.5867634363758137e-6	5.746754012987327e-6	9.235774342763572e-6
603.0	2.396	545.1	691.4	1.0	6.0	6.56717904495382e-7	0.00808905284167822	0.005038889184581517	0.0031352239423463927	0.0019493438793311006	0.001211470801538382	0.0007526896273627995	0.000467566552833755	0.0002904184475580599	0.0001803749943851282	0.00011202416903058667	6.957279879354886e-5	4.320853609062976e-5	2.6836103780416374e-5	1.666975975676553e-5	1.0358573046877604e-5	6.44302638981016e-6	4.017585362855035e-6	2.521315441190242e-6	1.6081681505009905e-6	1.0669545411208566e-6	7.725043835578236e-7	6.56717904495382e-7	6.928161680847742e-7	8.891477220541821e-7	1.291119189293839e-6	1.9916961167198516e-6	3.15290205460157e-6	5.04328611780761e-6	8.100019635078345e-6	1.302997071294213e-5
604.0	2.817	749.4	577.7	1.0	6.0	6.083963885208213e-7	0.006888474916540462	0.004289058919219915	0.002667915774536479	0.001658498159828223	0.0010306034167379345	0.0006402723986462777	0.00039771667567374465	0.00024702626457974214	0.0001534222314955662	9.528394228356781e-5	5.9176039434082875e-5	3.6751692770262984e-5	2.2826230308270198e-5	1.4179605546017947e-5	8.812275194356813e-6	5.482980856663143e-6	3.4217623611184467e-6	2.1519169136625605e-6	1.3797612669307857e-6	9.267140958068881e-7	6.879958899778462e-7	6.083963885208213e-7	6.695059145588537e-7	8.854575342226612e-7	1.3061955462155684e-6	2.0290257100150864e-6	3.2211180403233834e-6	5.15816437397198e-6	8.288126405386068e-6	1.3334804148381737e-5
605.0	4.251	837.6	457.7	1.0	6.0	6.466132936781727e-7	0.004575403182366277	0.002846339439821823	0.0017695342496161675	0.001099648402368239	0.0006831851542225298	0.00042437960646981085	0.00026358957079978835	0.00016371033804297134	0.00010167383359768573	6.314462241650518e-5	3.921645439353143e-5	2.435707816979608e-5	1.5130538599362573e-5	9.403203436206584e-6	5.850565537188817e-6	3.6510149696467853e-6	2.2958575865989785e-6	1.4716799831373495e-6	9.878695433320113e-7	7.325319514637332e-7	6.466132936781727e-7	7.102423988976784e-7	9.381350290983682e-7	1.382997086048002e-6	2.1477134677758327e-6	3.4091409394896508e-6	5.459005419248326e-6	8.771356693094367e-6	1.4112166253676243e-5	2.2716376985799583e-5
606.0	6.478	752.0	397.3	1.0	6.0	7.324571437383603e-7	0.003007206985907821	0.001869657762961271	0.0011619126746517268	0.0007218855115346376	0.00044842602186496576	0.00027852779607519907	0.00017298921959682493	0.00010743704692838542	6.672417691702781e-5	4.143987833814389e-5	2.5738468754684594e-5	1.5989330730334482e-5	9.93799774043479e-6	6.1850410107446025e-6	3.862525799904378e-6	2.433320622390602e-6	1.5668870967457127e-6	1.0628399580602409e-6	8.046046607443805e-7	7.324571437383603e-7	8.297111482761729e-7	1.1188590112741501e-6	1.6667732520579189e-6	2.6001714894585954e-6	4.134920148217142e-6	6.6259511359140375e-6	1.0649327428747013e-5	1.7135415492981994e-5	2.7583907017475456e-5	4.441027070449409e-5
607.0	4.534	750.2	496.8	1.0	6.0	6.560317985539108e-7	0.0042910446072714796	0.0026691529442903032	0.0016592680253896966	0.0010310821269911214	0.0006405699325575052	0.00039790156200736587	0.0002471411537656639	0.00015349365260782614	9.532839715040205e-5	5.920380323122754e-5	3.6769184233548976e-5	2.2837493900857175e-5	1.418724595200598e-5	8.818059336517719e-6	5.488246439432459e-6	3.4277271617253088e-6	2.159960473941491e-6	1.3917438749663404e-6	9.454070748869621e-7	7.177225235475565e-7	6.560317985539108e-7	7.460670937324488e-7	1.0086513064358894e-6	1.5045135800549278e-6	2.3483336087902237e-6	3.7352619484512886e-6	5.986047007394418e-6	9.621198978318903e-6	1.5481324855913484e-5	2.4921418653602177e-5
608.0	5.248	663.1	558.3	1.0	6.0	6.699305820725932e-7	0.0037094061404790036	0.002306847696956183	0.0014338453442405456	0.0008909265532768313	0.0005534675165602422	0.00034378502245805466	0.00021352445954533227	0.00013261354106467683	8.23602021098728e-5	5.114997609227781e-5	3.176770844661067e-5	1.973188951675275e-5	1.2259350795291355e-5	7.622029923996824e-6	4.7474810178539455e-6	2.970907936490856e-6	1.881436938692128e-6	1.2271002490539094e-6	8.565650694386178e-7	6.841349543926693e-7	6.699305820725932e-7	8.106666489656153e-7	1.1388919185497525e-6	1.730516527070917e-6	2.722366994818435e-6	4.343827564651634e-6	6.969882264239724e-6	1.1207815709475426e-5	1.80376000343012e-5	2.9038372860312018e-5
609.0	3.426	771.7	603.0	1.0	6.0	5.914316011407439e-7	0.005670936530446821	0.003529334373628426	0.002194712597802137	0.0013640885614844274	0.0008475604161657685	0.0005265186350476342	0.0003270424255465845	0.0002031243279321655	0.00012615378101355653	7.834805617423334e-5	4.865800117510173e-5	3.0219749026327992e-5	1.8770006813678946e-5	1.1661109235461782e-5	7.249079456930081e-6	4.513570154251799e-6	2.8219396116978906e-6	1.7829585259783988e-6	1.1563360059365674e-6	7.971488008031538e-7	6.223249776674149e-7	5.914316011407439e-7	6.973236218369248e-7	9.644912679939544e-7	1.454723777849866e-6	2.2813989423232744e-6	3.6357024156140287e-6	5.830838154339629e-6	9.374448272278049e-6	1.5085974453967608e-5
610.0	4.595	1000.0	540.2	1.0	6.0	5.488946163427884e-7	0.004234320954008944	0.002633812473116629	0.001637276799150333	0.0010174081022603348	0.0006320715028938311	0.00039262129647588335	0.00024386095632746742	0.00015145608599122622	9.406267935078352e-5	5.8417379435839804e-5	3.628024025662126e-5	2.253297393597409e-5	1.3996731206035197e-5	8.697491716783044e-6	5.4097427201274725e-6	3.3731316757022646e-6	2.1166466522367707e-6	1.349694245980465e-6	8.948964730300084e-7	6.470689454999392e-7	5.488946163427884e-7	5.776678678140678e-7	7.400431838051094e-7	1.0735740509159366e-6	1.655397785494655e-6	2.6200743974328553e-6	4.190704049634039e-6	6.7305163716093525e-6	1.082685433544229e-5	1.7426953503212224e-5
611.0	5.692	1000.0	948.5	1.0	6.0	4.187464565980538e-7	0.0034210468790747996	0.0021272866943182023	0.0013221472302174934	0.0008214875665358198	0.0005103166554055774	0.00031697668633010436	0.00019687167865564632	0.00012226998427617932	7.59355924691473e-5	4.715919649407151e-5	2.928806863947137e-5	1.8190014023426633e-5	1.1298679843646449e-5	7.020397341071577e-6	4.3657483221766616e-6	2.720790897779471e-6	1.7050897131641032e-6	1.0837378064667717e-6	7.130308531665615e-7	5.072326066781113e-7	4.187464565980538e-7	4.271074385019555e-7	5.34249206424014e-7	7.649511471937441e-7	1.1725690772614718e-6	1.8513746924885214e-6	2.958356835290901e-6	4.749525268093704e-6	7.63910861278539e-6	1.2295326457020815e-5
612.0	4.555	1000.0	708.5	1.0	6.0	4.852368306163787e-7	0.004271346031024938	0.002656879981882603	0.0016516308785036208	0.0010263333413391767	0.0006376185064362799	0.0003960677098907262	0.0002460018318892814	0.00015278577952512385	9.488841866209084e-5	5.893002403004578e-5	3.659830904798189e-5	2.2730012197486267e-5	1.4118303049716097e-5	8.771711580829895e-6	5.453775097700305e-6	3.397159948242383e-6	2.1262279074232736e-6	1.3470443672901205e-6	8.794025864382476e-7	6.151476320429054e-7	4.931631727663584e-7	4.852368306163787e-7	5.895353493804768e-7	8.301804986383426e-7	1.2628276406212136e-6	1.9875369454233396e-6	3.171913142764513e-6	5.089863828618139e-6	8.18493514331832e-6	1.317285985353227e-5
613.0	5.377	805.4	535.6	1.0	6.0	6.152821326367995e-7	0.0036207357860950063	0.0022516285789025725	0.0013994939999103346	0.0008695708476216589	0.0005401963923330121	0.00033553998846226	0.0002084027974718511	0.00012943233295669581	8.038432440593787e-5	4.9922690153313893e-5	3.100526154097508e-5	1.925797946185256e-5	1.1964385942875294e-5	7.437796425535197e-6	4.6313715851262265e-6	2.896069696472325e-6	1.8305616939180827e-6	1.1884217313443186e-6	8.21137811817576e-7	6.437653906925386e-7	6.152821326367995e-7	7.291003693546193e-7	1.0115434498328281e-6	1.5279333829828695e-6	2.3976973661373137e-6	3.82198585707764e-6	6.130186954210632e-6	9.856087527269212e-6	1.5861276444069844e-5	2.5534281346820976e-5
614.0	5.905	601.0	594.0	1.0	6.0	6.769129868106333e-7	0.00329805295078522	0.0020507104925945752	0.0012745167432277043	0.0007918791464620629	0.000491918163944952	0.0003055467130354038	0.00018977202750519373	0.00011786070667190154	7.319770662234089e-5	4.545979226700666e-5	2.8234227321114224e-5	1.753804969632309e-5	1.0897824384361508e-5	6.7779480658214095e-6	4.225634417531643e-6	2.6506079588662144e-6	1.6886062954954335e-6	1.1171417886435661e-6	8.040478900025155e-7	6.769129868106333e-7	7.063335420740697e-7	8.99113654126188e-7	1.2998385720610334e-6	2.001185538801377e-6	3.1653561599863433e-6	5.061585131107157e-6	8.128395354171344e-6	1.3074984826272226e-5	2.104516048614022e-5	3.3881646589227496e-5
615.0	6.982	692.9	612.1	1.0	6.0	6.157105876145373e-7	0.002790735801476413	0.0017349295423148383	0.0010781297125070789	0.0006698106374996918	0.0004160695318323207	0.0002584272102023498	0.00016050375962530904	9.968220011378481e-5	6.190761061992221e-5	3.844808508955473e-5	2.387968826471666e-5	1.4833735056182981e-5	9.218348467885827e-6	5.734908635874586e-6	3.5778081238664925e-6	2.24816995297324e-6	1.4384825746638034e-6	9.61484555827759e-7	7.068571125454307e-7	6.157105876145373e-7	6.669646991651743e-7	8.724732152857271e-7	1.2797651668875775e-6	1.983036652860411e-6	3.1449344097160803e-6	5.034167617732651e-6	8.087641518522429e-6	1.3011470547264242e-5	2.0944199897214875e-5	3.3719899047029146e-5
616.0	4.465	835.0	537.2	1.0	6.0	5.986523343518801e-7	0.004357067396231796	0.0027102889490462313	0.0016848663454929998	0.0010469992763806268	0.0006504625243023045	0.00040404800653384335	0.0002509593120417702	0.00015586516323379452	9.680119236528972e-5	6.011829808234361e-5	3.733680057009023e-5	2.3189477985746565e-5	1.4404992155828672e-5	8.951923098870728e-6	5.569185818244331e-6	3.4744610597062317e-6	2.1832971686632554e-6	1.3970805728897354e-6	9.339779851679942e-7	6.868843433081686e-7	5.986523343518801e-7	6.488757698790425e-7	8.491700410439348e-7	1.2458582817163952e-6	1.9306842758338186e-6	3.0620289834907542e-6	4.901535974938972e-6	7.874611682651517e-6	1.2668780815532807e-5	2.039261303146821e-5
617.0	3.576	879.6	400.6	1.0	6.0	6.833133622022054e-7	0.005434354632215868	0.0033817925824202975	0.002102846148488687	0.0013069449042147786	0.0008120373031950311	0.000504444333576784	0.0003133286126691076	0.0001946058485506603	0.00012086302182417258	7.506235259488423e-5	4.661781583926283e-5	2.895337530630685e-5	1.7984615150873863e-5	1.1175076660785108e-5	6.9500052095329354e-6	4.332287862700884e-6	2.7165237313403073e-6	1.729029056348836e-6	1.1414203694545974e-6	8.177973830623234e-7	6.833133622022054e-7	7.06865044958441e-7	8.938992326484878e-7	1.2876722623985465e-6	1.9792536157004812e-6	3.1285864291063228e-6	5.001474045581017e-6	8.031041849129583e-6	1.29178766139068e-5	2.0791970900869285e-5
618.0	3.627	1000.0	204.6	1.0	6.0	8.909943265978394e-7	0.0053583505904664895	0.0033343991091700467	0.0020733389509827037	0.001288591432030714	0.000800628327988068	0.000497354936786836	0.00030892447104782447	0.0001918704244447346	0.00011916445928955054	7.400811466711089e-5	4.5964197028343004e-5	2.8549252684279954e-5	1.773654114488678e-5	1.102568371364811e-5	6.864744476547897e-6	4.291441335830438e-6	2.710644839645206e-6	1.7567582905302426e-6	1.2091709412999434e-6	9.412385509040965e-7	8.909943265978394e-7	1.0468176809672875e-6	1.4447464661390677e-6	2.176810951624007e-6	3.4123162935559345e-6	5.436993399316508e-6	8.719067334728997e-6	1.4017508578221793e-5	2.2557465057446638e-5	3.6313348737222276e-5
619.0	3.164	1000.0	233.5	1.0	6.0	8.308336962101618e-7	0.006137644620512975	0.0038204697197592175	0.002376017363841262	0.0014768772551586673	0.0009176796485053938	0.000570093102531668	0.0003541142957931302	0.00021994097824679462	0.000136599232686925	8.483607151345848e-5	5.268833050387601e-5	3.272421760573325e-5	2.032772785075837e-5	1.2632305444586985e-5	7.858350598330907e-6	4.901821079821882e-6	3.07896198001437e-6	1.968195204607929e-6	1.3126279265362094e-6	9.606428303106583e-7	8.308336962101618e-7	8.931784458079312e-7	1.1620956755053557e-6	1.699778990322534e-6	2.6305797443892917e-6	4.169763534118955e-6	6.673287712634676e-6	1.0720103908040715e-5	1.7245997765116403e-5	2.775986207272194e-5
620.0	2.596	919.4	285.5	1.0	6.0	7.883909451523949e-7	0.007470515743287642	0.004652491571501957	0.002894380541354394	0.0017994336308846674	0.001118241595253884	0.0006947415964377421	0.0004315601687371364	0.00026805037487215386	0.0001664813021362579	0.00010339513976879797	6.421410882883756e-5	3.988136904495388e-5	2.477116259002075e-5	1.5389546666683442e-5	9.56703242945175e-6	5.9571034191996236e-6	3.7249008441825494e-6	2.354179349339576e-6	1.5279261145409672e-6	1.0550485173153107e-6	8.261808103653643e-7	7.883909451523949e-7	9.329387917526621e-7	1.2932545582606717e-6	1.952669866789102e-6	3.0636887872479868e-6	4.883254142311401e-6	7.832160692339491e-6	1.2592344424047916e-5	2.0264517724583966e-5
621.0	2.278	1000.0	307.9	1.0	6.0	7.229888894657429e-7	0.008504500181262056	0.005298519504884288	0.0032970924291301777	0.002050112503703444	0.0012741448126817232	0.0007916479618673559	0.0004917745305287825	0.0003054575169852781	0.00018971668038894143	0.00011782642358863812	7.317656467745741e-5	4.544690411734489e-5	2.8226613113675383e-5	1.753394876504129e-5	1.0896288409648449e-5	6.778621868667599e-6	4.2286738464349015e-6	2.6567159822944452e-6	1.699195566502684e-6	1.1346613779978938e-6	8.325497142415595e-7	7.229888894657429e-7	7.806398468203825e-7	1.018835668998584e-6	1.492665047258865e-6	2.311712057833334e-6	3.6653980616256166e-6	5.866784002194675e-6	9.424957104943734e-6	1.5162725976728384e-5
622.0	1.435	863.1	355.0	1.0	6.0	7.239782270741884e-7	0.01343339702933752	0.008385064047559253	0.005223870496945177	0.003250548672183934	0.002021136170142148	0.0012561222173889397	0.000780444884309356	0.000484813084890148	0.0003011327455446608	0.00018703031453310855	0.00011615791971346738	7.214032468669119e-5	4.480338005072853e-5	2.7827014786937997e-5	1.7285874232510434e-5	1.0742369718431107e-5	6.683263340301976e-6	4.169822023708638e-6	2.6207600482074713e-6	1.6778198079287473e-6	1.1229220938237949e-6	8.27731866001447e-7	7.239782270741884e-7	7.876651543953885e-7	1.0335217464090441e-6	1.51840840739804e-6	2.3544664298839845e-6	3.7350511774877536e-6	5.979444019353303e-6	9.606676919525224e-6
623.0	2.084	1000.0	255.1	1.0	6.0	7.940128232640715e-7	0.009288830631458586	0.005788903923738574	0.003602913410582609	0.002240530230892242	0.001392590015114233	0.0008652788605564858	0.0005375293157204973	0.00033388313060186373	0.00020737379074607702	0.00012879350955687072	7.99880612858253e-5	4.967738757672344e-5	3.0854204540601124e-5	1.9166238805214985e-5	1.191074668829611e-5	7.409853988772596e-6	4.622663874843557e-6	2.904582954166878e-6	1.8582649166613384e-6	1.2417221069938007e-6	9.123625631704758e-7	7.940128232640715e-7	8.593011056634018e-7	1.1233268109945848e-6	1.6471523018528895e-6	2.5519241195934e-6	4.046888422309705e-6	6.477776884293159e-6	1.0406745521615663e-5	1.6742333392256497e-5
624.0	2.377	862.7	252.5	1.0	6.0	8.660553418271593e-7	0.008153183553610839	0.005078961788769642	0.0031602054415386088	0.0019648949251984786	0.001221142647952927	0.0007587016121894419	0.00047130233703421764	0.0002927394195655405	0.00018181693504143415	0.00011292017871699808	7.012995519528579e-5	4.355563971193686e-5	2.7053409990614314e-5	1.6807518275015125e-5	1.0448641185027799e-5	6.506233736661534e-6	4.068549943092126e-6	2.571824086655279e-6	1.6699023772216951e-6	1.1541921438640705e-6	9.054215061613091e-7	8.660553418271593e-7	1.0269888969602857e-6	1.4254419429927127e-6	2.1535660244060837e-6	3.379755069530487e-6	5.387585602440747e-6	8.641387116586776e-6	1.3893593119386576e-5	2.2358663003966498e-5
625.0	1.942	1000.0	238.4	1.0	6.0	8.239440359729919e-7	0.009961267469813306	0.006209562492849569	0.003865341704514969	0.002403964987499208	0.001494264690510161	0.0009284897080130548	0.0005768110271535849	0.00035828804561573944	0.0002225336323778796	0.00013820956027752598	8.583617673450153e-5	5.330938908381714e-5	3.3109818117781146e-5	2.0567032615009483e-5	1.2780653297731436e-5	7.950048461828988e-6	4.958075645559275e-6	3.1127833230512407e-6	1.987405332344409e-6	1.3216696756322762e-6	9.61607339865269e-7	8.239440359729919e-7	8.768412021813204e-7	1.1325324537544354e-6	1.6501525607940878e-6	2.549412910258569e-6	4.038285041423821e-6	6.461091761124408e-6	1.0378120269113383e-5	1.669514898114931e-5
626.0	1.811	1000.0	263.6	1.0	6.0	7.990354856654977e-7	0.010674130183759014	0.006655745530495442	0.004143785153667967	0.002577409243770957	0.0016021801743921018	0.0009955857641585344	0.0006185091932395102	0.0003841950051770659	0.00023862674963724326	0.00014820528915717885	9.204417954994631e-5	5.716462098862718e-5	3.5503594821765955e-5	2.2052861539767612e-5	1.3702128060928513e-5	8.520268537410947e-6	5.308913882199083e-6	3.3253785373321508e-6	2.110925268904682e-6	1.384681504094114e-6	9.78684227447729e-7	7.990354856654977e-7	8.041864477536331e-7	9.953281953981679e-7	1.416666933267548e-6	2.165647141387923e-6	3.4154861567162904e-6	5.455229819081057e-6	8.756587358118313e-6	1.4082988149835284e-5
627.0	2.81	838.9	259.6	1.0	6.0	8.692474794929163e-7	0.006905516310376092	0.004299697479571018	0.0026745440832791527	0.0016626228340099523	0.0010331681910515703	0.0006418665007811695	0.00039870726168705434	0.000247641846936884	0.00015380495405427252	9.552223299020745e-5	5.932497606875549e-5	3.6845708193587395e-5	2.2887063265594182e-5	1.422132349393893e-5	8.844525858879536e-6	5.513222857900425e-6	3.456989911013442e-6	2.200277370835455e-6	1.4524393476593588e-6	1.0405186788810394e-6	8.692474794929163e-7	8.99014462034349e-7	1.136703745037068e-6	1.6372866675065109e-6	2.516534411201449e-6	3.977790266180198e-6	6.358990698234421e-6	1.0210802102539684e-5	1.6423924332461312e-5	2.643495083279308e-5
628.0	3.356	1000.0	237.5	1.0	6.0	8.214439560303101e-7	0.0057885370376546015	0.0036026845668889634	0.0022403877293017565	0.0013925013738244263	0.0008652237628994614	0.0005374950899796029	0.00033386188856405455	0.00020736063020688924	0.00012878539084888073	7.998310831631207e-5	4.967445542619528e-5	3.085261529104474e-5	1.9165624999473122e-5	1.191096639735956e-5	7.410958038767083e-6	4.6249076027168e-6	2.9084853141132158e-6	1.8647284175280223e-6	1.2522416354867394e-6	9.293710490966708e-7	8.214439560303101e-7	9.0349908156331e-7	1.194513574086637e-6	1.7617915338607355e-6	2.7365286237650585e-6	4.344151207388812e-6	6.956443045233902e-6	1.117750610996205e-5	1.7983411866616056e-5	2.894777819338716e-5
629.0	3.559	1000.0	155.4	1.0	6.0	1.043739652147964e-6	0.005460170757484759	0.0033978912725459985	0.002112869491593953	0.001313179595991629	0.0008159131085530916	0.0005068529340334712	0.00031482524763895884	0.00019553595603073905	0.00012144144516222577	7.542276442643778e-5	4.684353151203588e-5	2.9096582555820573e-5	1.8078428803051208e-5	1.1241191528110777e-5	7.003711374356698e-6	4.386006097147425e-6	2.7826777802674137e-6	1.822918898593879e-6	1.2847606868767425e-6	1.043739652147964e-6	1.044112989926139e-6	1.2859666547541552e-6	1.8252348969348428e-6	2.7866353052038658e-6	4.392509614372455e-6	7.014236918726149e-6	1.1258100534058862e-5	1.8105442995041292e-5	2.9139459773680452e-5	4.6910918080390624e-5
630.0	3.933	819.1	95.95	1.0	6.0	1.456855389631197e-6	0.004943515157624079	0.0030757703822145046	0.0019123352615863568	0.0011884543524312658	0.0007383833471933059	0.00045867762894071375	0.00028489720963660164	0.0001769468702061612	0.00010989722155336961	6.825546317097932e-5	4.2396276606712496e-5	2.634111447009192e-5	1.6377580271187274e-5	1.0201636231431042e-5	6.385039074241482e-6	4.045137454949222e-6	2.6407795617817018e-6	1.84717392988657e-6	1.4807788164941068e-6	1.456855389631197e-6	1.7698700042351656e-6	2.4922137807368747e-6	3.790942628103196e-6	5.966406865905462e-6	9.52169800615243e-6	1.5278956638716632e-5	2.4569395443118346e-5	3.9540867464860615e-5	6.36538073789057e-5	0.00010247945284207763
631.0	3.9	997.8	89.93	1.0	6.0	1.3467882158946147e-6	0.004985136318998411	0.003101715368127212	0.0019284853112035262	0.0011984983900846546	0.0007446264565946064	0.00046255679643777715	0.0002873069355096736	0.00017844344301325856	0.0001108263695632894	6.88319254083713e-5	4.2753317500592036e-5	2.656128725938003e-5	1.65117975019154e-5	1.028093612691764e-5	6.427760726921516e-6	4.061160981226235e-6	2.6338106822403406e-6	1.8156008270204132e-6	1.4172993418009578e-6	1.3467882158946147e-6	1.5877593315467962e-6	2.195942339738291e-6	3.3119918913398014e-6	5.194012950730914e-6	8.277241482190981e-6	1.3274670271098844e-5	2.1341857987936812e-5	3.434394933320049e-5	5.528643127938272e-5	8.90086513222831e-5
632.0	3.406	911.7	84.99	1.0	6.0	1.4405929241219543e-6	0.005704046311144286	0.0035499851273111784	0.0022075716683725845	0.0013720877968266011	0.0008525335425625628	0.000529609520372415	0.0003289634889586221	0.0002043189300897427	0.00012689784518747727	7.881352869943576e-5	4.895248201477759e-5	3.041132457701021e-5	1.890297643582128e-5	1.1766222884512281e-5	7.350646516244485e-6	4.635080490384826e-6	2.9914957883376947e-6	2.0397751809024883e-6	1.5598092163350514e-6	1.4405929241219543e-6	1.654553820623167e-6	2.251174664452625e-6	3.368435905584205e-6	5.264722458217829e-6	8.378568763964713e-6	1.3430046720233663e-5	2.1587209938362615e-5	3.473599822974012e-5	5.591578937643982e-5	9.002071933805835e-5
633.0	2.75	902.7	67.82	1.0	6.0	1.617812703665058e-6	0.0070551190126592915	0.004393096961223942	0.0027327384441122897	0.0016988368745401636	0.0010556866777120947	0.0006558623778218462	0.0004074039177308694	0.0002530453990996181	0.00015716310943680542	9.761088259549568e-5	6.062687985326233e-5	3.766185309623284e-5	2.3406161697885332e-5	1.4563414736629657e-5	9.08872177004509e-6	5.715998234120554e-6	3.6652414138075602e-6	2.462168735348879e-6	1.8285402095446869e-6	1.617812703665058e-6	1.7812493527474776e-6	2.3566477312988036e-6	3.477079804205025e-6	5.401663192972232e-6	8.575475203116455e-6	1.3732452314069584e-5	2.206503693911754e-5	3.5499711812065975e-5	5.7141900795381985e-5	9.199249224303489e-5
634.0	4.324	1000.0	53.14	1.0	6.0	1.7359776608761089e-6	0.004498506560774984	0.0027984208006436354	0.001739712416037532	0.0010811042475739007	0.0006716599886480852	0.00041721956342141367	0.0002591431854409637	0.00016095099261494524	9.996401999577317e-5	6.208915533613287e-5	3.857132626906775e-5	2.397312290030935e-5	1.4918970240479513e-5	9.315096396301812e-6	5.865544700753749e-6	3.772545535585491e-6	2.5520472220579344e-6	1.9217798509139345e-6	1.7359776608761089e-6	1.9516682938963777e-6	2.6187340291057013e-6	3.891446026167764e-6	6.064137130842459e-6	9.639256565848094e-6	1.544352836414735e-5	2.4819032074957413e-5	3.993327815125031e-5	6.427967963723066e-5	0.00010348335937130578	0.000166596562784855
635.0	4.625	1000.0	67.76	1.0	6.0	1.5381433530928231e-6	0.0042069707816849095	0.002616773195631338	0.0016266742219332331	0.001010815881940145	0.0006279749784118741	0.0003900768836026771	0.00024228167445412228	0.00015047725488255253	9.34581375926181e-5	5.8047394736765845e-5	3.6059275915553055e-5	2.2409938263128164e-5	1.3943173535879582e-5	8.701027182325996e-6	5.4711897120279396e-6	3.5067018537701415e-6	2.353232033620994e-6	1.7440119069419361e-6	1.5381433530928231e-6	1.688013308589542e-6	2.228281861351281e-6	3.2838968056585145e-6	5.098986540911975e-6	8.093308997960757e-6	1.295929939506974e-5	2.082212927513149e-5	3.349971025594264e-5	5.392255615690892e-5	8.681003905291901e-5	0.0001397579675819955
636.0	4.691	1000.0	59.69	1.0	6.0	1.6390753878754783e-6	0.004148026421149341	0.002580051563722466	0.001603824510591486	0.0009966084859830999	0.0006191453146672318	0.0003845910604957136	0.00023887411142517841	0.00014836107950741702	9.214439573909929e-5	5.723242789643165e-5	3.555466973333583e-5	2.20990150739654e-5	1.3754033813444057e-5	8.589930909457801e-6	5.412444213575243e-6	3.4867211275524803e-6	2.3673951624904774e-6	1.7955945588698693e-6	1.6390753878754783e-6	1.861637787126653e-6	2.5147534475407508e-6	3.7494676601738716e-6	5.851326429709259e-6	9.306400197400254e-6	1.4913657416115535e-5	2.3969634230847606e-5	3.856799811369245e-5	6.208299674835126e-5	9.994784892857874e-5	0.0001609061471230609
637.0	5.701	744.9	47.16	1.0	6.0	2.1354159333390707e-6	0.003415664944380399	0.00212393605946985	0.0013200635814515323	0.0008201931090226065	0.0005095135966126027	0.00031647990903768295	0.00019656652546832422	0.00012208597104738857	7.583019604683951e-5	4.710805449325167e-5	2.927935823181422e-5	1.822172269781596e-5	1.1378141925247926e-5	7.165991018946646e-6	4.611146402460641e-6	3.122748676268729e-6	2.356571196944898e-6	2.1354159333390707e-6	2.4081339798646025e-6	3.237795502003493e-6	4.816272864941794e-6	7.508606052637218e-6	1.1937400625881856e-5	1.9126750506001848e-5	3.07389003499284e-5	4.94581979140204e-5	7.961065741921517e-5	0.0001281611849079173	0.00020631588943608315	0.0003320917473751854
638.0	5.939	885.2	37.12	1.0	6.0	2.2180805214798674e-6	0.003279234291712658	0.002038994927170807	0.0012672304219173806	0.0007873507169373806	0.0004891056370092058	0.0003038016730144661	0.00018869167947614752	0.00011719549604909681	7.279390268690585e-5	4.522404937736753e-5	2.811204073626289e-5	1.7501167014298042e-5	1.0937718046736406e-5	6.90384560399688e-6	4.466653608070722e-6	3.0624914416082396e-6	2.366613610192409e-6	2.2180805214798674e-6	2.582538734915933e-6	3.544274928848993e-6	5.325704887199702e-6	8.33880032931522e-6	1.328033449261769e-5	2.1292940736920372e-5	3.422914523238037e-5	5.5079209648646966e-5	8.866114088389344e-5	0.00014273091347487605	0.000229765691545232	0.0003698221664121432
639.0	7.871	1000.0	27.29	1.0	6.0	2.422084262458064e-6	0.00247631389114848	0.0015392783319352447	0.0009564769434657344	0.0005942053358862422	0.000369097154363155	0.00022925158863164186	0.0001423878200390218	8.844020938317195e-5	5.494111538009472e-5	3.414649195622167e-5	2.1248364666374765e-5	1.3264201972759628e-5	8.347640913851288e-6	5.36166370456828e-6	3.6157071217272242e-6	2.705979664223466e-6	2.422084262458064e-6	2.698361647125867e-6	3.5987044360180655e-6	5.331329740949573e-6	8.296922465140639e-6	1.3181271134892832e-5	2.111378760034048e-5	3.392848612266403e-5	5.458755548954952e-5	8.786490440474167e-5	0.00014144625805815122	0.00022769632251280804	0.00036649160343187254	0.0005897479101149149
640.0	8.346	933.2	41.07	1.0	6.0	2.057190861028287e-6	0.0023357073597762125	0.0014517996597091544	0.0009020893290843609	0.0005604055271942822	0.00034809711319184984	0.00021620569869042173	0.0001342831832480162	8.34040688254085e-5	5.180936382336553e-5	3.219507037738962e-5	2.0026046437840655e-5	1.2488327671601817e-5	7.838781433273316e-6	5.002136097177452e-6	3.322362423123778e-6	2.4109744342810045e-6	2.057190861028287e-6	2.179189432580815e-6	2.8051834783641495e-6	4.079944795621789e-6	6.298279020270885e-6	9.97318849364363e-6	1.595446838819928e-5	2.5625115216053264e-5	4.122084462692184e-5	6.634628354280355e-5	0.00010680635889897137	0.0001719429330811656	0.0002767800430577393	0.00044545895270998147
641.0	8.939	933.0	65.29	1.0	6.0	1.6533535850074346e-6	0.0021810979044097245	0.001355619823048371	0.000842296176304885	0.0005232480282589194	0.00032501159461201956	0.00020186457459449558	0.00012537413291153403	7.786834451715236e-5	4.836733559908332e-5	3.005092662649607e-5	1.8683990990765645e-5	1.1638009578192175e-5	7.283554766562484e-6	4.613594304600298e-6	3.010646224452634e-6	2.1039914256541197e-6	1.683943047952307e-6	1.6533535850074346e-6	2.005147513198846e-6	2.820684067130366e-6	4.288570740330904e-6	6.748275373272665e-6	1.0768615022131832e-5	1.7279251785441243e-5	2.7785549556094844e-5	4.471633249767619e-5	7.198458258017656e-5	0.00011588973905655104	0.00018656765421430255	0.00030031674838342784
642.0	11.22	902.3	66.95	1.0	6.0	1.6296607452880497e-6	0.001738456900601041	0.0010803234711038753	0.0006711746333678721	0.00041691786343903565	0.00025895555176441216	0.00016083410202740313	9.989086613074442e-5	6.20428300417561e-5	3.854111963011493e-5	2.3952050378282008e-5	1.4902158822792919e-5	9.298658192720615e-6	5.845678004913317e-6	3.7446556261437585e-6	2.509683798687552e-6	1.8551451981861053e-6	1.6296607452880497e-6	1.7810806532550609e-6	2.34442333315773e-6	3.4499726246333657e-6	5.353404376445613e-6	8.49490470843168e-6	1.3600939019605098e-5	2.185217266154426e-5	3.515628653515571e-5	5.658854190847023e-5	9.110136059314709e-5	0.0001466654064746853	0.00023610186961423298	0.00038001884122063604
643.0	9.836	811.0	71.64	1.0	6.0	1.68077169681879e-6	0.001982585855660613	0.001232145723602133	0.0007655414708674355	0.00047555311029574767	0.0002953812161070202	0.0001834595867217877	0.00011394314869414675	7.076966221822784e-5	4.395996794815956e-5	2.7315846375545226e-5	1.698874891151015e-5	1.0590577087462988e-5	6.641700205209875e-6	4.228876935287318e-6	2.7940915839169828e-6	2.0055159403099123e-6	1.68077169681879e-6	1.7447527638154323e-6	2.2122552496871146e-6	3.1913981868409674e-6	4.908624730702142e-6	7.761062039468942e-6	1.2408337815301091e-5	1.992505901832371e-5	3.2049140239617354e-5	5.158321364847662e-5	8.304143708463068e-5	0.00013368994290023764	0.000215218065196099	0.0003464178200336121
644.0	15.38	884.8	63.84	1.0	6.0	1.7089078568754735e-6	0.0012688341174599117	0.000788347199440573	0.0004897241987778768	0.000304184921363681	0.00018892807682181667	0.00011733964866100196	7.287912400448694e-5	4.527003925344974e-5	2.81294317935389e-5	1.7493979949080734e-5	1.0904290068850017e-5	6.836445337360749e-6	4.349692740794539e-6	2.8689194778908597e-6	2.051661743927228e-6	1.7089078568754735e-6	1.7613865297859034e-6	2.221233673985414e-6	3.19479779200445e-6	4.907231824047888e-6	7.754554582248865e-6	1.2395211090072472e-5	1.990227790977064e-5	3.2011438073610714e-5	5.152187621451797e-5	8.294229258256742e-5	0.00013353009827834323	0.0002149606475517438	0.0003460035421708749	0.0005568016702033257
645.0	9.116	936.6	55.99	1.0	6.0	1.7765664780289402e-6	0.0021388394688070097	0.0013293336472117072	0.0008259554774632472	0.0005130938995499194	0.0003187034599257357	0.00019794652906228997	0.00012294118575731453	7.63582578741654e-5	4.743103241557442e-5	2.9471926872715182e-5	1.8328410111691173e-5	1.1423619195054599e-5	7.160774745866997e-6	4.554029697025565e-6	3.000521533288862e-6	2.1409651895650597e-6	1.7765664780289402e-6	1.8230482246800757e-6	2.2911592865466934e-6	3.2891592052963437e-6	5.047851732688659e-6	7.97395252966761e-6	1.2744121710647378e-5	2.0461377474492662e-5	3.2909984201279915e-5	5.296755318022264e-5	8.526911667522974e-5	0.0001372753379498754	0.00022098822560992503	0.0003557016256496856
646.0	7.665	869.5	45.2	1.0	6.0	2.063851488889566e-6	0.0025426963746599646	0.00158058133155173	0.0009821568621112995	0.0006101642356423336	0.0003790116376254702	0.00023540912497589553	0.00014621037948951853	9.081104444153293e-5	5.640823204804451e-5	3.5049080690250105e-5	2.1795127918637065e-5	1.3581576325638476e-5	8.50902134713779e-6	5.4043714401205565e-6	3.549618616564543e-6	2.5158098893056865e-6	2.063851488889566e-6	2.089215871580013e-6	2.5977676322145956e-6	3.707118188126616e-6	5.673821115421423e-6	8.952691960093918e-6	1.4301957042351922e-5	2.2958509926974184e-5	3.692370603763411e-5	5.942552657950102e-5	9.566330911011937e-5	0.00015400549361530808	0.0002479127600143479	0.00039901934528254244
647.0	8.955	1000.0	48.24	1.0	6.0	1.8448079155117493e-6	0.002177209478496403	0.0013532011291227163	0.0008407927097140737	0.000522313958331356	0.0003244316203518726	0.0002015048418196464	0.0001251515516857999	7.77314784201354e-5	4.8284546553042835e-5	3.000307351431758e-5	1.8660008785354047e-5	1.1632352635092064e-5	7.294915102280926e-6	4.644599466088918e-6	3.06846707114074e-6	2.20200064352714e-6	1.8448079155117493e-6	1.914278259848631e-6	2.426477071309314e-6	3.4998597731316245e-6	5.382662778997003e-6	8.510301277670288e-6	1.3606034815810337e-5	2.1848146695050897e-5	3.51422088215921e-5	5.6561159539151925e-5	9.1054348299265e-5	0.00014658791123331146	0.00023597602008195085	0.0003798156648379759
648.0	11.2	642.8	51.55	1.0	6.0	2.2533720554653974e-6	0.001741556191607603	0.0010822510330585284	0.000672373160437378	0.0004176633480256012	0.0002594199447995674	0.0001611246287965431	0.00010007465027540545	6.216235031781842e-5	3.862400828235676e-5	2.401747383473631e-5	1.4965246622456083e-5	9.374000626322323e-6	5.950699924686414e-6	3.903646248416906e-6	2.7594140905072587e-6	2.2533720554653974e-6	2.2684844424620637e-6	2.80824454552324e-6	3.997480694899402e-6	6.111219814933465e-6	9.6382772863397e-6	1.5394262721767236e-5	2.4710091427171937e-5	3.973948095704155e-5	6.395624133079775e-5	0.00010295557048514829	0.00016574260307568108	0.00026680085689644023	0.0004294050807361731	0.000690908860210684
649.0	13.52	448.5	43.12	1.0	6.0	2.9560449099988906e-6	0.0014431414926839709	0.0008967072610804758	0.0005570620281063106	0.00034602169411136605	0.00021491943664190335	0.00013348900878896541	8.291846655892047e-5	5.1520086057850693e-5	3.2035237121453414e-5	1.9958700815460867e-5	1.249789759876784e-5	7.92748155601802e-6	5.19048128722225e-6	3.653912853096561e-6	2.9624099975268087e-6	2.9560449099988906e-6	3.633342466192908e-6	5.150936145622575e-6	7.859783107955258e-6	1.2386303471305116e-5	1.977718064296517e-5	3.17412360402549e-5	5.104412208846445e-5	8.214660784848144e-5	0.0001322327583078312	0.0002128623835752295	0.0003426210865195964	0.0005513579511777248	0.0008869320408279657	0.001425876708630619
650.0	14.66	291.7	37.11	1.0	6.0	3.877384344932622e-6	0.001331069888520822	0.0008270369765147951	0.000513769453967654	0.00031912879746314376	0.00019821982303916004	0.0001231255667844272	7.649633989007398e-5	4.755473949157138e-5	2.960986545710561e-5	1.8512480763028534e-5	1.169639284155351e-5	7.585337706009453e-6	5.228573774245239e-6	4.081053030449037e-6	3.877384344932622e-6	4.570460249209265e-6	6.320558895923157e-6	9.532397517644345e-6	1.4948692275093541e-5	2.3821820790069034e-5	3.8203179677748964e-5	6.141687485032957e-5	9.882656157405305e-5	0.00015907087720425477	0.00025604825040337635	0.0004120973414102386	0.0006630756658563753	0.001066425979864622	0.001713878130004032	0.00275116946754346
651.0	10.42	435.7	26.61	1.0	6.0	3.813812956483802e-6	0.0018716792476484439	0.0011631715819753333	0.000722670820859196	0.00044891851655508953	0.0002788410546171334	0.00017319556660627087	0.00010758415769891846	6.684605639536882e-5	4.156470747410971e-5	2.5895115110643536e-5	1.621402220188818e-5	1.0282700228185672e-5	6.7294765045874555e-6	4.732610023808859e-6	3.830283909153417e-6	3.813812956483802e-6	4.679382870141404e-6	6.627163268343266e-6	1.0107584648286115e-5	1.5925464363040832e-5	2.542601592551917e-5	4.080563620947763e-5	6.561902418470922e-5	0.00010559907472627496	0.000169976990139725	0.00027360227676942125	0.00044033833925922057	0.0007084813286463038	0.0011393585675598579	0.0018308468936844798
652.0	15.17	395.0	33.3	1.0	6.0	3.496122589857895e-6	0.0012863779272898098	0.0007992545470030553	0.0004965047982040849	0.0003084019910552172	0.0001915550096532669	0.00011898325552444039	7.391924981152078e-5	4.594713258593922e-5	2.8600047420834783e-5	1.7866944902176822e-5	1.1265856873542644e-5	7.270234176238772e-6	4.9560284992453226e-6	3.7880333990028957e-6	3.496122589857895e-6	4.012781636048578e-6	5.457491760737135e-6	8.164352414072529e-6	1.2759320487206009e-5	2.0304899728227e-5	3.254566447337268e-5	5.2311195688964166e-5	8.41690848698333e-5	0.0001354776455796747	0.0002180782131381859	0.0003510091401784647	0.0005648451921622767	0.0009086041356317915	0.0014606591401392268	0.002345775678080231
653.0	9.599	495.9	39.74	1.0	6.0	2.870193055191034e-6	0.0020314372265275906	0.001262530108567288	0.0007844295808971919	0.0004872915103719745	0.0003026763107873232	0.00018799532017942783	0.00011676728365685632	7.253487677965884e-5	4.507433204667322e-5	2.803701683646477e-5	1.748348945977207e-5	1.0973300048175547e-5	7.000917133807947e-6	4.647665384058265e-6	3.3693074317140793e-6	2.870193055191034e-6	3.0348884516494702e-6	3.90147965782127e-6	5.670376612800208e-6	8.75064965575429e-6	1.3854601420620201e-5	2.216240984884999e-5	3.559482538284114e-5	5.725674381088048e-5	9.21536021917295e-5	0.00014834462307288359	0.00023879532488392307	0.00038434661634273	0.0006184584258883481	0.0009947509465208428
654.0	9.729	689.0	22.55	1.0	6.0	3.2103186870957233e-6	0.0020043476477558664	0.0012456815373616565	0.0007739568312356324	0.00048078464241177693	0.0002986351289265905	0.0001854870004641974	0.00011521240537848247	7.15740996705066e-5	4.448555286740369e-5	2.7684103573376717e-5	1.7284836200994575e-5	1.0882968433946934e-5	6.998017617018824e-6	4.731528125027135e-6	3.5593281083939057e-6	3.2103186870957233e-6	3.6037806471595233e-6	4.8307051559711296e-6	7.174829955743079e-6	1.117823836626077e-5	1.7766669678249746e-5	2.8463461839044613e-5	4.5741449143886486e-5	7.359379223473707e-5	0.00011845470156407473	0.0001906802530508351	0.0003069246743975588	0.0004939433294299892	0.0007946546031405906	0.001277740950343465
655.0	8.922	964.6	21.32	1.0	6.0	2.853512350683151e-6	0.002185245277658186	0.0013582002613851656	0.0008439012581450561	0.0005242469565267082	0.00032563462076008986	0.00020225549052303623	0.00012562323314266018	7.803319587647784e-5	4.8486047469588633e-5	3.0150947900728363e-5	1.878845189676181e-5	1.1771068721689773e-5	7.475985486170637e-6	4.9099014923451576e-6	3.479359066601975e-6	2.853512350683151e-6	2.887617950238872e-6	3.5895606042028603e-6	5.1216736261688444e-6	7.83827220920247e-6	1.2367569372531977e-5	1.975689102121945e-5	3.171469957600028e-5	5.100520468016228e-5	8.208631706153611e-5	0.00013213717179291876	0.0002127094502509534	0.0003423755813550882	0.0005509634698073898	0.0008862983195625505
656.0	8.526	1000.0	19.96	1.0	6.0	2.9094225766228777e-6	0.002286509366906402	0.0014211936948920919	0.0008830624732548832	0.0005485826274488534	0.00034075357586590467	0.00021164689884499863	0.00013145622529820694	8.165569971218803e-5	5.07354396751135e-5	3.154729885166425e-5	1.9654643907424652e-5	1.2307408982901877e-5	7.806508654244216e-6	5.111046955399663e-6	3.597646112100636e-6	2.9162977729571344e-6	2.9094225766228777e-6	3.5754275286886514e-6	5.06833472511787e-6	7.73339282302765e-6	1.2186897042643144e-5	1.9458650250126766e-5	3.1229940029672486e-5	5.022188035467313e-5	8.082343954088684e-5	0.00013010312545676207	0.00020943499847294383	0.0003371065085782671	0.0005424891637183095	0.0008726795668762548
657.0	7.841	967.3	18.39	1.0	6.0	3.0644618674792833e-6	0.0024857651274475734	0.0015451590735665142	0.0009601337540826276	0.0005964787281735395	0.00037051089565052396	0.00023013186754485663	0.00014293792558059165	8.87872532621662e-5	5.516531674358714e-5	3.429968658670695e-5	2.1365976597260356e-5	1.3373429783203776e-5	8.473745669572943e-6	5.5338102979134164e-6	3.873709046572283e-6	3.1095066224757608e-6	3.0644618674792833e-6	3.728153943117574e-6	5.254069398139466e-6	7.99508914222403e-6	1.2585071736895642e-5	2.0085371744896962e-5	3.223010136577984e-5	5.1826656599890386e-5	8.340361566482012e-5	0.00013425449328517867	0.0002161152240541879	0.0003478542216099838	0.0005597736087859045	0.0009004556829313423
658.0	7.602	892.0	22.9	1.0	6.0	2.8155577672970206e-6	0.0025637147701642444	0.001593659771733857	0.000990289153860184	0.0006152192348813187	0.0003821538346157952	0.0002373634583724792	0.00014742815650551296	9.157364546715775e-5	5.689192812007654e-5	3.536570098247585e-5	2.2017884781983362e-5	1.3761982834861167e-5	8.688799445529548e-6	5.6250990449938865e-6	3.862344826392152e-6	2.9928609783944576e-6	2.8155577672970206e-6	3.2894272305215174e-6	4.524057473187991e-6	6.804970312719567e-6	1.0659634750238767e-5	1.697940258402254e-5	2.722551150145865e-5	4.376665547289237e-5	7.042582049441914e-5	0.00011336188644834207	0.00018248737645163931	0.00029374374212300255	0.00047274359048806597	0.000760578831686578
659.0	4.787	1000.0	12.84	1.0	6.0	3.5580212571180116e-6	0.004065179435457525	0.0025284422261028336	0.0015717130436071485	0.0009766442398930371	0.0006067403890961367	0.0003768878179192765	0.0002340953397576092	0.00014540324193464818	9.032405963817046e-5	5.6128839707260656e-5	3.491268988037631e-5	2.1770204571096492e-5	1.3662360114464282e-5	8.714197283321835e-6	5.781392705740681e-6	4.185681811325389e-6	3.5580212571180116e-6	3.7532477434010523e-6	4.816506199804622e-6	6.9936840906047546e-6	1.0788258673318963e-5	1.7077683733101826e-5	2.7316177954456012e-5	4.3870670605729643e-5	7.056722556922559e-5	0.00011357334598732743	0.00018281769424729027	0.00029426904860178454	0.0004735846916740785	0.0007619284816115311
660.0	3.461	932.2	13.99	1.0	6.0	3.504440731814641e-6	0.005613910680748466	0.0034937689017789492	0.0021725677616328863	0.0013503148027351898	0.0008390000523608795	0.000521202617661638	0.00032374543621424014	0.00020108544989839582	0.0001249020849853478	7.759429047587727e-5	4.822792796259789e-5	3.001393701349618e-5	1.8740869714054674e-5	1.1801913478948341e-5	7.592391995074986e-6	5.138792331990732e-6	3.873671400316984e-6	3.504440731814641e-6	3.945704132247587e-6	5.299506463177306e-6	7.878924630904135e-6	1.2280447179147504e-5	1.9521854596297505e-5	3.127741568544535e-5	5.0264605563892696e-5	8.087129089078124e-5	0.0001301671574016571	0.00020952998766875244	0.00033725433965184646	0.0005427238085173365
661.0	3.369	1000.0	17.93	1.0	6.0	3.0290539077304525e-6	0.005766329921318563	0.0035888333196109996	0.002231762939401267	0.0013871370538983065	0.0008618903857277666	0.000535426016764986	0.0003325802474076299	0.00020657064568866036	0.00012830460360285556	7.970041782522677e-5	4.9524518143706186e-5	3.080076808954944e-5	1.919988215911319e-5	1.2039252971321827e-5	7.662944741235872e-6	5.058873788647636e-6	3.624797800022203e-6	3.0290539077304525e-6	3.133860556565908e-6	3.963453033249749e-6	5.709684305937897e-6	8.77638265764102e-6	1.3872711148856925e-5	2.217708448810321e-5	3.5609458311609974e-5	5.7274717887938745e-5	9.21790707306899e-5	0.00014838346679557434	0.00023885650259676273	0.0003844442126271073
662.0	2.801	787.1	14.87	1.0	6.0	3.7330456744528394e-6	0.006927551410886491	0.004313454143976795	0.002683115902903749	0.0016679580945757504	0.0010364875792563677	0.0006439325983307107	0.00039999593436005753	0.0002484503735156211	0.00015432003487385638	9.586288162193988e-5	5.956993350214834e-5	3.705161098310728e-5	2.3101525853102047e-5	1.4493944001960472e-5	9.23835457405667e-6	6.119343360828026e-6	4.4155841280278646e-6	3.7330456744528394e-6	3.9138729824349145e-6	4.999880381816689e-6	7.2422152413201806e-6	1.11594202806021e-5	1.7657300784949045e-5	2.8238259930562486e-5	4.534836214380158e-5	7.294199146470818e-5	0.00011739365707881668	0.0001889651321458597	0.0003041602680166189	0.0004894940739068647
663.0	2.505	658.2	12.41	1.0	6.0	4.437543910392489e-6	0.007739799487575258	0.004820690299459053	0.0029992118625049072	0.0018646828972401727	0.001158821342514113	0.0007199681138927075	0.000447241176479201	0.0002778022729927101	0.00017255552929675962	0.00010719500507656865	6.661785026792825e-5	4.1444693480760784e-5	2.5855546139610985e-5	1.624575045288281e-5	1.0393065100018084e-5	6.944003354115009e-6	5.100913875656742e-6	4.437543910392489e-6	4.8004707595724566e-6	6.273619065409599e-6	9.197658503304399e-6	1.4248755670519579e-5	2.2594857290767957e-5	3.616555152548618e-5	5.8097666674456745e-5	9.345900496369729e-5	0.00015041588777180707	0.0002421101178476495	0.0003896680224758691	0.0006270079711768404
664.0	2.308	819.6	11.63	1.0	6.0	4.204893593023961e-6	0.00839488508220728	0.005230008978342237	0.003254376687587976	0.0020235205358106407	0.0012576072045507943	0.0007813711599414304	0.0004853938029690896	0.00030150179916956513	0.00018727289794506744	0.0001163300755703502	7.228184520565158e-5	4.494698673281015e-5	2.800591728106935e-5	1.754144751056098e-5	1.1133721833456619e-5	7.300905268583185e-6	5.156600385994076e-6	4.204893593023961e-6	4.225679340558254e-6	5.223758458241548e-6	7.4299421530683764e-6	1.135441083236087e-5	1.7904645909333265e-5	2.8595149131213224e-5	4.589729444006287e-5	7.380981454413884e-5	0.00011878079821056631	0.0001911916772428097	0.0003077392775744327	0.000495248398579561
665.0	2.718	946.2	10.09	1.0	6.0	4.103609063842369e-6	0.00713758899652124	0.004444589348459501	0.002764824264226817	0.0017188055588961606	0.0010681056767477286	0.0006635842641173452	0.00041220699769645885	0.0002560375885129725	0.00015903530586359156	9.879564858924326e-5	6.139805824392867e-5	3.8197736182374786e-5	2.3830662853831415e-5	1.4974702400206447e-5	9.581914219043053e-6	6.405158608005474e-6	4.709756266628517e-6	4.103609063842369e-6	4.446528515619784e-6	5.8178137063504836e-6	8.53458083070674e-6	1.322507288922103e-5	2.0973872944049556e-5	3.3572521207667835e-5	5.3933279247097403e-5	8.676116788497096e-5	0.00013963823443575567	0.0002247670048697587	0.00036176648276521037	0.0005821418782441029
666.0	2.53	767.2	9.811	1.0	6.0	4.612594277665441e-6	0.007663905573673059	0.004773282548165826	0.002969663581794745	0.0018462914805666187	0.001147384127003176	0.0007128595971363373	0.00044282491437700193	0.00027505981395083026	0.00017085373374731928	0.00010614072083644548	6.596741228490336e-5	4.104773421164825e-5	2.5620282345137395e-5	1.611778022692274e-5	1.0342795304362548e-5	6.959808976254562e-6	5.186450700444451e-6	4.612594277665441e-6	5.1055182786162225e-6	6.77920986291239e-6	1.0020712122773504e-5	1.557959351965877e-5	2.4741187019445417e-5	3.962354815354533e-5	6.366650638221308e-5	0.00010242512511185631	0.00016484902898650046	0.0002653381694395833	0.0004270367522280487	0.0006870917019178773
667.0	2.667	717.8	14.26	1.0	6.0	3.982713725396612e-6	0.007273085371846892	0.004529196376515847	0.0028175457676261418	0.0017516157702990212	0.0010885080003219091	0.0006762644880169423	0.0004200851030911403	0.00026093071679045727	0.00016207324412687132	0.00010068027865333487	6.256497401581564e-5	3.891671220282004e-5	2.426794129235837e-5	1.523140043656e-5	9.717394515587515e-6	6.450752589775585e-6	4.676008124681366e-6	3.982713725396612e-6	4.210526628830764e-6	5.412126431420058e-6	7.865390215442268e-6	1.2137632586964269e-5	1.9216741478472727e-5	3.073946808334818e-5	4.9369486095555905e-5	7.941218095071069e-5	0.0001278071235176812	0.00020572457167016052	0.0003311269720086471	0.0005328665281781625
668.0	3.92	511.6	17.49	1.0	6.0	4.273031764890671e-6	0.0049598289337001505	0.0030859404369565414	0.0019186670794806007	0.0011923942720338213	0.0007408355949230644	0.0004602066554173635	0.00028585560291224726	0.00017755588370135938	0.00011029755186310879	6.853963830716459e-5	4.262999718381921e-5	2.6578426185479765e-5	1.6673364844477073e-5	1.062430092357875e-5	7.032336394960695e-6	5.066772354107e-6	4.273031764890671e-6	4.467541573961807e-6	5.695278524134153e-6	8.240162270897536e-6	1.2690690571247088e-5	2.0075967828044232e-5	3.2103510640735074e-5	5.155362954864038e-5	8.292108010967459e-5	0.00013345103875832558	0.00021480552034173337	0.00034573663577695883	0.0005563616848465444	0.0008949688373925696
669.0	3.396	632.2	17.75	1.0	6.0	3.7883233794496915e-6	0.005720747101372798	0.00356040218524767	0.0022140591517464405	0.0013761247526576945	0.0008550453613181282	0.000531173935223291	0.0003299410812041639	0.00020493531953273892	0.00012729540581440926	7.90841369412986e-5	4.915869649632705e-5	3.0600827789000546e-5	1.9119592383114588e-5	1.206004864748763e-5	7.789636997864708e-6	5.320764190991807e-6	4.082455500873168e-6	3.7883233794496915e-6	4.370339172391511e-6	5.963097426660677e-6	8.934931654031189e-6	1.397306491571372e-5	2.2242452508228904e-5	3.565495833743114e-5	5.7310871831016924e-5	9.221423695393219e-5	0.00014842576994842036	0.0002389157043560154	0.0003845339477411281	0.0006187557196010188
670.0	3.178	704.7	14.97	1.0	6.0	3.898963868168865e-6	0.006110772383842738	0.0038037044357597115	0.002365576620823548	0.0014703832173282427	0.0009136446641315119	0.0005675894863600814	0.0003525651468429415	0.00021898883423860385	0.0001360242004489551	8.450528075141641e-5	5.2525323553331564e-5	3.269131260167919e-5	2.0417321576377378e-5	1.2865121667385103e-5	8.288235661478265e-6	5.628198228456002e-6	4.269825765729558e-6	3.898963868168865e-6	4.429838457725731e-6	5.985216557237347e-6	8.924786830022814e-6	1.3928311306114697e-5	2.215274340260114e-5	3.549955584916714e-5	5.705386044168722e-5	9.179624223853671e-5	0.00014775029192748272	0.00023782696842833076	0.0003827813155809606	0.000615936854429687
671.0	3.273	578.5	13.12	1.0	6.0	4.720752036132124e-6	0.005934458091005969	0.0036937088863993293	0.002297073398831599	0.0014277669496166791	0.0008871512408697293	0.000551127155201005	0.00034234027435918165	0.00021264193317597414	0.00013208941539320944	8.20733692765512e-5	5.103414067531175e-5	3.179609670691434e-5	1.991107338077674e-5	1.2630774044381216e-5	8.271595458473928e-6	5.825418960822698e-6	4.7265200051560675e-6	4.720752036132124e-6	5.806773326386491e-6	8.235729109488325e-6	1.2569308122931002e-5	1.9809573426471172e-5	3.163052031985171e-5	5.0764721774022816e-5	8.16339816698886e-5	0.00013136854915843735	0.0002114472428598115	0.0003403290811782828	0.0005476625063164602	0.0008809875713488829
672.0	2.699	717.8	9.089	1.0	6.0	4.988454231202983e-6	0.0071874741314498095	0.004475738029673957	0.002784234116958815	0.0017308854774615713	0.0010756184206596217	0.0006682553555113602	0.00041511211880619907	0.00025784684015475414	0.00016016643808218457	9.951000156076432e-5	6.186074380327713e-5	3.8515724040796834e-5	2.4077481578456946e-5	1.5207429971147505e-5	9.854373160423401e-6	6.780361530975163e-6	5.274478015291924e-6	4.988454231202983e-6	5.8561339395404664e-6	8.078167678992183e-6	1.2168393980481336e-5	1.90726097936143e-5	3.0387131175226747e-5	4.872751411409339e-5	7.833225045745495e-5	0.00012603986111301815	0.00020286226196400504	0.00032651025242900957	0.0005254344542777702	0.0008452627463337722
673.0	4.026	603.7	11.44	1.0	6.0	4.815079357869321e-6	0.004829873441172072	0.0030049358484563102	0.001868245983863125	0.0011610376818292265	0.0007213464628438958	0.0004480988360689397	0.0002783370295475103	0.00017289083989312625	0.00010740833477375741	6.67585048547074e-5	4.154519072782308e-5	2.5939124042152194e-5	1.633173688895457e-5	1.0501346122723454e-5	7.0996215875643385e-6	5.339859865846935e-6	4.815079357869321e-6	5.403907879397247e-6	7.242510406177648e-6	1.0756062899737422e-5	1.675703358077786e-5	2.6632950271866094e-5	4.266694387993441e-5	6.856484869289023e-5	0.0001103098478020976	0.00017753994562779443	0.0002857606897979498	0.0004598889787960973	0.000739906489767305	0.0011898245876580725
674.0	3.814	651.1	11.12	1.0	6.0	4.712023899654459e-6	0.005096971631166164	0.0031714341544547874	0.0019718865714520788	0.0012254937382562645	0.0007614105263853175	0.00047299252321999667	0.00029380059802486106	0.0001824940769601892	0.00011336971642242908	7.045578926270611e-5	4.383310244912284e-5	2.73466625295395e-5	1.7184379769044954e-5	1.0996270030474065e-5	7.351283746169822e-6	5.406461586219509e-6	4.712023899654459e-6	5.107362656602353e-6	6.683896895527471e-6	9.806201931363716e-6	1.5196284951514802e-5	2.4100456279252292e-5	3.857727882774167e-5	6.197290275348583e-5	9.969297020704694e-5	0.000160447671385495	0.0002582528762872418	0.00041563715190218647	0.0006687627977459657	0.001075558833756468
675.0	5.332	656.0	6.266	1.0	6.0	6.259523436221701e-6	0.0036511844217027925	0.002270592526671103	0.0014112953339124395	0.0008769142362542007	0.0005447706464310746	0.00033839934433903523	0.0002102071386733964	0.00013059841565698637	8.11816268090565e-5	5.053552963976598e-5	3.1575343352757516e-5	1.991713912988342e-5	1.2865067982365264e-5	8.78830636541122e-6	6.744049495438322e-6	6.259523436221701e-6	7.222661794862997e-6	9.856181421178402e-6	1.476905621288973e-5	2.309725838340134e-5	3.6766218413762425e-5	5.893544452508822e-5	9.472745609824629e-5	0.00015240786494892094	0.00024528499363959364	0.00039475663530319895	0.0006351783005210406	0.0010216008289169866	0.0016419667622331899	0.0026360764046494457
676.0	5.67	626.0	8.379	1.0	6.0	5.525443394894693e-6	0.003434277388988585	0.0021355266322545794	0.0013272761538576196	0.0008246815607526473	0.000512310509573367	0.0003182300253275075	0.00019767378993121147	0.0001228061541513368	7.63297388839277e-5	4.7502443705362566e-5	2.965978953046428e-5	1.867617467756032e-5	1.2011716686525982e-5	8.125219040572665e-6	6.117873983593726e-6	5.525443394894693e-6	6.21090844790689e-6	8.332777978064785e-6	1.2381723961339633e-5	1.929399340064971e-5	3.06677575102411e-5	4.913225447744784e-5	7.895463072234537e-5	0.00012702361201095985	0.00020443435324327917	0.0003290328482323754	0.0005294872832377065	0.0008517735902634316	0.0013694355029254474	0.0021996352137436752
677.0	8.164	590.3	7.172	1.0	6.0	6.149835997267439e-6	0.002387656413706749	0.001484122203705295	0.0009221901115740344	0.0005729060740525986	0.0003558779693925622	0.00022106233285622124	0.00013733725838934948	8.536132090474512e-5	5.312222976387041e-5	3.3167098008798745e-5	2.088201027107095e-5	1.3426180233340833e-5	9.07542188132534e-6	6.823568161224901e-6	6.149835997267439e-6	6.898402942348357e-6	9.242366416434696e-6	1.3723747777946947e-5	2.1378764239934297e-5	3.3977257142795375e-5	5.443142912253955e-5	8.746784589761342e-5	0.00014071662797868109	0.0002264658698404537	0.0003644770376273777	0.0005864866355733652	0.0009433686711822121	0.0015164434763599904	0.00243511227064075	0.003903794689459111
678.0	6.912	552.3	5.456	1.0	6.0	7.289813499693662e-6	0.002818923440109304	0.001752476433708799	0.0010890484731491397	0.0006766089058437621	0.00042031278853906987	0.0002610941997757087	0.00016221028505755567	0.0001008225529904576	6.274537938392819e-5	3.9176969614464916e-5	2.4668241477176937e-5	1.5864323357655887e-5	1.0729320168150554e-5	8.075713842749544e-6	7.289813499693662e-6	8.189853351365053e-6	1.0983950609167622e-5	1.6318196556977497e-5	2.542596175670652e-5	4.04128276201322e-5	6.474272857756201e-5	0.00010403692353157873	0.0001673684686527992	0.00026934610425161716	0.00043345537059130224	0.0006973931754430693	0.0011215356355723223	0.0018022569463689365	0.0028925676464522923	0.004633307768072225
679.0	8.532	814.2	4.133	1.0	6.0	6.998769257293224e-6	0.0022849094076726087	0.0014202026365669643	0.000882453220377839	0.0005482150904221218	0.00034054306696482427	0.0002115448537068572	0.00013143909006599355	8.171952949857265e-5	5.0895003925514156e-5	3.1839504007104665e-5	2.0147071596819082e-5	1.3113946966550225e-5	9.113690274470718e-6	7.221190451608801e-6	6.998769257293224e-6	8.394972340030553e-6	1.173265614787824e-5	1.7783603125203794e-5	2.7946868429897912e-5	4.4571959055870836e-5	7.15012056872656e-5	0.00011495576966604314	0.00018496761836537306	0.0002976819734204111	0.00047904547137838857	0.0007706884847099301	0.0012392475103278017	0.0019909906240825055	0.0031943848604228603	0.0051139625123210065
680.0	6.773	700.8	3.062	1.0	6.0	8.755699845350596e-6	0.0028766104783861323	0.0017883802755580165	0.0011113781358885004	0.0006904921077175256	0.0004289462567134201	0.00026646920457224285	0.00016556784127232384	0.00010293837832861355	6.41085055578373e-5	4.010253776675729e-5	2.5370269080214872e-5	1.6505155989726238e-5	1.1457160410861532e-5	9.058889070385166e-6	8.755699845350596e-6	1.0477451619180636e-5	1.4622262831573412e-5	2.2148503112478933e-5	3.4796211208995995e-5	5.548892051426719e-5	8.900823092100187e-5	0.0001430955972776802	0.0002302321573714554	0.00037049789550209084	0.00059614470002283	0.0009588721624613009	0.0015413122865382137	0.002474929008613115	0.003967335761323565	0.006342527292550229
681.0	8.166	691.9	3.3	1.0	6.0	8.474461237293304e-6	0.002387076406814427	0.0014837646925638915	0.0009219732148838129	0.0005727799388313761	0.0003558135431864725	0.0002210447615670458	0.00013736249601979339	8.543521124051099e-5	5.326186469719534e-5	3.340477301649464e-5	2.1272694525582643e-5	1.406022975772871e-5	1.0099476014726706e-5	8.474461237293304e-6	8.809364414074949e-6	1.1181606695604267e-5	1.6139723029007487e-5	2.4830114420010235e-5	3.9261886080710625e-5	6.277072899525118e-5	0.00010078836666458433	0.00016209354187874701	0.00026082874047146177	0.00041973581274969536	0.0006753245830511516	0.0010860816970804249	0.001745392358775977	0.002801588745666138	0.004488316367492489	0.00716867350958345
682.0	9.385	871.4	3.478	1.0	6.0	7.3584025270387205e-6	0.002077667820407367	0.0012912901437625922	0.0008023158617705934	0.0004984195834314667	0.0003096116884477642	0.00019233885337468866	0.00011952232246065238	7.433813389121354e-5	4.634268162775722e-5	2.9063731379782756e-5	1.8505999025001447e-5	1.2228077988763172e-5	8.77816005664154e-6	7.3584025270387205e-6	7.64045361101866e-6	9.689519700831657e-6	1.3979420628634858e-5	2.1502090127065914e-5	3.3996764009187266e-5	5.435164244821006e-5	8.72703490269324e-5	0.00014035583821909333	0.0002258585881560344	0.0003634834445072117	0.0005848785692401148	0.0009407784465043108	0.0015122829316993886	0.002428447194350967	0.0038931553126746316	0.006224770899889345
683.0	7.886	801.9	4.071	1.0	6.0	7.04346980620025e-6	0.0024716196847227524	0.0015363619803570104	0.0009546706623555966	0.0005930939634404667	0.00036842465512943053	0.0002288628143425016	0.00014219300459343117	8.839435361048568e-5	5.503363596514006e-5	3.439879541493285e-5	2.1718806515068798e-5	1.4061586040184345e-5	9.656383928166443e-6	7.484445593079093e-6	7.04346980620025e-6	8.23145896980058e-6	1.1323120241730343e-5	1.703335076822836e-5	2.6682442368031196e-5	4.2501080702120454e-5	6.814533032853298e-5	0.00010953980603889208	0.00017624169438012658	0.00028363502872670755	0.00045644702591101635	0.0007343592770401137	0.0011809074532735046	0.0018974613616691554	0.003044841735726284	0.004875875357395601
684.0	9.548	460.6	4.237	1.0	6.0	9.086007782026587e-6	0.0020422748658849034	0.0012692797892340602	0.0007886396384299142	0.0004899307251898783	0.0003043531788292048	0.00018909693283746724	0.00011754813792450644	7.317545865359899e-5	4.5722752393008486e-5	2.8843224953797595e-5	1.8633936880510664e-5	1.2734055589119818e-5	9.779197659080253e-6	9.086007782026587e-6	1.0494153426226883e-5	1.4329231163228632e-5	2.14779941652497e-5	3.3593224629373575e-5	5.347542372994867e-5	8.571904467297399e-5	0.00013777129842471907	0.0002216447066146399	0.0003566698950335081	0.0005739005347091077	0.0009231254045765578	0.0014839455366049466	0.0023830604360117586	0.0038207053608399462	0.006109728087128152	0.00972997912479297
685.0	9.887	400.1	3.641	1.0	6.0	1.0727679398989367e-5	0.0019723928377054097	0.001225819583313635	0.0007616307480228814	0.0004731578363901974	0.00029394915210278664	0.00018266019691961157	0.00011359180974425775	7.078521650631996e-5	4.4346051021937264e-5	2.8161765084865528e-5	1.849014990268988e-5	1.30946990912708e-5	1.0727679398989367e-5	1.0841674706107372e-5	1.3463005391804026e-5	1.9197772262033174e-5	2.9371880548306183e-5	4.633727735006445e-5	7.401482163328738e-5	0.00011879827990413037	0.00019102577174243381	0.00030735186072146375	0.0004945505065570411	0.000795580967408764	0.0012791975725488629	0.0020550139169462733	0.0032967143692892178	0.005276802312064343	0.008416080342655369	0.013347883170584506
686.0	11.1	255.7	3.536	1.0	6.0	1.3434505925941898e-5	0.0017572427598573455	0.0010920297618180707	0.0006784898595234221	0.0004215265750708296	0.00026192082536858415	0.00016284065404715013	0.0001014023495315625	6.340865664685159e-5	4.0077112779896014e-5	2.6013425967446645e-5	1.7965652854150408e-5	1.4072769356282646e-5	1.3434505925941898e-5	1.5903205122998133e-5	2.2049631954242088e-5	3.329479075761487e-5	5.223805028476804e-5	8.325695383548845e-5	0.00013351609965380035	0.00021461495513123372	0.0003452467322243409	0.0005554600741393997	0.0008934494144468717	0.0014362909619940192	0.0023067153983128493	0.0036988053610108986	0.005916092974474625	0.009424874409547996	0.014921096344014553	0.023395830839752673
687.0	11.37	235.6	3.772	1.0	6.0	1.3619149796178897e-5	0.0017155872985623105	0.0010661279756460432	0.0006623929328251299	0.00041152774697770833	0.000255713800942942	0.00015899228096523054	9.902350676207652e-5	6.194952533321161e-5	3.9200364345422394e-5	2.5516339863796646e-5	1.773328338778672e-5	1.4051380590178132e-5	1.3619149796178897e-5	1.6336575780078906e-5	2.2831930132519703e-5	3.460686995144819e-5	5.43831703889753e-5	8.673072668531578e-5	0.00013912061578146755	0.0002236430008767797	0.0003597774466343401	0.000578831182161015	0.0009310069082505228	0.001496568232289091	0.002403260133607286	0.0038529400187678076	0.006160910117432694	0.00981058511536949	0.015521139144088968	0.024311344538870884
688.0	8.977	219.0	4.268	1.0	6.0	1.3140649417692942e-5	0.0021719046596775527	0.0013499203745128332	0.0008387839287694924	0.000521115143887881	0.0003237665088513603	0.00020121999177547017	0.00012518123167102845	7.808260981522352e-5	4.9038360086286296e-5	3.133391714072366e-5	2.0875677347219755e-5	1.524527302734104e-5	1.3140649417692942e-5	1.4075063164695057e-5	1.826452038410787e-5	2.667763247835797e-5	4.125932054691643e-5	6.537979866142882e-5	0.00010461185888739735	0.00016801410344954545	0.00027021140751946307	0.0004347395556111394	0.0006993908851435261	0.0011247027971573206	0.0018073103360193754	0.002900635646030814	0.0046461533424031285	0.00741865359466229	0.011786878278831531	0.018582948608565
689.0	7.762	255.0	3.682	1.0	6.0	1.3429252717135602e-5	0.0025110172030025258	0.0015608866248854269	0.0009699378570347893	0.0006026128004904211	0.0003743881861772839	0.00023264701458950584	0.0001446718202799091	9.014059653774542e-5	5.645098746945372e-5	3.581498557790046e-5	2.346133932411249e-5	1.6533453869271802e-5	1.3429252717135602e-5	1.3430844619021218e-5	1.653853465320508e-5	2.3470833021665496e-5	3.5830403299772e-5	5.647410723893512e-5	9.017212614668358e-5	0.0001447070257972475	0.00023266287707428382	0.0003743076682601553	0.000602208403661669	0.0009685760712722933	0.0015568591014830636	0.0024998074109896413	0.004007026018619061	0.006405514958421382	0.010195625850468175	0.016119330927671142
690.0	6.97	225.8	3.927	1.0	6.0	1.3607777401560428e-5	0.00279554314456515	0.001737937188996581	0.0010800255465048373	0.0006710301387739313	0.000416893591487886	0.0002590459703895341	0.0001610601545591349	0.00010030484573113853	6.274048571177978e-5	3.9683805077920724e-5	2.5804042312271046e-5	1.789177633067237e-5	1.4117316323090906e-5	1.3607777401560428e-5	1.624526747066869e-5	2.2639575816624713e-5	3.426900236401134e-5	5.382170055919695e-5	8.581593512060154e-5	0.00013764128466767014	0.0002212579098975379	0.00035593735138306264	0.0005726541005564974	0.0009210801102090349	0.0014806368727018945	0.002377745100715363	0.0038122101303705754	0.006096230632818579	0.009708714921314296	0.015362740521653732
691.0	6.696	262.8	3.117	1.0	6.0	1.4156820826434457e-5	0.002909603719007565	0.0018089248044815193	0.0011241704107930485	0.0006984694147357428	0.00043394535007006254	0.00026964309208898105	0.0001676493500533112	0.0001044084443104558	6.530694112674216e-5	4.130644438440592e-5	2.685805502382746e-5	1.862089705354152e-5	1.4690159908169202e-5	1.4156820826434457e-5	1.6897479545364712e-5	2.3545769290271814e-5	3.563868417946407e-5	5.597145157837086e-5	8.924243521372064e-5	0.00014313568352794599	0.00023008750643348255	0.0003701353370546719	0.0005954811178930764	0.000957755986110521	0.0015394902736991672	0.002471992378817261	0.00396263759442641	0.006335062842972917	0.010084758377421814	0.015947171610017852
692.0	5.884	405.8	2.879	1.0	6.0	1.1834142500558852e-5	0.003309795020016726	0.002058030971458532	0.0012790863366317629	0.0007947460493201968	0.0004937420852249131	0.00030674819547897103	0.00019062845007331199	0.00011856994941479733	7.3923728059086e-5	4.63704767683447e-5	2.9540184751054518e-5	1.9541313001437646e-5	1.4061696094391155e-5	1.1834142500558852e-5	1.234348560474556e-5	1.5707455876383606e-5	2.2703840978727123e-5	3.4950148806485826e-5	5.527710735733583e-5	8.838180203662294e-5	0.00014190999201145276	0.0002282139972386737	0.00036718256445362584	0.00059077097436485	0.0009502115370946289	0.001527398688339369	0.002452639508250411	0.003931758250102812	0.006286049916771368	0.010007615233503808
693.0	3.65	460.9	2.749	1.0	6.0	1.1443174219133049e-5	0.005324771332077744	0.0033134669047117527	0.0020603162054451327	0.0012805064277479502	0.000795626718639109	0.0004942859632951822	0.0003070806645033116	0.00019082624665822724	0.00011867875939804678	7.396869363942225e-5	4.636198862539469e-5	2.9476276477628627e-5	1.9407203123983073e-5	1.3826368599359132e-5	1.1443174219133049e-5	1.1706462397057944e-5	1.4677070106733077e-5	2.104184435137562e-5	3.227230750416896e-5	5.0964484634611835e-5	8.1437994125939e-5	0.00013073167320934033	0.00021022267451074235	0.00033823487790773975	0.0005442176211784158	0.0008754038011971801	0.0014073397852728741	0.0022603459485328894	0.0036247621483240476	0.005798442607030616
694.0	5.139	435.0	2.798	1.0	6.0	1.164021456239535e-5	0.003787794496841784	0.002355675344926917	0.0014642355186174948	0.0009098422104798708	0.0005652580698581374	0.000351167575930473	0.00021820265839863284	0.00013566789401337257	8.449655326425662e-5	5.2862200886904025e-5	3.345172376937591e-5	2.177713805009204e-5	1.5138837077041698e-5	1.2001698261871486e-5	1.164021456239535e-5	1.3970746135128637e-5	1.9532140705633284e-5	2.9610205839775163e-5	4.6534672456104925e-5	7.421692326919566e-5	0.00011905178710410331	0.00019138920454746797	0.0003079089864075345	0.0004954294334518037	0.000796983051213794	0.0012814421250305229	0.00205860728378506	0.0033024548774631284	0.005285934250448955	0.008430505755065307
695.0	5.418	755.0	2.52	1.0	6.0	9.173038247720897e-6	0.0035934406311000657	0.0022346371118951223	0.0013889332851533085	0.000863020414152118	0.000536149766990158	0.0003330645564319802	0.0002069273112215272	0.0001286160327649415	8.003860589649562e-5	4.9967668538209144e-5	3.14513670551833e-5	2.0208396711055367e-5	1.3638927920791126e-5	1.022374402007402e-5	9.173038247720897e-6	1.0243800280506063e-5	1.3683608982970613e-5	2.0287827808238076e-5	3.1583367766030905e-5	5.0181334913327505e-5	8.037963831412559e-5	0.00012915367232311104	0.00020776094175390804	0.000334322323681096	0.0005379551963970746	0.0008653582425125236	0.0013912267413993644	0.002234539092829772	0.003583549714358672	0.005732945832717354
696.0	4.001	911.3	2.488	1.0	6.0	8.435285866302058e-6	0.004859908321835412	0.00302365910543634	0.001879903910393663	0.0011682939519748134	0.0007258667032903404	0.0004509236161545985	0.0002801177821448233	0.00017403869027475432	0.00010818847670875247	6.735126075737922e-5	4.2087610785778364e-5	2.6556642184351382e-5	1.7167164957409084e-5	1.174789625330527e-5	9.045587441909384e-6	8.435285866302058e-6	9.775830273650105e-6	1.3377192026647268e-5	2.0072098170748695e-5	3.1408435530470245e-5	5.000675126565142e-5	8.016504969632497e-5	0.0001288495109094721	0.00020729702209110816	0.0003335917670340414	0.0005367901173844409	0.0008634919671902041	0.0013882348246753223	0.0022297480553612804	0.0035758988410364953
697.0	3.369	908.4	2.094	1.0	6.0	9.174064928180737e-6	0.005766333164328706	0.003588838541701664	0.0022317713483384306	0.0013871505944987844	0.0008619121896471496	0.0005354611267908003	0.00033263678373730463	0.00020666168397887537	0.0001284511990723439	7.993647486452243e-5	4.990463163543559e-5	3.1412849870508024e-5	2.01854928467247e-5	1.362634089084811e-5	1.0218562959867196e-5	9.174064928180737e-6	1.0251272042638911e-5	1.369925354571673e-5	2.031526248785332e-5	3.162893512757737e-5	5.025556729521473e-5	8.049968740992383e-5	0.00012934725968826512	0.00020807272796789436	0.00033482412795920796	0.0005387623239917644	0.0008666554221829703	0.0013933089698253602	0.0022378750451204086	0.003588877886360179
698.0	4.049	735.1	2.088	1.0	6.0	1.038183238179366e-5	0.004802573759864448	0.0029879243668878863	0.0018576642219962796	0.0011544677254483162	0.0007172802024057379	0.0004456002295634405	0.0002768299002050644	0.00017202727584885949	0.00010698886469413671	6.668621157455923e-5	4.1803391641820285e-5	2.6587549241571394e-5	1.7520356883150163e-5	1.2505060109604561e-5	1.038183238179366e-5	1.0659635473849195e-5	1.3402671838828636e-5	1.924518681074887e-5	2.953799841916539e-5	4.6660489739589476e-5	7.456980705478021e-5	0.00011971320368332007	0.0001925117412157644	0.00030975126647555943	0.0004984149598526103	0.00080179564790991	0.0012891776374847393	0.00207101047261311	0.003322280773057586	0.005317479025886823
699.0	5.116	521.5	2.101	1.0	6.0	1.2383513204136987e-5	0.0038047593576491664	0.002366242101868856	0.0014708108719160967	0.0009139325102658477	0.0005678037528983835	0.0003527552562986382	0.00021919870364877478	0.00013630234832682939	8.491602906631019e-5	5.316366639508757e-5	3.370488301793235e-5	2.2040533877204793e-5	1.5473383319146314e-5	1.248476391764111e-5	1.2383513204136987e-5	1.5146163715321758e-5	2.1411466332243053e-5	3.262793186494542e-5	5.138833069490731e-5	8.202801365228122e-5	0.0001316241313442216	0.0002116234755669847	0.0003404666963056041	0.0005477932614235775	0.0008811415266557876	0.0014165441437640981	0.00227508791095246	0.003648303204432438	0.005835851129679075	0.009298380854400039
700.0	4.993	475.2	2.451	1.0	6.0	1.1885661517797944e-5	0.0038981212041075764	0.0024243902778175955	0.0015069862919516923	0.000936421430464301	0.0005817763198554286	0.00036143103081427594	0.00022457957751695316	0.00013963101694455056	8.696165382248972e-5	5.4399091312553085e-5	3.4415733466201086e-5	2.2391175463876064e-5	1.5544897957623676e-5	1.2293688530710984e-5	1.1885661517797944e-5	1.4226412247094292e-5	1.985714743519862e-5	3.0079698655472862e-5	4.725717907288961e-5	7.535939904970908e-5	0.00012087808628470989	0.00019432073640679486	0.0003126212264279465	0.000503005684619804	0.0008091586325545047	0.0013009893439255274	0.0020899346279615694	0.0033525196461380176	0.005365582041417193	0.008556310858365838
701.0	4.566	405.1	2.869	1.0	6.0	1.1771810377564415e-5	0.004261107775213763	0.002650509169111001	0.0016476793060872328	0.0010238968678452315	0.000636137406630894	0.00039520089676990753	0.00024554939355946926	0.0001526432940238141	9.502301590294183e-5	5.937286561851747e-5	3.745182666054743e-5	2.4191609321459434e-5	1.6526013039510797e-5	1.2682374428581042e-5	1.1771810377564415e-5	1.3583706270489445e-5	1.853698544524438e-5	2.777686999024818e-5	4.343938737298853e-5	6.914444613772365e-5	0.00011083059771695257	0.00017812215693805905	0.00028653868014621764	0.00046104181234239315	0.0007416985460100647	0.001192664529957652	0.0019162933464840638	0.003074944828665282	0.004923805778087071	0.007858063457225267
702.0	2.762	420.9	2.661	1.0	6.0	1.1984751419561674e-5	0.0070246871178516	0.004374101859936563	0.0027209107476866266	0.001691489171231736	0.0010511382273092477	0.0006530684241691329	0.0004057210615821283	0.00025208550584935316	0.0001567045906427998	9.754785240634591e-5	6.094482213318145e-5	3.8434324235129026e-5	2.4811825177180123e-5	1.692736920349291e-5	1.2957687858303445e-5	1.1984751419561674e-5	1.3783520592186416e-5	1.8769880360475166e-5	2.8096695890087887e-5	4.392007915677082e-5	6.989708943418521e-5	0.00011202903435229157	0.00018004296737354918	0.0002896245720979288	0.0004660025129809927	0.0007496710812163575	0.0012054662340865276	0.0019368166088153066	0.0031077608312550012	0.004976057018517362
703.0	2.485	378.3	3.109	1.0	6.0	1.1688176398293068e-5	0.007801609257423058	0.004859305991491503	0.0030232869768331686	0.0018796776172910366	0.0011681618161824164	0.0007257984193990953	0.00045090348999012915	0.0002801411969571627	0.00017411107606983935	0.00010832658040046992	6.758702482668205e-5	4.247556294762889e-5	2.7186506836472338e-5	1.81846138410455e-5	1.3388236586978864e-5	1.1688176398293068e-5	1.2691249268963444e-5	1.6629354769100815e-5	2.441302137142628e-5	3.78417259249003e-5	6.001936899696987e-5	9.607030677580087e-5	0.00015431974975057842	0.0002482068863023733	0.0003993611879519287	0.0006425223766136464	0.0010333621005642502	0.0016608115865427225	0.002666225017683606	0.004272497456597171
704.0	2.14	541.6	3.652	1.0	6.0	8.996859067246682e-6	0.009047960363354965	0.0056382764130133494	0.0035089681651953226	0.0021820366776779338	0.00135621262987349	0.0008426789502189185	0.0005235088444946749	0.0003252105998033896	0.00020204772699918003	0.00012558376580593933	7.815293148060881e-5	4.8792691589195386e-5	3.0715425654054816e-5	1.9741316095447115e-5	1.3332694974308444e-5	1.000753862529205e-5	8.996859067246682e-6	1.0066902897669728e-5	1.346508466733143e-5	1.9977145972304982e-5	3.1108698606093474e-5	4.943296051870476e-5	7.918463895073516e-5	0.00012723609356709206	0.0002046783860639572	0.0003293647048279417	0.0005299832823547429	0.0008525473274632153	0.0013706630404835768	0.0022015930263304243
705.0	2.405	447.1	3.177	1.0	6.0	1.0803367573446672e-5	0.00805902941451424	0.005020132879260537	0.0031235369091818697	0.0019420776337691727	0.0012069659343399454	0.0007499124292591917	0.00046587787418482323	0.0002894289518859037	0.00017985630277581873	0.00011185650056324887	6.971744519181838e-5	4.369897767342259e-5	2.7785778845408566e-5	1.8298309702106398e-5	1.3042642300481964e-5	1.0803367573446672e-5	1.1062610496807115e-5	1.3880278156293442e-5	1.9907865696402965e-5	3.0538965110839226e-5	4.823112148397844e-5	7.707303328645126e-5	0.00012372712656316472	0.0001989625164213191	0.00032012517543393614	0.0005150966521764815	0.0008286054523555728	0.0013322185365071588	0.002139985776636918	0.0034324993472589155
706.0	2.921	231.6	2.42	1.0	6.0	1.690090519115844e-5	0.006644856656526081	0.004136999261075526	0.0025731987662687733	0.0015995875754226117	0.0009940177272116475	0.0006176054993592387	0.0003837475895717416	0.00023853249757691805	0.00014844254205984274	9.266786256091715e-5	5.831899838577436e-5	3.74556543431433e-5	2.525406751334195e-5	1.8892829687550845e-5	1.690090519115844e-5	1.881759208146982e-5	2.508596005107148e-5	3.715510817955294e-5	5.781468255464016e-5	9.183840584954159e-5	0.00014708383516403878	0.00023629849735126487	0.0003800392526319537	0.0006113520008867823	0.0009832217334442414	0.0015803304395894666	0.002537369306304349	0.004066947539427767	0.00650059416226252	0.010345198464212606
707.0	2.423	417.0	2.193	1.0	6.0	1.3241814079637839e-5	0.007999641446473194	0.0049830283469359	0.0031004098583245136	0.0019276864173197984	0.001198023705819924	0.000744367110952538	0.0004624531612206956	0.0002873351783506447	0.00017861014845063162	0.00011117011321996119	6.943221544248756e-5	4.374899049770688e-5	2.8182620246333835e-5	1.9133765053803537e-5	1.450992854990965e-5	1.3241814079637839e-5	1.5036116187261307e-5	2.0307668344220703e-5	3.027523762998877e-5	4.7242977228286233e-5	7.513221746880015e-5	0.00012038550162856537	0.0001934491327231981	0.00031116981931738686	0.0005006408629096617	0.0008053388120095986	0.001294844889026644	0.0020800800044976087	0.0033367668078009196	0.0053405196402938
708.0	2.409	777.7	2.213	1.0	6.0	9.827956707731812e-6	0.008045754969799855	0.0050118380761617004	0.0031183650963582223	0.0019388566983338002	0.0012049602528941968	0.0007486617324600667	0.0004650942943285814	0.00028893180101340337	0.00017953080782933076	0.00011162746148411079	6.953192098734698e-5	4.351407253470486e-5	2.7558732997112574e-5	1.7976614761596703e-5	1.2551899744965482e-5	1.0030084530718258e-5	9.827956707731812e-6	1.1898739843949988e-5	1.6721247173899066e-5	2.5410508160511045e-5	3.99753431320454e-5	6.378215612102597e-5	0.00010233142451458237	0.00016452443053946962	0.00026470792021143834	0.00042595591711011354	0.0006853124491004818	0.0011021169755600366	0.0017711054961027015	0.0028427259033602377
709.0	1.971	797.1	1.301	1.0	6.0	1.2752427640138523e-5	0.009816146765275643	0.006118764449815494	0.0038086963071145056	0.0023686946090652064	0.0014723375016179045	0.0009148829912387344	0.0005683966168393053	0.0003531271201208251	0.0002194353786093366	0.00013645849789307307	8.50277385739193e-5	5.325676077196571e-5	3.380088865300942e-5	2.2161652868656957e-5	1.5647626486187144e-5	1.2752427640138523e-5	1.2806496767782616e-5	1.5822279774794872e-5	2.24970486384331e-5	3.437395518576517e-5	5.419836048171529e-5	8.655129482227918e-5	0.00013890510384432586	0.00022334167085975078	0.0003593208800307937	0.000578114490640244	0.0009298661607236889	0.0014947443046024616	0.0024003432934730363	0.0038482866334460593
710.0	2.973	560.7	1.963	1.0	6.0	1.2200114266601748e-5	0.00652938718868514	0.0040649262516368224	0.002528292551475586	0.001571632874742177	0.0009766152728823115	0.0006067560162932136	0.0003769516890325001	0.0002342222405048483	0.00014562252701657088	9.068644699155883e-5	5.671814232830305e-5	3.5865200435023786e-5	2.3306216412619037e-5	1.6137114223266226e-5	1.270003593809712e-5	1.2200114266601748e-5	1.4521691853253172e-5	2.0201537048948568e-5	3.0552826861792545e-5	4.7968415326911276e-5	7.64730945377319e-5	0.00012265144530787804	0.0001971629408236647	0.0003171871349479888	0.0005103448677619483	0.0008209518680000954	0.0013199212555855043	0.002120273325844809	0.003400998771581477	0.005442693378011231
711.0	1.912	509.9	1.797	1.0	6.0	1.347707566490871e-5	0.010115986369560697	0.006306385168942593	0.003925763271927066	0.002441609766228989	0.0015177032999044626	0.0009430904111909054	0.0005859303252388519	0.0003640271860274371	0.0002262169254765974	0.00014068770415219035	8.768186231506753e-5	5.494930994608895e-5	3.49231848297901e-5	2.297320906825687e-5	1.6336117702918525e-5	1.347707566490871e-5	1.3734883351381711e-5	1.7169090978098466e-5	2.4573697584409864e-5	3.7660531063851696e-5	5.94544713278505e-5	9.499125223025907e-5	0.00015247748114692852	0.0002451766352625369	0.00039444551230555296	0.0006345931578055898	0.0010206081468814403	0.0016403416253333537	0.0026334549549832035	0.004220232013032606
712.0	2.135	637.5	1.887	1.0	6.0	1.1825250370521983e-5	0.009068959175135494	0.005651408446400014	0.003517160647046368	0.0021871415590199424	0.0013593939603514114	0.0008446660785933277	0.0005247588678797809	0.0003260116630230768	0.0002025847288384775	0.00012598076057049684	7.850168048738577e-5	4.917383162842474e-5	3.121709754851958e-5	2.0479541130876966e-5	1.447820337381363e-5	1.1825250370521983e-5	1.1907142477167166e-5	1.4742767507866927e-5	2.0987758011729425e-5	3.208594153928751e-5	5.060277113126509e-5	8.081736633753906e-5	0.00012970882626422658	0.0002085616498865842	0.00033555308110335303	0.0005398988608382036	0.0008684597136388812	0.0013961913788256596	0.0022424843767276034	0.0035962345042561154
713.0	1.51	908.9	2.147	1.0	6.0	9.147910958642332e-6	0.012774702102723322	0.007971910655848619	0.0049656994877815925	0.003089603076153377	0.0019209520841272745	0.001193823598915041	0.0007417372959923576	0.0004607883008748599	0.00028625133889795235	0.00017785709041849576	0.00011057383603330228	6.885487696586351e-5	4.305708987632758e-5	2.7216146758214036e-5	1.766920212271476e-5	1.2208567317544475e-5	9.571430582199887e-6	9.147910958642332e-6	1.0840038199596208e-5	1.5039075704454539e-5	2.271592340972736e-5	3.564542273688498e-5	5.6816202336319445e-5	9.112022960689678e-5	0.00014647992938307934	0.00023566936023551601	0.0003792398150135588	0.0006101985003292267	0.0009814503113129115	0.0015775389381920061
714.0	1.696	1000.0	1.934	1.0	6.0	9.308613428557605e-6	0.011389663312140044	0.007103845282637886	0.004423522623622084	0.002751701052852094	0.0017106446696082875	0.0010630405623334102	0.0006604515514741061	0.0004102852784599055	0.00025488361487172484	0.0001583826531669214	9.849355144454852e-5	6.137671708058907e-5	3.845224170272601e-5	2.4419886486062577e-5	1.603492150052758e-5	1.135833239370189e-5	9.308613428557605e-6	9.41172701068118e-6	1.1691487638766246e-5	1.667503682557771e-5	2.5514643403466576e-5	4.025388458202417e-5	6.42994628617837e-5	0.00010320697866769497	0.00016596031456561354	0.00026703514928792365	0.0004297099480771043	0.0006913543130791789	0.0011118254374298693	0.001786678007219487
715.0	2.046	1000.0	1.642	1.0	6.0	9.888972789928818e-6	0.009459720686143019	0.005895790288518215	0.0036695906615674015	0.0022820588109666866	0.0014184346978611023	0.0008813628150879379	0.0005475514852194247	0.0003401533456525628	0.00021133909878172637	0.00013136979840724824	8.177070761618159e-5	5.1078500540419965e-5	3.2197762442176624e-5	2.076295030323791e-5	1.41298837962666e-5	1.0764643408981923e-5	9.888972789928818e-6	1.1300336297193955e-5	1.5325065492716227e-5	2.2893747583777336e-5	3.5756207984038975e-5	5.688557075674993e-5	9.116422438185951e-5	0.00014650872496613498	0.0002356896148442278	0.0003792562090472196	0.000610214814833146	0.0009814702922443155	0.0015775671364403566	0.0025329742346353
716.0	2.464	934.4	1.56	1.0	6.0	1.0642875057860134e-5	0.007867576118597393	0.004900516086333462	0.0030489727108800814	0.0018956634557381255	0.0011780999435778616	0.0007319699048674551	0.0004547289405704166	0.0002825027611273706	0.00017555393135917753	0.00010918404206343476	6.805725656231544e-5	4.2667262100255294e-5	2.7143987731620162e-5	1.7898035527638367e-5	1.2791319845203159e-5	1.0642875057860134e-5	1.0955830972299569e-5	1.3802516672382373e-5	1.9841138839472442e-5	3.046784291047078e-5	4.813916131233703e-5	7.693898331452186e-5	0.0001235200268827817	0.00019863458074394422	0.00031960084797212797	0.0005142554146085187	0.0008272546771011508	0.0013300508068428715	0.0021365125840537885	0.003426950322377606
717.0	2.471	1000.0	1.423	1.0	6.0	1.0744987147253651e-5	0.007845463363497953	0.004886701625056044	0.0030403619302767897	0.0018903038925725106	0.0011747671720365005	0.0007298989778140641	0.0004534431577630967	0.00028170562134470587	0.00017506140996475543	0.00010888235927527083	6.787668965570879e-5	4.256606906279673e-5	2.7098772157388173e-5	1.7898342759169755e-5	1.2837221693062351e-5	1.0744987147253651e-5	1.1137767455833029e-5	1.4106349500482373e-5	2.0337122089617376e-5	3.12706453785858e-5	4.9434346180079565e-5	7.902581929254614e-5	0.00012688042871268556	0.00020404385613377802	0.0003283051726234033	0.0005282552953580236	0.0008497553622382333	0.0013661720163060107	0.002194391650109768	0.003519418134114674
718.0	2.41	656.7	1.631	1.0	6.0	1.223766245713215e-5	0.008042445080083673	0.005009771702335011	0.0031170797224859513	0.0019380610305264423	0.0012044725905337604	0.0007483701873244725	0.00046493178512006464	0.0002888608767433135	0.00017953511689419938	0.00011170802035608355	6.970736879227295e-5	4.3824989223291835e-5	2.8077027162083152e-5	1.8822154687437454e-5	1.3920234208126609e-5	1.223766245713215e-5	1.3385297453054546e-5	1.762845960274772e-5	2.594819356050625e-5	4.026786033574046e-5	6.389716968072154e-5	0.00010229556531687694	0.00016432948490064785	0.0002643090082003161	0.00042526131444249826	0.0006841628945345635	0.001100250180913481	0.0017680989363939351	0.0028379079126179788	0.004546195970968099
719.0	2.884	640.7	1.249	1.0	6.0	1.4414701714126595e-5	0.006729528974257363	0.004189846551546248	0.002606116427406885	0.0016200617563937403	0.0010067344799535012	0.0006254869176801587	0.00038860913089696725	0.0002414956970783516	0.00015019163069144052	9.360694561672031e-5	5.86651037490438e-5	3.7288767910858145e-5	2.4535572448050572e-5	1.7456556179459774e-5	1.4414701714126595e-5	1.4706533462381975e-5	1.8399459040004048e-5	2.634727416540548e-5	4.038733380967259e-5	6.376470392942284e-5	0.00010188061881251621	0.00016353633595300596	0.0002629548574423231	0.00042303463062068813	0.0006805529746534493	0.0010944331879444804	0.0017587580305696157	0.0028229559425644256	0.004522361731239894	0.007222600370518856
720.0	3.257	701.2	1.31	1.0	6.0	1.3336143494511269e-5	0.0059634435827509045	0.003711797118179192	0.002308348240665554	0.0014347974028021376	0.0008915483451667583	0.000553902086579916	0.0003441325829647222	0.00021386528024759655	0.00013302640265155986	8.294057361326469e-5	5.203207808171648e-5	3.315554841878951e-5	2.194644048514017e-5	1.5812780525072882e-5	1.3336143494511269e-5	1.3943759229126158e-5	1.777606605163634e-5	2.5719102853465544e-5	3.960914443123791e-5	6.265662780162325e-5	0.00010018666615777364	0.00016086546933768097	0.0002586912738419693	0.00041619720401236943	0.0006695731604709062	0.0010768046737374224	0.0017304889924665988	0.0027777273528212204	0.0044502723290253945	0.007108391875730513
721.0	3.441	594.8	1.049	1.0	6.0	1.6107606137977362e-5	0.005646366686744529	0.003514021546647317	0.002185195573613864	0.0013581974110570168	0.0008439447007366063	0.0005243467774507609	0.0003258139211694192	0.0002025557444099295	0.0001261138848838277	7.882772316190689e-5	4.976820656185971e-5	3.2217271433350467e-5	2.211682690422133e-5	1.7131251949521788e-5	1.6107606137977362e-5	1.8809094365515418e-5	2.5860254864609265e-5	3.889114814632061e-5	6.091364690684664e-5	9.70161618423319e-5	0.00015553566447037642	0.0002499733671295711	0.000402084948957248	0.000646828616967011	0.0010402344918527826	0.00167180793166526	0.00268380725993547	0.0043005243336417445	0.006871049924975479	0.01092751113984352
722.0	2.399	493.9	1.223	1.0	6.0	1.6741486957216332e-5	0.0080790271726064	0.005032632744513395	0.0031313366186402755	0.0019469448437333678	0.0012100122740934093	0.0007518370154720376	0.0004671237218424189	0.0002902833879134365	0.00018051662699176447	0.0001124753109830191	7.04378123961803e-5	4.4687487795719915e-5	2.9271042225637325e-5	2.0623822625220024e-5	1.6746216894742352e-5	1.6741486957216332e-5	2.0608441108875185e-5	2.9241062850044783e-5	4.463491658291186e-5	7.034772162558784e-5	0.00011231967918034737	0.00018024083589281126	0.000289775404272101	0.0004661411340779891	0.0007498293987529262	0.0012056804695027576	0.0019371352952263113	0.0031082550701957913	0.004976834480077149	0.007941930022566624
723.0	3.724	387.0	1.106	1.0	6.0	1.944275957285295e-5	0.005219526652141633	0.0032478579219601313	0.0020194893504670536	0.0012551435523817773	0.0007799100023637019	0.0004845990415637726	0.0003011903314794813	0.00018737296159792883	0.00011686491823604228	7.337520404293967e-5	4.685174459634719e-5	3.116260092008761e-5	2.2680108466882933e-5	1.944275957285295e-5	2.070185558843786e-5	2.674838005564133e-5	3.898008289255443e-5	6.022408147263489e-5	9.538893520376808e-5	0.00015259526739942901	0.0002450419093987592	0.00039402748613472387	0.0006337961109441858	0.0010192502203788644	0.0016381151569271148	0.002629861448264827	0.004214482375871111	0.006734616474649892	0.010713139421410774	0.016922056322291868
724.0	5.086	237.9	0.7783	1.0	6.0	2.9740032133234763e-5	0.003827162640007564	0.002380241370563218	0.0014795946255655938	0.0009195131821277901	0.0005714646645290021	0.0003553402524472433	0.0002213045397944425	0.0001384156339411334	8.752535361651313e-5	5.687243456662282e-5	3.937079405043952e-5	3.0973889717604065e-5	2.9740032133234763e-5	3.538364348320816e-5	4.920900157687292e-5	7.441094233078156e-5	0.00011681113885946851	0.00018619768479881572	0.0002985711195345854	0.00047979906565555157	0.0007714801143107382	0.0012402584468973706	0.001992450000444078	0.0031966182089325137	0.0051174558115935215	0.008164238501525367	0.012954241105883686	0.020381624587696805	0.03165877483115286	0.048256345894399935
725.0	3.796	218.8	1.132	1.0	6.0	2.58807987247048e-5	0.005121047137325465	0.003186473445017818	0.0019812969909759853	0.0012314242201278802	0.0007652220261933489	0.0004755624487558026	0.00029572173095082324	0.00018421012141526334	0.00011527731919035603	7.299604301140114e-5	4.759346756344909e-5	3.319678849669485e-5	2.6477193820661266e-5	2.58807987247048e-5	3.126947617303437e-5	4.388872182707063e-5	6.665493618718512e-5	0.0001048278089604479	0.00016722124503944487	0.000268227497836828	0.0004311086818150546	0.0006932808659940848	0.0011147200502742067	0.0017911964065327314	0.0028747929699678033	0.004604934888978333	0.00735336013904986	0.01168448476337081	0.01842482229545591	0.02871526126855176
726.0	4.313	319.1	1.079	1.0	6.0	2.1813827172726852e-5	0.00450995342078556	0.00280557899498521	0.0017442077874753779	0.0010839649745123265	0.000673543246560279	0.00041855919072073574	0.00026024834570835824	0.00016207702952374424	0.0001013712621844992	6.41030271728191e-5	4.165757141985155e-5	2.884549902037573e-5	2.2704300685005406e-5	2.1813827172726852e-5	2.5968015516649146e-5	3.6127118359979866e-5	5.463927779923383e-5	8.578218825340469e-5	0.00013674874280763548	0.00021930101511231047	0.0003524657645977534	0.0005668707386563897	0.0009116624516657571	0.0014654456337427047	0.002353366715594868	0.0037732619321919655	0.006034353615139634	0.009611225595479233	0.015211094006014336	0.023838524878852546
727.0	7.401	342.5	1.351	1.0	6.0	1.864377174972701e-5	0.0026331900033406686	0.0016369218040294714	0.001017239474424599	0.0006320506272439764	0.00039274349359391165	0.00024415454514867746	0.00015198898931782667	9.495815433010418e-5	5.988253199572569e-5	3.865392573452347e-5	2.6364163594117342e-5	2.0171465759771856e-5	1.864377174972701e-5	2.1427711337896982e-5	2.9166831770399716e-5	4.365012418415704e-5	6.822489471011711e-5	0.00010856860376860044	0.00017399591510961726	0.00027959736579231134	0.00044968907661405025	0.0007233320984476911	0.0011630969199470935	0.0018688416047911878	0.0029990331093526766	0.004802894034699904	0.00766675403352561	0.012175672564803218	0.019182813875555517	0.02985777195271747
728.0	5.758	335.5	1.086	1.0	6.0	2.100337840566517e-5	0.0033819987703521603	0.0021030064617900534	0.0013070960806812458	0.0008122141754441588	0.000504687757641114	0.0003136948677126756	0.00019517963381471566	0.00012177703814602629	7.652798975049832e-5	4.897403965485429e-5	3.27451181661132e-5	2.4088795090210125e-5	2.100337840566517e-5	2.27752912223878e-5	2.981405129355905e-5	4.374670165047774e-5	6.779325645394676e-5	0.00010750915884158205	0.00017206425446594429	0.0002763483393183644	0.00044437540155826955	0.0007147355644316614	0.0011492570437242075	0.001846628917605525	0.002963493538247264	0.004746275439421751	0.007577142256893243	0.012035277962674123	0.018966291540815722	0.029531708497100177
729.0	5.528	216.2	1.06	1.0	6.0	2.6645977988099856e-5	0.0035222314377728074	0.0021903385125057557	0.0013614462459624775	0.0008460443914577527	0.0005257804538217691	0.0003269122026833819	0.00020357226957393393	0.0001272836102317465	8.042112271770516e-5	5.2153769179469196e-5	3.594669430697635e-5	2.8052578945267217e-5	2.6645977988099856e-5	3.1401424668647625e-5	4.3418010644679755e-5	6.547285585655365e-5	0.00010266137989433013	0.0001635704844648424	0.00026225082593911105	0.00042143097766073593	0.0006776823957785771	0.0010896410442185213	0.0017509598804934046	0.0028104095614182372	0.004502321960150507	0.007190828405989833	0.011429533949023197	0.018030878222193417	0.02812032001468238	0.04311402508009607
730.0	4.311	250.0	1.275	1.0	6.0	2.2818651774920548e-5	0.004512038311555682	0.002806880204960008	0.0017450208353456365	0.001084475799620646	0.0006738691791840421	0.0004187752981570691	0.0002604044877842881	0.000162209271748702	0.00010151017114913232	6.428072215262495e-5	4.1915145537990114e-5	2.9242519349330067e-5	2.3332580563739684e-5	2.2818651774920548e-5	2.758172099521389e-5	3.8722768941827305e-5	5.8816799085957574e-5	9.250673235315846e-5	0.00014757290997334071	0.0002367213535954977	0.000380493482796913	0.0006119421280437399	0.0009840828699641834	0.001581658211059518	0.002539461706407542	0.004070265249581511	0.006505845558134259	0.010353450617256219	0.01636428409414979	0.025594596399489453
731.0	4.534	354.9	1.073	1.0	6.0	2.07408710322142e-5	0.004291068970731896	0.0026691921758564626	0.0016593311984913917	0.001031183852203313	0.0006407337367731863	0.00039816532962830433	0.00024756588856539335	0.00015417758637810723	9.642970835593267e-5	6.097719925161566e-5	3.962480722499227e-5	2.7435771078083227e-5	2.1591614599773012e-5	2.07408710322142e-5	2.4686677364817543e-5	3.434114249812853e-5	5.1935835963143025e-5	8.153662648467039e-5	0.00012998069396278405	0.00020844916690745697	0.00033503065947268983	0.0005388467808862174	0.0008666375094182199	0.0013931849880440255	0.0022376174611377655	0.0035884300491180123	0.005740680289926585	0.009148293520253146	0.014490317859844778	0.022737405517550987
732.0	3.48	409.8	1.164	1.0	6.0	1.8786093038499962e-5	0.005583445591565466	0.003474783214312657	0.0021607690227580987	0.0013430124349142697	0.0008345199656734922	0.0005185143805820128	0.00032222952438465787	0.00020039211709312572	0.00012487130642876868	7.821907361988533e-5	4.965281830640902e-5	3.256849373771341e-5	2.301589753227794e-5	1.8786093038499962e-5	1.8900898460280094e-5	2.3386735305307574e-5	3.3280611327886025e-5	5.086949694301443e-5	8.02180062408938e-5	0.00012810520556788728	0.00020558403867828538	0.0003305158095056053	0.0005316446500762937	0.000855099538579977	0.001374686924829165	0.002207994923861536	0.003541123524388033	0.005665490047099331	0.00902969236405104	0.014305471217845308
733.0	2.957	334.5	0.9211	1.0	6.0	2.3122578017321276e-5	0.006564499109728675	0.004086853909591818	0.0025419746318341156	0.0015801822218508327	0.0009819892126825293	0.00061018971068364	0.00037923629811407674	0.0002358849951866367	0.0001470475427359024	9.220312692982186e-5	5.867719233795572e-5	3.871967111739437e-5	2.7716248549349857e-5	2.3122578017321276e-5	2.3876329693813913e-5	3.015158363296669e-5	4.3398849347067165e-5	6.667973139961357e-5	0.0001053728535477627	0.00016841219624255405	0.0002703387596749761	0.0004346258568220511	0.0006990104495941226	0.0011239692146537733	0.001806058006979368	0.002898585362627824	0.004642857531078236	0.007413417269180325	0.011778657846517191	0.018570250016705852
734.0	3.319	373.4	1.424	1.0	6.0	1.754606131907874e-5	0.005852702285893806	0.0036427212770199628	0.0022653399169503497	0.001408056291579324	0.0008749465492083434	0.0005436219013180287	0.00033780489223535773	0.0002100298934603241	0.00013079753762707932	8.180322724295556e-5	5.172339260449424e-5	3.360420044134725e-5	2.325621287074467e-5	1.8286583930965732e-5	1.754606131907874e-5	2.0863304345049095e-5	2.9005184597146448e-5	4.3853817614472215e-5	6.884094679063478e-5	0.00010973925414034402	0.0001759912872984495	0.0002828773325919418	0.00045500804456578993	0.000731909419490883	0.0011768884218952037	0.0018909650280900603	0.003034420517801941	0.0048592589886428846	0.007755943839106971	0.01231536034512274
735.0	4.464	258.1	1.718	1.0	6.0	1.90356005769135e-5	0.004358059788414932	0.002710927619579488	0.001685296561018365	0.0010473195897229956	0.0006507466509591821	0.00040436151749485204	0.00025137466106372677	0.00015647839043137252	9.775411541782258e-5	6.163130295680186e-5	3.9759807218386694e-5	2.708286330715752e-5	2.0669180157322378e-5	1.90356005769135e-5	2.1804266941034767e-5	2.9615186523381227e-5	4.4273931908039677e-5	6.916832331898336e-5	0.00011004957492979971	0.00017635623764300525	0.0002833810970126455	0.000455766561629038	0.0007330966400199581	0.0011787751076189426	0.0018939776956654552	0.003039230700001151	0.004866914836610997	0.007768053559843866	0.012334321049777287	0.019427358934910488
736.0	3.415	205.1	1.607	1.0	6.0	2.2077499050168854e-5	0.00568912035796978	0.0035406965459998463	0.002201821374136667	0.0013685649420909518	0.0008504307484081629	0.0005284433086486705	0.00032846524153045537	0.00020437383794370774	0.0001275187707439762	8.014414024892392e-5	5.1300541099390975e-5	3.431988342828006e-5	2.527597017398815e-5	2.2077499050168854e-5	2.398474509352812e-5	3.143849169746036e-5	4.616165902223503e-5	7.155682583823486e-5	0.00011349065138114309	0.0001816441531913802	0.00029173473432867787	0.00046910732494228745	0.0007544825100407023	0.0012130812835630133	0.00194895583968573	0.0031271275401540603	0.00500686460775471	0.007989409590690244	0.01268079350584086	0.019960951862531925
737.0	2.932	149.5	2.055	1.0	6.0	2.3183860929414414e-5	0.006620101093450197	0.004121556793454681	0.002563592747321025	0.0015936331750730937	0.0009903520864536074	0.0006153863500156576	0.00038246382040420414	0.00023788802240804158	0.00014828862440401138	9.296902579103326e-5	5.914493929231341e-5	3.8997405656614886e-5	2.7868189482782273e-5	2.3183860929414414e-5	2.3861128022372855e-5	3.0056386661927995e-5	4.320165523494625e-5	6.633497352105948e-5	0.00010480090124447198	0.00016748104009167768	0.00026883374523676163	0.0004322007245016431	0.000695109021473016	0.0011177013232364572	0.00179600533233815	0.00288250331756517	0.00461723181195411	0.007372839698766773	0.01171503469647858	0.018472006157998336
738.0	2.84	133.0	2.184	1.0	6.0	2.3859151903231716e-5	0.006833089256467716	0.004254503620291497	0.0026464184992676717	0.0016451723259646178	0.0010224000759958994	0.0006353070668900589	0.0003948459116471261	0.00024558802617928566	0.00015308461909213826	9.596915510427377e-5	6.104265747681852e-5	4.023145538606623e-5	2.8723917659153915e-5	2.3859151903231716e-5	2.4512143084556256e-5	3.083366203304409e-5	4.42848886314139e-5	6.797451633031432e-5	0.00010737548567099547	0.00017158492295966105	0.0002754129846848751	0.00044276897659386	0.0007120898495346422	0.0011449686965328224	0.0018397281781831066	0.002952440991800553	0.004728659200676965	0.007549252679305253	0.011991571774969543	0.01889886296824496
739.0	2.281	137.7	1.526	1.0	6.0	2.838488856716974e-5	0.008493432194697718	0.005291623488128274	0.003292827948822404	0.002047514467959078	0.0012726205685492365	0.0007908481638902239	0.0004915154312355481	0.00030567966642312827	0.00019047163940580806	0.00011928886673115927	7.568474569275166e-5	4.958090781540134e-5	3.49425121677509e-5	2.838488856716974e-5	2.8391598236913434e-5	3.4963910764593866e-5	4.962082171989615e-5	7.574934498948432e-5	0.00011938509923244715	0.00019060102688164834	0.00030581841151847204	0.0004915565329805836	0.0007904413566934052	0.0012707425650366128	0.0020413367720346328	0.003274776770194925	0.005241848643978445	0.008360827819227104	0.013261537295874374	0.02085390460903352
740.0	1.97	114.7	1.141	1.0	6.0	3.535564699338286e-5	0.009821107573243526	0.006121894781609269	0.003810692136726756	0.002370006618698993	0.001473264896722403	0.0009156386190830171	0.0005691546041133535	0.00035406252786309935	0.00022076445078594994	0.0001384885801873701	8.822832114271458e-5	5.836803680738832e-5	4.2004911985549084e-5	3.535564699338286e-5	3.688258206462675e-5	4.6938240669159694e-5	6.78462499348309e-5	0.00010443675644650555	0.00016515822364331718	0.0002640175600788862	0.00042378382165705067	0.000681161650792691	0.0010950414124805239	0.0017595046417170654	0.0028240089132790156	0.004523952586802803	0.007225066680784026	0.011483235889854282	0.018113875871253404	0.028245724203629776
741.0	1.831	63.26	1.825	1.0	6.0	3.770300719757621e-5	0.010558800530395856	0.006583575878948299	0.004098792371957856	0.0025494635898664774	0.0015849256354774721	0.0009850732588881181	0.0006123234592564363	0.0003809116152281498	0.00023748871777795296	0.00014895033195576324	9.484495378036185e-5	6.266899186802688e-5	4.498457632764883e-5	3.770300719757621e-5	3.914042861061995e-5	4.962860161472855e-5	7.159096427502659e-5	0.00011010091605659186	0.0001740492913567592	0.0002781852800203154	0.0004464878728203951	0.000717608985795637	0.001153547840806963	0.0018533084987974729	0.002974052947946925	0.00476301960771225	0.00760359709951549	0.012076699732154717	0.019030166957566097	0.029627913259058135
742.0	1.623	59.79	1.359	1.0	6.0	4.4621576138388955e-5	0.01189589628201225	0.007421056370145804	0.004621667270277349	0.0028752753406890703	0.0017877116969131958	0.001111223976190848	0.0006908176751010614	0.0004298272188165667	0.00026810945003754335	0.00016834677212491199	0.00010749870436848324	7.150489102824908e-5	5.204548074295604e-5	4.4621576138388955e-5	4.751635248608453e-5	6.139815697575612e-5	8.947395507759477e-5	0.00013822751070463357	0.00021890958557530292	0.0003501156842853795	0.0005620238641718148	0.0009032117145170191	0.0014514724488100044	0.002330731699872725	0.0037369663892149216	0.005976603324622397	0.009520169807399795	0.01506937839371798	0.023622221173265286	0.03649127265145106
743.0	1.517	82.35	1.23	1.0	6.0	4.051813424896824e-5	0.012716533741872805	0.007935464129390418	0.004942974647133027	0.0030755118580208175	0.001912300701733354	0.0011886364496780674	0.0007388244818990069	0.00045947992820360246	0.0002862462663178524	0.00017915470372237993	0.00011347445206463612	7.40294021542395e-5	5.170224042501555e-5	4.133118226849283e-5	4.051813424896824e-5	4.90745685864368e-5	6.897744455389054e-5	0.00010482451686921272	0.0001648924583732659	0.0002630374033330897	0.0004218641415562684	0.0006778624970503853	0.0010896101746611193	0.0017507120303771968	0.002809890309538046	0.004501418621694775	0.0071893507939430465	0.011427187024334652	0.018027232957481487	0.028114800872597188
744.0	2.583	76.0	1.322	1.0	6.0	4.0893489214651336e-5	0.007507884460392257	0.004675882387876722	0.0029090418013795988	0.001808693422430721	0.0011242171948155622	0.0006988056273638221	0.0004346489205467238	0.00027087680564745096	0.0001696985593640959	0.00010774708569470532	7.070714346484718e-5	5.001707823600004e-5	4.0893489214651336e-5	4.122666688112592e-5	5.109303800934506e-5	7.27722251401394e-5	0.00011127206392818507	0.00017548084338261854	0.00028020743639019035	0.0004495660195948734	0.0007224490952017666	0.0011612539919588613	0.0018656234497547372	0.0029937234811641157	0.0047943364559302395	0.007653149947956621	0.012154324724682862	0.01914987465135469	0.029808170307407116	0.0455742167786781
745.0	2.067	65.63	0.8733	1.0	6.0	5.3552564627694844e-5	0.00936458473935284	0.0058363556525215365	0.0036326293446473468	0.0022592241629501974	0.0014045238157657344	0.00087318870414964	0.0005432353571402333	0.00033870149096815774	0.00021241747067571038	0.00013522845048456468	8.930226016740072e-5	6.402477565666319e-5	5.3552564627694844e-5	5.5464082419384586e-5	7.020006733998213e-5	0.00010116414875256735	0.0001555056416521875	0.00024576128399182067	0.0003927241655220235	0.0006301736667563339	0.0010124837880526045	0.001626673145417692	0.0026111832402828297	0.004184467065947242	0.006686876945886283	0.010638021008134843	0.016805576982828196	0.026264740236275952	0.04039375708338434	0.060706528593505546
746.0	1.542	90.89	0.8034	1.0	6.0	4.705935168558598e-5	0.012512957607460193	0.00780783450021725	0.004863259330509374	0.0030258549581577655	0.0018814433611192953	0.0011695295156721923	0.0007270827747334511	0.00045240091850421745	0.0002821977774534297	0.00017720235056490642	0.00011316743755503104	7.529698179841979e-5	5.4837616394492445e-5	4.705935168558598e-5	5.016341957219901e-5	6.486643345382355e-5	9.456486209756563e-5	0.0001461166225055426	0.0002314167123323572	0.0003701210965547351	0.0005941223962914127	0.0009547443810458989	0.0015341443320986293	0.0024631144369016734	0.003948273462682395	0.006312141798253089	0.010048608861227168	0.01589097803384101	0.024874662426986993	0.03834510765480003
747.0	1.716	59.81	1.294	1.0	6.0	4.54914860767518e-5	0.011258455100743192	0.007021701629202049	0.004372305033120907	0.0027198994029031774	0.0016910342182346885	0.0010511363092630536	0.0006535198180081756	0.00040673044238861663	0.0002538864260894813	0.00015971359740354685	0.00010246085728759862	6.889804278845143e-5	5.126701175763844e-5	4.54914860767518e-5	5.023567223654848e-5	6.659528539386306e-5	9.834948337302851e-5	0.00015283053017885553	0.00024260805190883368	0.00038836616883161895	0.0006236097971642502	0.0010022135413616283	0.0016103665615247148	0.00258518544550571	0.004143063083369111	0.0066212454836960186	0.01053486923935262	0.016645664207881175	0.026022012744625886	0.040036709590975654
748.0	1.941	81.75	1.308	1.0	6.0	3.87651574951859e-5	0.009966385506551682	0.006212801616275134	0.003867421787736859	0.002405355705375769	0.0014952832601046622	0.0009293699888828489	0.0005777559467101415	0.0003595158869647792	0.00022432826814550646	0.00014098600751027523	9.02365381478233e-5	6.035132748279604e-5	4.442187313343733e-5	3.87651574951859e-5	4.20729489036068e-5	5.510928187179092e-5	8.088619584272615e-5	0.00012535743285803133	0.00019878767660913191	0.0003181064635569486	0.0005107716167703434	0.0008209852708645293	0.0013195704204922037	0.002119460671851409	0.0033995454720412914	0.005440286531599321	0.008674216733880934	0.013750942707653598	0.02160501768634153	0.033489267986848856
749.0	2.852	101.8	1.096	1.0	6.0	3.845453356058066e-5	0.006804566619572844	0.0042367305378072356	0.0026353969024974703	0.001638396834362082	0.0010183205817117407	0.0006329866120504995	0.00039375035114008294	0.0002454649542226538	0.00015390594424834192	9.792496719105491e-5	6.458532292975205e-5	4.618026776826332e-5	3.845453356058066e-5	3.962157665767356e-5	4.995063866686639e-5	7.182836009049817e-5	0.00011030855578139748	0.0001742751501666935	0.00027848147243055645	0.00044692258679806504	0.0007182819466771221	0.0011546125858625598	0.0018550058592160608	0.002976761571998446	0.004767330448634967	0.007610417512292592	0.012087384175959122	0.0190466452896434	0.029652730593298995	0.045348209463306796
750.0	3.032	76.94	1.503	1.0	6.0	3.7525483173869056e-5	0.006403193168585846	0.003986219542354617	0.002479341432572253	0.0015412990363597888	0.0009579540275064323	0.0005954788209686691	0.00037046095326007626	0.00023102087927626982	0.00014497170516739077	9.243623861138866e-5	6.127343829250436e-5	4.427954754302297e-5	3.7525483173869056e-5	3.9449340484949976e-5	5.0495322293565164e-5	7.321574515698411e-5	0.00011285900260338329	0.00017857718940020314	0.0002855266173652732	0.00045833127822544895	0.00073666961787452	0.0011841721142875842	0.001902419672753579	0.0030526001210046646	0.004888125341933615	0.007801560304172854	0.01238675442965252	0.019508133372693744	0.030347215115788407	0.04635711139649908
751.0	4.637	65.72	1.775	1.0	6.0	3.769267480229632e-5	0.004196210622323798	0.0026101498667878177	0.0016226821796491546	0.0010085420349283337	0.0006268973717165247	0.0003899478101827808	0.0002430718679571172	0.0001523696925984241	9.689057629634893e-5	6.38136886807141e-5	4.5492981860913663e-5	3.769267480229632e-5	3.86089886569203e-5	4.845323306035695e-5	6.950007663222096e-5	0.000106611578230582	0.0001683561723033252	0.000268976032477661	0.0004316438578554429	0.0006937262372663756	0.0011151780514105363	0.0017917714940259505	0.0028756143766923772	0.004606182960480566	0.00735529918703588	0.011687502631058696	0.018429469489312057	0.028722266542155536	0.04399295186095629	0.06573936055033389
752.0	4.534	48.52	2.688	1.0	6.0	3.582026448508484e-5	0.00429111579196047	0.0026692675702911814	0.0016594526032442099	0.0010313793455952907	0.0006410485321234545	0.00039867223203042274	0.0002483821326907211	0.00015549194930030037	9.854616665163805e-5	6.43852247131065e-5	4.511255128320773e-5	3.62722956500165e-5	3.582026448508484e-5	4.365150680628613e-5	6.157564425176819e-5	9.373385320924977e-5	0.00014755242846734118	0.00023544936404889144	0.0003776779594628418	0.0006069374875744241	0.0009757460857661032	0.0015680984042129927	0.002517638513350441	0.004035376217636707	0.006450442302375691	0.010266272724579776	0.016228975693693613	0.025388897784113247	0.03910406695518754	0.05888958187633759
753.0	3.989	44.75	2.578	1.0	6.0	3.764109445025096e-5	0.00487452417439312	0.0030328357167946143	0.0018857227569402586	0.0011720849647856235	0.0007285005334811359	0.0004530070439617454	0.00028213174462489107	0.00017644861817301018	0.00011155159062760705	7.244530272921641e-5	5.009064588974231e-5	3.9319442186537915e-5	3.764109445025096e-5	4.466710729833356e-5	6.202091457624661e-5	9.3711844241102e-5	0.000147058243771362	0.0002343692166366716	0.00037576335045049093	0.0006037490154866191	0.0009705551298511367	0.0015597271160369339	0.002504209170226877	0.004013932187446949	0.006416402647283262	0.01021271241707006	0.01614583067653276	0.02526245562799154	0.0389175704778766	0.05862624027742518
754.0	5.72	56.48	1.681	1.0	6.0	4.138883186193829e-5	0.003404480912686956	0.0021170941493023486	0.001316003653880041	0.0008179847996490084	0.0005086494978127883	0.00031676145679807505	0.00019805932803429918	0.0001251354633068534	8.114170838293903e-5	5.590998672045247e-5	4.360724223778865e-5	4.138883186193829e-5	4.874132675987476e-5	6.736341781660998e-5	0.00010155703992480293	0.00015921746743260487	0.00025364663352279	0.0004065966890923359	0.0006532157372667817	0.001049957241172577	0.0016870712610313977	0.0027080289497762315	0.004339019448256601	0.0069319951465305965	0.011023188285294125	0.017402260266153168	0.027169314594915128	0.0417219093185212	0.06257015800058867	0.09087866676772141
755.0	5.774	48.62	1.629	0.9666666666666667	5.793103448275862	4.611150360093873e-5	0.0033727757696425057	0.002097379643899477	0.00130378228432699	0.0008104540338264083	0.0005040769090616622	0.00031409308511083205	0.00019667941678454964	0.00012472539707368964	8.160684092101004e-5	5.7357940453689235e-5	4.637284505938145e-5	4.611150360093873e-5	5.6512762072887295e-5	7.99795244814494e-5	0.00012193186531594219	0.0001920534501041846	0.0003065125807982846	0.0004916534554770067	0.0007899646429601026	0.0012695850462790675	0.0020392386825025246	0.003271273233568834	0.00523618123325542	0.008351816448665271	0.013247421466545792	0.020832200331330798	0.032333806955840656	0.04923073673174427	0.07296635958459989	0.1043798720738464
756.0	9.176	55.86	1.604	0.9666666666666667	5.793103448275862	4.2753157978864686e-5	0.0021250931771963975	0.0013209901102386222	0.0008211021735741612	0.0005106149947883274	0.00031802819595406226	0.00019891971594470924	0.00012578827115421572	8.173782998090064e-5	5.6587252143665876e-5	4.452225556987793e-5	4.2753157978864686e-5	5.087036463674008e-5	7.074920780519505e-5	0.00010698170902528008	0.00016793320503653231	0.00026766293087780713	0.0004291389722327564	0.0006894555272356764	0.001108167448820563	0.0017804347897477657	0.002857419993981669	0.004577153553884969	0.007309303949678387	0.011615356095586246	0.018318019208695715	0.02855403073296013	0.043747472094285804	0.06539784961662798	0.09458921567231582	0.13129953855207635
757.0	12.01	60.16	2.025	0.9666666666666667	5.793103448275862	3.704898775984332e-5	0.0016244911436130926	0.0010096577337067609	0.0006275761405256857	0.00039034597635260207	0.00024328126518657266	0.00015243865246386654	9.683501096179117e-5	6.362073504554765e-5	4.5118014901733334e-5	3.704898775984332e-5	3.7547754496876073e-5	4.672912720231438e-5	6.671465252014166e-5	0.00010212141118605724	0.00016112481643990623	0.0002573362999892293	0.00041291737552926177	0.000663617280216616	0.0010668142820885788	0.0017142025234906644	0.002751503943420469	0.004408368448203208	0.007041929301799988	0.011195819698886857	0.017669429607374977	0.027573749130822972	0.04231446012463057	0.06339916866932897	0.09196954316001381	0.12811627693754668
758.0	14.03	50.11	1.791	0.9333333333333333	5.586206896551724	4.243960415482688e-5	0.00139107413155269	0.000864652928876387	0.000537650044196347	0.00033477900880180586	0.00020925223216006677	0.00013208903255092477	8.546285679611815e-5	5.8597603399552554e-5	4.5282722668984886e-5	4.243960415482688e-5	4.94103819274338e-5	6.780547862243398e-5	0.00010187432975287981	0.0001594833367487747	0.00025392249305618243	0.00040694613551152083	0.0006537190633963882	0.0010507294949704939	0.0016882875406150004	0.00270996154358588	0.004342092305248256	0.0069368606763566916	0.011030826318612597	0.017414082195441518	0.027187216714062636	0.041748153993133426	0.06260690702728788	0.09092707735303837	0.12684378158891763	0.16892227803271812
759.0	11.52	52.61	1.609	0.9333333333333333	5.586206896551724	4.359114882737918e-5	0.0016935396508488785	0.001052667940204192	0.000654429410213726	0.0004072274109258174	0.00025408534134827184	0.00015966032362632425	0.00010214302257176873	6.824212806224873e-5	5.012133700300993e-5	4.359114882737918e-5	4.714134771272538e-5	6.159179919145992e-5	9.028087387330627e-5	0.00013983391046248564	0.0002216859013348433	0.0003547011905953096	0.0005694717704220474	0.0009152256387248986	0.0014707821307402963	0.0023616774723521253	0.003786383901500387	0.006055105395351943	0.009643864272537002	0.015261834090667588	0.02391591717653994	0.03692668290041668	0.05580550617960538	0.0818810827684118	0.11566020345925412	0.15619009238248815
760.0	9.744	58.22	2.386	0.9666666666666667	5.793103448275862	3.394825039837814e-5	0.002001410714462638	0.0012439956127127843	0.0007731355539037915	0.0004806394428216712	0.0002991329555875159	0.0001867431930669408	0.00011751756847922517	7.546138545924577e-5	5.085398408712898e-5	3.800647438238837e-5	3.394825039837814e-5	3.77406881208412e-5	5.026002026706155e-5	7.439913136776197e-5	0.00011573410448237044	0.00018380721970335802	0.0002943166646794212	0.00047270262463697894	0.000759915868250279	0.0012215916915612115	0.001962466168595006	0.003148645971857398	0.005041071078388779	0.008043466680736305	0.012765345756633262	0.020091060331388976	0.031222913832948906	0.04762607046055768	0.07076429100479642	0.10155203169217386
761.0	8.969	63.45	1.712	0.9666666666666667	5.793103448275862	3.840875311574283e-5	0.002173987139871129	0.001351363457531097	0.000839918946142607	0.0005222036642550523	0.0003250599212748528	0.000203017292864821	0.00012789803809466917	8.234722173253305e-5	5.583703467382877e-5	4.223891247901717e-5	3.840875311574283e-5	4.346059133024914e-5	5.8561566518837345e-5	8.720064030435975e-5	0.00013599202344700536	0.00021619571365558417	0.00034629785199214103	0.0005562244814769958	0.0008941034486892422	0.0014369847219875024	0.0023076063381960834	0.0037000918614545288	0.005918053076924918	0.00942791250315047	0.014925794556961297	0.02340298763318267	0.03616598385733898	0.05472310636386121	0.08042517504923234	0.11383593978441983
762.0	6.97	76.58	1.368	1.0	6.0	3.988972267451661e-5	0.002795663325449675	0.0017381307116525514	0.0010803371685491655	0.0006715319315591397	0.0004177016084108082	0.0002603470869191763	0.0001631552867721418	0.00010367854116840054	6.817297681095464e-5	4.843142888206129e-5	3.988972267451661e-5	4.057267077944879e-5	5.063757624012848e-5	7.240997919875095e-5	0.00011091929462510205	0.00017505606363441283	0.00027961266349981655	0.00044866436737293046	0.0007210337690541195	0.0011590021467628837	0.0018620258490408687	0.0029879777632858735	0.004785189475841554	0.007638677425548693	0.01213165493208702	0.01911491834271613	0.029755540308992922	0.045497706176101424	0.06782723196719538	0.09775395989625303
763.0	6.674	78.28	1.657	1.0	6.0	3.540261647894875e-5	0.0029192554534400728	0.0018150195357626766	0.0011281016405302407	0.0007011401327716338	0.00043597083331769294	0.0002714908630754462	0.00016974639833850706	0.00010723962748038901	6.952697986356722e-5	4.78912747131968e-5	3.73304731554017e-5	3.540261647894875e-5	4.1661573456793824e-5	5.755360678377266e-5	8.67505894237946e-5	0.0001359956921910379	0.00021665367654049038	0.00034731531278501914	0.0005580349096861485	0.0008971207812501098	0.0014418944788713065	0.002315512336566526	0.003712741422475829	0.005938165566047486	0.00945962196748648	0.014975160376081015	0.023478380800001933	0.036277878906715806	0.05488248501263169	0.08063983798869798
764.0	7.535	65.34	1.41	0.9666666666666667	5.793103448275862	4.175857278960495e-5	0.002586618694797039	0.0016080760767270775	0.0009995182463006496	0.0006213825466414121	0.00038667176285887324	0.00024127895394245694	0.0001516460320209917	9.706909765766164e-5	6.493577802124543e-5	4.7818150152649966e-5	4.175857278960495e-5	4.535564478545509e-5	5.9440141209879605e-5	8.726602744564085e-5	0.00013525962815843227	0.00021449689380259612	0.0003432416421967588	0.0005511090569833764	0.0008857586769937364	0.0014235140666323056	0.0022859803290953525	0.0036655290636140444	0.005863119347181573	0.009341307352415578	0.014790947489642166	0.023196985095040784	0.03586010544976039	0.054287142726393844	0.07983748159053108	0.11309759648808064
765.0	4.7	68.1	1.657	1.0	6.0	3.812825352341908e-5	0.004140201439648692	0.0025752608883465307	0.0016009790797980197	0.000995057539806505	0.0006185329854014911	0.00038477682323312883	0.0002399013498874295	0.00015046753048880804	9.581728710469936e-5	6.332121310568394e-5	4.546747964587389e-5	3.812825352341908e-5	3.960634658870766e-5	5.0242907538105393e-5	7.249563469673957e-5	0.00011150492678333848	0.00017627669945939143	0.00028174952603894946	0.00045220885946132525	0.0007267983924363987	0.0011683013756395	0.001876962062695477	0.0030118813472512092	0.004823272461179996	0.007698948703210408	0.01222606782564631	0.019260489711925274	0.02997467497972687	0.04581618927839063	0.06826792000510527
766.0	4.095	66.7	2.171	1.0	6.0	3.330375793116949e-5	0.00474893426174645	0.002954544236808578	0.0018369713703980247	0.0011417337039580431	0.0007095820941559338	0.00044116619963753914	0.00027463776119265664	0.00017157130785278867	0.00010816409911574572	6.976463040916025e-5	4.749700226879217e-5	3.621308990285009e-5	3.330375793116949e-5	3.809600567440472e-5	5.169718567465033e-5	7.72501394244934e-5	0.00012065730774398994	0.00019193858942769137	0.00030752991836965914	0.000494035854714078	0.0007942568277572033	0.0012767635080642387	0.00205092193529362	0.0032900564228876554	0.005266136186105403	0.00839918509312244	0.013321460183150408	0.0209459349842094	0.032504050236374524	0.04947615476055899
767.0	4.137	66.65	2.418	1.0	6.0	3.152028146221821e-5	0.004700943658527569	0.0029246289423292987	0.0018183434946314027	0.0011301357368245209	0.0007023512923191409	0.00043663781270398866	0.0002717673961885061	0.00016969623993291278	0.00010685110150404775	6.871020524685712e-5	4.645735506974255e-5	3.49478153522915e-5	3.152028146221821e-5	3.538197268877927e-5	4.742521593357095e-5	7.043303864704812e-5	0.00010972055448542288	0.0001743582632729649	0.000279254359638423	0.00044856254039777856	0.0007211644749618069	0.001159394597935117	0.0018627681903427174	0.0029892349564694925	0.004787235127838208	0.007641941326632168	0.01213678422416888	0.01912283788390896	0.029767470456575365	0.04551505420887738
768.0	7.65	73.49	1.83	1.0	6.0	3.544737244203417e-5	0.0025477854661616686	0.0015838625798426584	0.0009843818482695636	0.0006118447282321122	0.00038053520794298855	0.000237127720291259	0.0001485213086853642	9.424870489630057e-5	6.176763414829236e-5	4.356966989577111e-5	3.544737244203417e-5	3.552253363557721e-5	4.381208867112227e-5	6.223159460938644e-5	9.50366519762272e-5	0.00014980279128857905	0.00023916621105584527	0.0003837169268836382	0.0006166849312002384	0.0009914296886031912	0.0015932766087741078	0.0025579575504694977	0.0040997085740036715	0.006552519505409692	0.010426832863321482	0.016478120062729928	0.025767561761890972	0.0396621138033078	0.05967666182788872	0.08705120839898721
769.0	7.65	73.49	1.83	1.0	6.0	3.544737244203417e-5	0.0025477854661616686	0.0015838625798426584	0.0009843818482695636	0.0006118447282321122	0.00038053520794298855	0.000237127720291259	0.0001485213086853642	9.424870489630057e-5	6.176763414829236e-5	4.356966989577111e-5	3.544737244203417e-5	3.552253363557721e-5	4.381208867112227e-5	6.223159460938644e-5	9.50366519762272e-5	0.00014980279128857905	0.00023916621105584527	0.0003837169268836382	0.0006166849312002384	0.0009914296886031912	0.0015932766087741078	0.0025579575504694977	0.0040997085740036715	0.006552519505409692	0.010426832863321482	0.016478120062729928	0.025767561761890972	0.0396621138033078	0.05967666182788872	0.08705120839898721
770.0	5.506	57.17	1.903	1.0	6.0	3.836678073180685e-5	0.0035363092930965454	0.0021991581195550587	0.0013670188319749009	0.0008496477226213264	0.0005282436311109101	0.00032880325593952073	0.0002053279204094297	0.0001293096522696385	8.318602735553361e-5	5.6296926091626926e-5	4.242621576368395e-5	3.836678073180685e-5	4.317965267373619e-5	5.797674304524607e-5	8.617682668378718e-5	0.0001342928291241943	0.00021342917754341807	0.0003418267921428044	0.0005490217191797658	0.0008825209303689144	0.001418389567148011	0.0022778159910287507	0.0036525188466176453	0.005842463143154073	0.00930875227983045	0.014740256455616753	0.023119526353565647	0.03574504174380183	0.054123037890366925	0.0796160713399965
771.0	4.085	45.43	1.361	1.0	6.0	5.088275107936803e-5	0.004760581471268639	0.002961879893020154	0.0018416602983409554	0.0011448480456779132	0.0007118373694992303	0.0004430821650959722	0.0002766568250012412	0.00017416015263982003	0.00011192133803720336	7.555912445003907e-5	5.666870259613748e-5	5.088275107936803e-5	5.686296713379484e-5	7.59904145677653e-5	0.00011268294556610724	0.00017541116644746843	0.0002786422690425791	0.000446146448967397	0.00071639221202933	0.001151179540876881	0.001849254431067892	0.00296741013130406	0.004752340056356024	0.007586634041232623	0.012050085048063134	0.01898909281548048	0.0295660326558551	0.04522209468311924	0.0674455211869837	0.09725810524622439
772.0	5.263	53.01	1.469	1.0	6.0	4.57971582607345e-5	0.0036990115392696483	0.0023005109881088456	0.0014301234976251405	0.0008889675011853346	0.0005528215406927259	0.00034430402183649694	0.00021532896521728873	0.00013612107806243575	8.838203090306926e-5	6.10787600667258e-5	4.789954998491064e-5	4.57971582607345e-5	5.428486632043904e-5	7.532344271501293e-5	0.00011377241788297934	0.00017850788269081433	0.000284459373677098	0.0004560213822255553	0.0007325883141843238	0.0011773896231673964	0.001891403772611775	0.003034896531739453	0.0048598779114397165	0.007756837574186528	0.012316707663124695	0.019400185309566508	0.03018485569819163	0.046121443655050436	0.06868990496865271	0.0988726856811114
773.0	3.999	55.48	1.515	1.0	6.0	4.4280153723626076e-5	0.0048624209028968165	0.0030253178440402206	0.0018810856498122047	0.001169269372465372	0.0007268603808458942	0.0004521649732241337	0.00028189376414610205	0.00017675997941255387	0.00011248441056252441	7.421534629201815e-5	5.310725058547889e-5	4.4280153723626076e-5	4.5692865714022356e-5	5.767121675419298e-5	8.298253432594011e-5	0.00012747272170751125	0.00020141040377701604	0.0003218413188854037	0.0005164775005005569	0.0008299691833194268	0.0013338774993224443	0.002142315796690717	0.003436019174083779	0.005498266375119113	0.008765733331722345	0.013893753327605847	0.021823954018410568	0.03381605972763655	0.05136302360655604	0.07587634244874673
774.0	4.343	64.93	1.204	1.0	6.0	4.531321678082398e-5	0.004479028035282582	0.002786395203122353	0.0017324092451472717	0.0010768541030730184	0.0006694875087825551	0.0004166252372750146	0.00025999068930300734	0.00016343676546398908	0.00010466311489217268	7.00883799757262e-5	5.172060437496919e-5	4.531321678082398e-5	4.938436436471309e-5	6.487423178652131e-5	9.53611305816779e-5	0.0001478850116054825	0.00023456488305347215	0.00037537370614382036	0.0006026853381608036	0.0009685750181678566	0.0015563819096189224	0.0024987490954370083	0.004005155571022914	0.006402434677782372	0.01019071068268193	0.016111658308797957	0.025210469949855287	0.03884086684934251	0.05851788444187546	0.08550959021546978
775.0	4.882	91.81	0.8903	1.0	6.0	4.429454610299399e-5	0.003986511141705554	0.002479558477666871	0.0015414911367187586	0.0009581653839099674	0.0005957582273419242	0.00037087299562012796	0.0002316608392323198	0.00014598758183531778	9.406296771976148e-5	6.388721299848023e-5	4.848478971261844e-5	4.429454610299399e-5	5.0347167999167845e-5	6.804080229704386e-5	0.00010146275923040341	0.00015833007494741626	0.00025176183442287333	0.0004032810084150676	0.0006477086407461203	0.001041001364148331	0.0016726373473881547	0.0026848867643954094	0.004302092656247058	0.006873442090259185	0.010931211252363775	0.017259846626568424	0.02695358145394325	0.04140551189196691	0.062126885258860225	0.09029433400650642
776.0	3.984	120.3	0.5523	1.0	6.0	4.916505789637088e-5	0.004880663846778432	0.0030367140145936776	0.0018882195065290722	0.0011737709671377403	0.0007297631544929276	0.0004541373069794933	0.0002833906695236802	0.00017812721291549113	0.00011403800396402332	7.631452161375752e-5	5.623741113974769e-5	4.916505789637088e-5	5.346183908456338e-5	7.011990113022457e-5	0.00010298704915815328	0.0001596519182236152	0.00025318651622502944	0.00040513692414720457	0.0006504221727568906	0.0010451927282171824	0.0016792569256424575	0.0026954167344468774	0.004318843729662373	0.006899972814939227	0.01097286960875517	0.017324342735933324	0.027051288308514696	0.041548833614789456	0.0623277297758641	0.09055918076845353
777.0	3.744	123.3	0.6968	1.0	6.0	4.4298179245099254e-5	0.005191860887169748	0.0032306795053218887	0.0020089086431496813	0.0012487457843550803	0.0007762280125299359	0.00048278609637280646	0.0003008289995622628	0.00018838038975087755	0.00011947436791374904	7.81902582578373e-5	5.4985974617913985e-5	4.4497063370274934e-5	4.4298179245099254e-5	5.434266203538647e-5	7.695109721767605e-5	0.00011734558172387874	0.00018485087930071446	0.00029503382310971726	0.0004732589967310349	0.0007604397488412476	0.0012222032569829502	0.0019633043214380905	0.0031498980452854017	0.005043010051317678	0.008046499133797149	0.0127700691690744	0.020098315929295386	0.03123379537764789	0.04764181206291741	0.07078594177935464
778.0	2.991	115.4	0.7692	1.0	6.0	4.246992029652305e-5	0.006490411586492424	0.0040406644537655445	0.0025132801014030263	0.0015624547010795395	0.0009711707290504799	0.0006037944279078589	0.00037579139853163656	0.00023459616660220567	0.00014761763372848354	9.47643283448791e-5	6.382194338894423e-5	4.763776338066413e-5	4.246992029652305e-5	4.712314476466326e-5	6.267227073873307e-5	9.270949300436588e-5	0.00014417126441986031	0.0002289322677978888	0.0003665250894042494	0.0005885886379811046	0.0009460072232579996	0.0015202196638683914	0.0024408759045902186	0.0039128185511223025	0.006255881505377282	0.009960061803800177	0.01575342211035648	0.024665223037977423	0.03803563504760956	0.057378845795413025
779.0	3.801	143.0	0.8008	1.0	6.0	3.757629844369832e-5	0.005114381786802929	0.0031823541574822274	0.0019787908644284258	0.0012299593177649403	0.0007644625174980931	0.00047533382301009626	0.0002959715541896943	0.00018499634112888614	0.00011678183106016135	7.556681778852279e-5	5.1825038009388245e-5	4.006771961036351e-5	3.757629844369832e-5	4.3774313735084574e-5	6.009384285652933e-5	9.030534817938906e-5	0.00014138589125806423	0.0002251227903056014	0.00036081387338411083	0.0005796636412469027	0.0009318271336229781	0.0014975638711964313	0.0024046561755174064	0.003855045826495796	0.0061641784198534	0.009815685825996347	0.015529040674887019	0.024323370850545013	0.03753004626524825	0.0566622111296204
780.0	3.176	101.1	0.5714	1.0	6.0	5.384887291000045e-5	0.00611470894066841	0.003806270942524247	0.0023673531549883962	0.0014717754136611735	0.0009149724790165921	0.0005691592298217906	0.0003547395612287624	0.00022227069028204853	0.00014117245489328974	9.271054105209557e-5	6.568513648248878e-5	5.384887291000045e-5	5.4464914181949595e-5	6.767461247163533e-5	9.652909977178588e-5	0.0001476910465352354	0.00023296507859349414	0.00037200055203462563	0.0005967651471739622	0.0009587552525735717	0.0015404344803528292	0.002473096286050745	0.003964147267357475	0.006337303982469798	0.01008819057649386	0.015952444542483585	0.02496821265554436	0.03848326770393111	0.0580123906332914	0.08483549378912843
781.0	3.176	101.1	0.5714	1.0	6.0	5.384887291000045e-5	0.00611470894066841	0.003806270942524247	0.0023673531549883962	0.0014717754136611735	0.0009149724790165921	0.0005691592298217906	0.0003547395612287624	0.00022227069028204853	0.00014117245489328974	9.271054105209557e-5	6.568513648248878e-5	5.384887291000045e-5	5.4464914181949595e-5	6.767461247163533e-5	9.652909977178588e-5	0.0001476910465352354	0.00023296507859349414	0.00037200055203462563	0.0005967651471739622	0.0009587552525735717	0.0015404344803528292	0.002473096286050745	0.003964147267357475	0.006337303982469798	0.01008819057649386	0.015952444542483585	0.02496821265554436	0.03848326770393111	0.0580123906332914	0.08483549378912843
782.0	2.817	101.0	0.4952	1.0	6.0	5.7881623585612045e-5	0.006888590272962798	0.004289244673240864	0.002668214887085528	0.0016589798091450289	0.001031378997651436	0.0006415212853677101	0.00039972770594351773	0.0002502645383220086	0.0001586366698149054	0.00010368047411262067	7.269644787894173e-5	5.852255396421719e-5	5.7881623585612045e-5	7.062435019845551e-5	9.969370906562762e-5	0.00015180154916788282	0.0002389698796116364	0.00038128257350564335	0.0006114559608239388	0.0009822133461376598	0.001577984148272332	0.002533162158689608	0.004059956870763272	0.006489330867146413	0.010327377063089109	0.016323765615824524	0.025532976844284887	0.03931646621760832	0.059189304947978624	0.08640345149215793
783.0	2.603	100.1	0.5993	1.0	6.0	5.170852778027619e-5	0.007450664565767024	0.00464018122143524	0.002886849839861048	0.0017949742880147993	0.0011158352027770073	0.0006938366126377432	0.0004319492224279782	0.0002698241875775935	0.00017005039375484805	0.00010958504116420438	7.445636307577769e-5	5.654456736729489e-5	5.170852778027619e-5	5.8829491461457524e-5	7.955206262259633e-5	0.00011866229163869141	0.00018518809366641764	0.00029447016490488225	0.0004716657522073496	0.0007574527019006095	0.0012171425881834254	0.0019550279917368288	0.003136564728026283	0.005021721588400927	0.008012799947680834	0.012717326555737245	0.020017140447762677	0.031111947594206532	0.0474654591233303	0.07054330048604819
784.0	2.335	103.8	0.556	1.0	6.0	5.27184337136301e-5	0.008298701706594956	0.005169978870513272	0.003217080474954491	0.0020005130163231366	0.0012436372592674956	0.0007732349345916173	0.00048122003145935105	0.00030032921570896794	0.00018883185756725046	0.00012098170371433366	8.110211640406817e-5	5.9975722288479936e-5	5.27184337136301e-5	5.765182129825985e-5	7.59149569259579e-5	0.00011172598278422231	0.00017335207130743632	0.00027500663564422915	0.00044009814663871467	0.0007065445928754961	0.0011352865609093475	0.0018237215499768257	0.0029265404795792063	0.004687212865721214	0.007483529613036663	0.011888498391169271	0.018739767228655335	0.029190303181892526	0.04467516505893231	0.06668711312300174
785.0	2.698	140.1	0.5232	1.0	6.0	4.674124730805558e-5	0.007190193521422339	0.0044775095510421695	0.0027854565014964684	0.0017318371692571668	0.0010765178722853869	0.0006693099510923019	0.0004165655155495458	0.0002600350788942258	0.0001635955655451378	0.0001049730625755316	7.062115647332944e-5	5.259941040411477e-5	4.674124730805558e-5	5.169175017395751e-5	6.85942522483489e-5	0.00010135318769481897	0.00015753245288015346	0.00025009250942718467	0.00040035603051251286	0.0006428570358255476	0.0010331152995758889	0.0016599296588141537	0.002664512762093576	0.004269581273204505	0.006821884472684879	0.010850207384677851	0.01713438575307076	0.026763442641782723	0.04112646725064874	0.06173558730093003
786.0	2.59	255.9	0.438	1.0	6.0	3.857787666659368e-5	0.007487739660974303	0.0046632954598984895	0.0029011888928778358	0.0018037922279286822	0.0011211473110467626	0.0006968621376390042	0.0004333843006156885	0.00026999933415278003	0.00016900558920381696	0.00010707846279722214	6.990827931592702e-5	4.890324555197271e-5	3.920713094952042e-5	3.857787666659368e-5	4.686949334936342e-5	6.599785084101698e-5	0.00010038201173324735	0.0001579614539303569	0.0002520197460390223	0.0004042242152740095	0.0006495529891224015	0.001044167475620845	0.0016778421696025685	0.0026932947377817347	0.004315547901816215	0.006894802130672778	0.010964781063025042	0.01731183892848755	0.02703235857105016	0.04152107643443788
787.0	1.877	260.6	0.3841	1.0	6.0	4.0067580786488266e-5	0.01030270719117119	0.00642327828849115	0.0039987616404365545	0.0024871668660056013	0.001546188792177354	0.0009610278228080303	0.000597443236900404	0.00037176864780767385	0.00023197364938798247	0.00014578965611050881	9.330844495474798e-5	6.240157480569325e-5	4.5924485190059316e-5	4.0067580786488266e-5	4.3476334729705225e-5	5.693806614794105e-5	8.356299960769448e-5	0.00012950047483258967	0.00020535290460771337	0.0003286064483837467	0.0005276196988265639	0.0008480390541994017	0.0013629862093920953	0.002189020530298082	0.003510673261147982	0.005616994883918992	0.008953126575224355	0.014186064510531445	0.022271764987341562	0.03448374706636394
788.0	2.082	282.0	0.6174	1.0	6.0	3.116348833004314e-5	0.009297695118378019	0.0057944720177968865	0.003606425408341387	0.002242779892784532	0.0013940904665713945	0.0008663743473203674	0.0005384721271887432	0.0003348909042215131	0.00020867944226696673	0.00013069894420597247	8.293393508855425e-5	5.43449915100267e-5	3.832300576141437e-5	3.116348833004314e-5	3.1210833296710295e-5	3.847564623737105e-5	5.46368602718886e-5	8.342880037831495e-5	0.00013150150665194578	0.00020995002198405274	0.0003368578267001098	0.0005414206564000964	0.0008705477175588121	0.0013993212750353673	0.002247361448369803	0.003603939091135332	0.005765296695555747	0.009187096048681075	0.014550765387755968	0.022829847622124838
789.0	1.932	307.7	0.4069	1.0	6.0	3.6133278420155964e-5	0.010012342087989668	0.0062415533109792835	0.003885352816123038	0.002416509701879918	0.0015021997607389543	0.000933633088816559	0.0005803456009532909	0.0003610287067415632	0.00022511324132728252	0.00014122433779336323	8.998321745196138e-5	5.9547728401010546e-5	4.2882150864993994e-5	3.6133278420155964e-5	3.77404176807363e-5	4.8074607778366874e-5	6.952378999910775e-5	0.00010704299611140832	0.0001692947586672019	0.00027063804677065296	0.00043441157575318975	0.0006982343067958025	0.001122454973191634	0.001803463877652138	0.00289433300162832	0.0046360186368161315	0.0074025496187611235	0.011761595208912921	0.01854389046974734	0.02889491697179342
790.0	2.513	337.0	0.3527	1.0	6.0	3.708056244722024e-5	0.007715393072094296	0.004805486380474572	0.0029898032544865023	0.0018589360242813344	0.001155423521772458	0.0007181398637492035	0.0004465621193636728	0.0002781163053482917	0.0001739356433017878	0.00010996052485276295	7.140841462602621e-5	4.936822250234148e-5	3.874444377426678e-5	3.708056244722024e-5	4.3991439638090194e-5	6.107392789433621e-5	9.22747344024355e-5	0.00014479919021216365	0.00023076717915041203	0.00036998895997273035	0.0005944763676652239	0.0009556644422158052	0.001535838412861681	0.0024659618443384507	0.003952900773050719	0.006319538102219715	0.010060281632226694	0.0159091284082479	0.0249023025127425	0.03838594053463591
791.0	2.327	408.5	0.2892	1.0	6.0	3.690182463274399e-5	0.00832695141284243	0.0051875915983452675	0.0032279937699204652	0.0020071980266789867	0.0012476195891149748	0.0007754276817736694	0.00048212726832066023	0.000300159586928112	0.00018754568396034656	0.00011828136809209438	7.636308217149048e-5	5.21020856971962e-5	3.98895966054625e-5	3.690182463274399e-5	4.244757447684996e-5	5.780820446889885e-5	8.653274845121309e-5	0.00013525525521741082	0.00021521998327262971	0.0003448583028936565	0.0005539902701352955	0.0008905632614744468	0.0014313337530401258	0.0022985735617379655	0.0036856801591306897	0.005895162999150051	0.009391836597765664	0.01486963372347741	0.023317207032020112	0.03603864168701284
792.0	2.332	377.2	0.336	1.0	6.0	3.55647298636368e-5	0.008309243550672328	0.005176522421610017	0.0032210883160052133	0.0020028923149245327	0.0012449306350955475	0.0007737385539390364	0.0004810492265133719	0.000299444044130202	0.00018702743663005526	0.00011784066786068505	7.589804941316176e-5	5.150519090979402e-5	3.902281348225232e-5	3.55647298636368e-5	4.0331038425983475e-5	5.4423005874566496e-5	8.109671045761801e-5	0.00012651307590078108	0.00020115480533115443	0.0003222301608763649	0.0005175994341617656	0.0008320803774323866	0.0013374576823531991	0.0021481709922327526	0.0034454471993527517	0.005513304326461477	0.008789498416992543	0.013930850420713601	0.021880819964494713	0.03390090775514853
793.0	2.4	413.8	0.4	1.0	6.0	3.117025399429291e-5	0.008075709670315508	0.00503058109651788	0.0031300919065835515	0.001946225252765293	0.001209653727563894	0.0007517574981210308	0.0004673051940823337	0.0002907679555615644	0.0001814164112604671	0.00011399842952410235	7.293652858355546e-5	4.873968002297673e-5	3.581383330072365e-5	3.117025399429291e-5	3.373501835489363e-5	4.4100675052882504e-5	6.466267551327375e-5	0.00010017152664819779	0.0001588265451058204	0.0002541593562315876	0.0004081302485696354	0.0006561212137809685	0.0010548973087837743	0.0016951644746090674	0.002721085501725503	0.004359901700464955	0.006965134400226656	0.01107525478863102	0.017482869126586326	0.027291384316306115
794.0	3.06	318.7	0.2829	1.0	6.0	4.213720509743979e-5	0.006344989991177464	0.003949914682483386	0.0024567526676728775	0.0015272852650113173	0.000949306379857017	0.0005902097358383982	0.00036735661376907994	0.00022936517337520903	0.00014438241635241123	9.277734442517303e-5	6.26239128679837e-5	4.695170837329988e-5	4.213720509743979e-5	4.706682039194113e-5	6.28792793067243e-5	9.322761713142946e-5	0.0001451200863719007	0.00023053058319189222	0.0003691408788262647	0.0005928225408808769	0.0009528272416511427	0.0015311742080607374	0.0024584241810067914	0.003940828913597067	0.006300349559971967	0.010030063158799339	0.015862178769061396	0.024830826024700072	0.03828035424506245	0.057725314100528544
795.0	3.378	264.2	0.2364	1.0	6.0	5.1554690045459895e-5	0.005751165472335779	0.0035794836047914106	0.0022261163619867372	0.0013839073860991396	0.0008603383012404553	0.0005351954986226522	0.00033361911724519907	0.00020911960348931802	0.00013295331765167276	8.752404711095573e-5	6.233238303709493e-5	5.1554690045459895e-5	5.2698830411533796e-5	6.602828985654992e-5	9.462201144782895e-5	0.000145082696502649	0.0002290536844281381	0.0003658853033906541	0.0005870415803895113	0.0009432000056601557	0.0015155157108638828	0.0024332198821148342	0.0039005231603106783	0.0062363146700951085	0.009929228250371291	0.0157054924713043	0.02459221114638842	0.0379276936287116	0.05722593742445532	0.08378479266387676
796.0	3.378	264.2	0.2364	1.0	6.0	5.1554690045459895e-5	0.005751165472335779	0.0035794836047914106	0.0022261163619867372	0.0013839073860991396	0.0008603383012404553	0.0005351954986226522	0.00033361911724519907	0.00020911960348931802	0.00013295331765167276	8.752404711095573e-5	6.233238303709493e-5	5.1554690045459895e-5	5.2698830411533796e-5	6.602828985654992e-5	9.462201144782895e-5	0.000145082696502649	0.0002290536844281381	0.0003658853033906541	0.0005870415803895113	0.0009432000056601557	0.0015155157108638828	0.0024332198821148342	0.0039005231603106783	0.0062363146700951085	0.009929228250371291	0.0157054924713043	0.02459221114638842	0.0379276936287116	0.05722593742445532	0.08378479266387676
797.0	5.156	296.9	0.3152	1.0	6.0	4.137733001136288e-5	0.003775457042102294	0.00234809446433597	0.0014596850681707556	0.0009072802798795939	0.0005640962024041203	0.00035113862473167793	0.00021930053033008488	0.00013814672900139025	8.892972153589566e-5	6.0274977824929655e-5	4.5558391785910483e-5	4.137733001136288e-5	4.676465596594066e-5	6.296490997770823e-5	9.372074204079174e-5	0.00014613447226002134	0.00023230010020062014	0.00037207287170394	0.0005975901819147188	0.0009605204289838722	0.0015435393104929031	0.002478236391245107	0.00397245399728935	0.006350552770701574	0.010109080645245674	0.015984911905784816	0.025017637465942443	0.03855625463556796	0.05811561291109064	0.08497322620328669
798.0	5.942	266.0	0.337	1.0	6.0	4.304708650745071e-5	0.0032777195053084506	0.002038185618386692	0.0012669425365051054	0.0007875188808722393	0.000489769209264773	0.00030511430233483864	0.00019095701415199295	0.00012093747465199553	7.88779439454535e-5	5.505718360978248e-5	4.3968247635731294e-5	4.304708650745071e-5	5.208011201719418e-5	7.315426770365887e-5	0.00011113753856594223	0.000174798925443288	0.00027882116536945354	0.00044715673139614714	0.0007184646200159438	0.0011547858416355596	0.0018552092661826534	0.0029770408864927935	0.00476774698642525	0.0076110593157104845	0.012088379054136908	0.019048173267978814	0.029655027951461823	0.045351548381246394	0.06762484990074523	0.09749112434280939
799.0	5.942	266.0	0.337	1.0	6.0	4.304708650745071e-5	0.0032777195053084506	0.002038185618386692	0.0012669425365051054	0.0007875188808722393	0.000489769209264773	0.00030511430233483864	0.00019095701415199295	0.00012093747465199553	7.88779439454535e-5	5.505718360978248e-5	4.3968247635731294e-5	4.304708650745071e-5	5.208011201719418e-5	7.315426770365887e-5	0.00011113753856594223	0.000174798925443288	0.00027882116536945354	0.00044715673139614714	0.0007184646200159438	0.0011547858416355596	0.0018552092661826534	0.0029770408864927935	0.00476774698642525	0.0076110593157104845	0.012088379054136908	0.019048173267978814	0.029655027951461823	0.045351548381246394	0.06762484990074523	0.09749112434280939
800.0	4.424	265.3	0.3801	1.0	6.0	4.036055419818412e-5	0.004397359337946155	0.0027354828594341207	0.0017006874674607448	0.0010570673499254732	0.0006570908632300363	0.0004087637255289333	0.0002548507855062298	0.00015983152554748689	0.00010175942744356413	6.721497401620608e-5	4.821308302746809e-5	4.036055419818412e-5	4.184151848932958e-5	5.2997715964957427e-5	7.640677442191708e-5	0.00011747585126241742	0.00018568548512315673	0.00029676478771096	0.0004762840530131087	0.0007654517962046812	0.0012303440926664363	0.0019764119784435913	0.0031708892164978137	0.005076446945529748	0.008099377124806616	0.012852787408777122	0.020225579476558744	0.03142474629212243	0.0479180353690355	0.07116573343230265
801.0	3.038	262.7	0.4874	1.0	6.0	3.5932292524060334e-5	0.006390622800335154	0.003978370100500558	0.0024744439301399314	0.0015382388067974235	0.0009560302834644349	0.0005942493395161312	0.00036964242373180615	0.0002304243957588725	0.00014445946977937468	9.188984439481054e-5	6.056654506767736e-5	4.324869077380139e-5	3.5932292524060334e-5	3.6925453936973564e-5	4.645729888308023e-5	6.673040202988606e-5	0.0001024283004232912	0.00016179360856601762	0.0002585211166083129	0.000414890799590909	0.0006668319970334167	0.001072004161691673	0.001722543062384404	0.002764860400960336	0.004429667135699321	0.007075684288432316	0.011248810449620415	0.01775140631162127	0.027697769448062286	0.04249601022540553
802.0	2.44	294.0	0.3466	1.0	6.0	4.036477485324803e-5	0.00794439276391973	0.004948552661705171	0.0030789883659764305	0.0019144638175919632	0.001189980282093928	0.0007396574421781074	0.00045999373942169636	0.0002865594057869415	0.00017933945649508927	0.00011357349466805227	7.406562096801056e-5	5.1684005281884564e-5	4.125427546940683e-5	4.036477485324803e-5	4.880930591906939e-5	6.853897688354849e-5	0.00010411156054464603	0.00016374044491529054	0.00026118073384754725	0.00041887557627038404	0.000673056454184641	0.0010818896111417123	0.0017383286983051068	0.0027900761375155166	0.004469835942409672	0.0071393147985618	0.011348670063783548	0.017905839300235277	0.027931308155180534	0.04283768010069514
803.0	2.8	220.0	0.343	1.0	6.0	4.6058879452397034e-5	0.006930083903030249	0.0043151096147486315	0.0026842673939661567	0.001668868101677408	0.001037365087930423	0.0006449799850349251	0.0004014552149980954	0.00025065895974155593	0.00015778868306481536	0.00010139377798930359	6.84421845211494e-5	5.1317001896956804e-5	4.6058879452397034e-5	5.145161684937767e-5	6.874077771187322e-5	0.00010192013603228664	0.00015865061548570188	0.0002520196303719338	0.0004035355750491368	0.0006480185768957868	0.0010414376361045604	0.001673299011410324	0.0026859221114326915	0.004303729035689082	0.006876027310974675	0.010935266689309239	0.01726612328305543	0.02696308960158034	0.04141946010144527	0.06214643502030233
804.0	2.378	187.2	0.2874	1.0	6.0	5.4548960283013053e-5	0.008149873427486813	0.005076982574098151	0.003159115405615715	0.0019644481954194633	0.001221238320075427	0.0007593627468430399	0.00047268219976731606	0.00029515727747294067	0.00018583202714345324	0.00011946109459627465	8.070938175607768e-5	6.0620126425351964e-5	5.4548960283013053e-5	6.109157778581949e-5	8.175878133182986e-5	0.00012132358327389589	0.00018891838193660945	0.00030012940847867943	0.000480555626659758	0.0007716106596004232	0.0012397950715816808	0.001991290436979252	0.003194506845199158	0.0051139363588633465	0.008158577718835948	0.01294532995119449	0.02036788576789349	0.03163815422969605	0.04822653492874678	0.07158952820948469
805.0	2.406	217.4	0.3498	1.0	6.0	4.641565008230429e-5	0.008055768188255295	0.0050181556199983355	0.0031224017876170435	0.0019415281359330629	0.0012068773049321965	0.0007502650720625319	0.00046675369565081477	0.0002910306429030563	0.00018255434535681126	0.000116274896075997	7.687803357375407e-5	5.525772641066408e-5	4.641565008230429e-5	4.830713403156405e-5	6.136858135612279e-5	8.86173656431866e-5	0.000136346298787889	0.00021556997855770197	0.00034454870353436246	0.0005529507906013963	0.0008885569020313049	0.0014279052844982296	0.0022929526888629433	0.003676624850457525	0.0058807262153135545	0.009369049094704134	0.014834135801987376	0.023262966595305336	0.0359580954388157	0.05442684952763042
806.0	2.278	191.1	0.3155	1.0	6.0	5.174155119976768e-5	0.00850457755895064	0.005298644103233237	0.003297293065069929	0.002050435580019326	0.0012746650498748823	0.0007924856792738441	0.0004931234729949793	0.0003076296624506999	0.00019321438982513393	0.00012345861618803664	8.224577699347104e-5	6.005046970792526e-5	5.174155119976768e-5	5.5397529652003935e-5	7.186234641508916e-5	0.00010493898790191007	0.0001622641688941063	0.0002570616325873172	0.00041116698798003684	0.0006599910732825725	0.0010604858098220435	0.0017037396431590468	0.002734567720854943	0.004381248534095497	0.0069988764275560065	0.011128181460213217	0.017564745864742166	0.027415310675208904	0.042082410899855836	0.06307469308671383
807.0	1.728	221.9	0.2916	1.0	6.0	4.9873520674534204e-5	0.011181155331743351	0.006973295361635765	0.004342098556695174	0.002701102320819448	0.0016793751931243473	0.0010439483089021376	0.0006491518004098381	0.000404176577261066	0.0002525577556088898	0.00015930347950582325	0.00010287468227738317	7.023158862624556e-5	5.38286629515351e-5	4.9873520674534204e-5	5.7451069174855286e-5	7.831152250628533e-5	0.00011727292695707918	0.00018332908380341964	0.00029171287438497676	0.0004673758777202897	0.0007506468777535855	0.0012062694725312208	0.001937631333792387	0.0031087710402308674	0.004977485057065424	0.007942853921015654	0.012607887386138456	0.019848688999239656	0.030859008259831115	0.047099166213333536
808.0	1.774	256.4	0.3389	1.0	6.0	4.2970209318920084e-5	0.010894374549134096	0.006793687278776312	0.004229954092936063	0.00263119889026157	0.001635822960129111	0.0010167819992155079	0.0006321299685220151	0.00039337848407002473	0.00024549222861844415	0.00015433880819252087	9.886358006998442e-5	6.624676619502335e-5	4.894875129099954e-5	4.2970209318920084e-5	4.692845544766992e-5	6.173768579210776e-5	9.081917667200085e-5	0.00014088885121133998	0.00022350074613763492	0.00035769381024452617	0.0005743294689207852	0.0009230594253614007	0.0014833716146169745	0.0023818515712620307	0.0038185966474528223	0.006106269093173697	0.009724463303625497	0.015387192733522605	0.024107115925696487	0.03720991221943494
809.0	1.481	268.3	0.3461	1.0	6.0	4.2484601606639046e-5	0.01302162131844174	0.008126792705080387	0.005062522832723661	0.0031500407735151376	0.0019587020457995357	0.0012175080285805882	0.0007567918979862209	0.00047067865473392944	0.00029325860553633046	0.0001835994791114175	0.00011637849441849077	7.606390755968948e-5	5.333756587290106e-5	4.294545196307362e-5	4.2484601606639046e-5	5.184785071215562e-5	7.319848420541255e-5	0.0001114683702256324	0.00017549265033436478	0.00028003761302427567	0.00044917564901091614	0.0007217488237740454	0.0011600842659658928	0.0018637199306629194	0.0029906618223840176	0.004789449106137675	0.0076454089617027125	0.012142194368340768	0.019131167231667023	0.029780003499590344
810.0	1.994	210.4	0.2861	1.0	6.0	5.286202665642387e-5	0.00970408436015001	0.00604871696933882	0.003765095896504535	0.002341703879353065	0.0014558097181599356	0.0009050326594677046	0.0005629598786039756	0.00035085209920644327	0.0002197980371539554	0.0001395435139427002	9.154887476279906e-5	6.47221999955388e-5	5.286202665642387e-5	5.3225997953635344e-5	6.589725167130495e-5	9.38026301188558e-5	0.00014338592892641699	0.00022608831183900833	0.0003609686292343521	0.0005790445870294554	0.0009302941072652099	0.0014947700877692338	0.002399975478218446	0.003847446809784123	0.006152033412141526	0.009796511357558452	0.015499201790602971	0.024277872339679974	0.03746270168315855	0.05656666386473329
811.0	2.102	163.9	0.2139	1.0	6.0	6.790655394950599e-5	0.009210143369656004	0.005739814275465322	0.003572489320325252	0.0022218993075773853	0.0013815069679036843	0.0008592050509410728	0.0005350695194427141	0.00033447211659631197	0.0002111491723112686	0.00013662893182658716	9.369572483970093e-5	7.242720362469622e-5	6.790655394950599e-5	7.908743984895725e-5	0.00010855122158908383	0.00016309952882662932	0.0002553149048079831	0.00040643835420047045	0.000651197693212958	0.0010456218535601603	0.0016794393014010213	0.0026953955638097677	0.004318616731556512	0.006899494111420345	0.010972045017759767	0.017323021918634326	0.027049261082333957	0.04154584486231659	0.0623235334555291	0.09055364380230534
812.0	2.102	163.9	0.2139	1.0	6.0	6.790655394950599e-5	0.009210143369656004	0.005739814275465322	0.003572489320325252	0.0022218993075773853	0.0013815069679036843	0.0008592050509410728	0.0005350695194427141	0.00033447211659631197	0.0002111491723112686	0.00013662893182658716	9.369572483970093e-5	7.242720362469622e-5	6.790655394950599e-5	7.908743984895725e-5	0.00010855122158908383	0.00016309952882662932	0.0002553149048079831	0.00040643835420047045	0.000651197693212958	0.0010456218535601603	0.0016794393014010213	0.0026953955638097677	0.004318616731556512	0.006899494111420345	0.010972045017759767	0.017323021918634326	0.027049261082333957	0.04154584486231659	0.0623235334555291	0.09055364380230534
813.0	2.102	163.9	0.2139	1.0	6.0	6.790655394950599e-5	0.009210143369656004	0.005739814275465322	0.003572489320325252	0.0022218993075773853	0.0013815069679036843	0.0008592050509410728	0.0005350695194427141	0.00033447211659631197	0.0002111491723112686	0.00013662893182658716	9.369572483970093e-5	7.242720362469622e-5	6.790655394950599e-5	7.908743984895725e-5	0.00010855122158908383	0.00016309952882662932	0.0002553149048079831	0.00040643835420047045	0.000651197693212958	0.0010456218535601603	0.0016794393014010213	0.0026953955638097677	0.004318616731556512	0.006899494111420345	0.010972045017759767	0.017323021918634326	0.027049261082333957	0.04154584486231659	0.0623235334555291	0.09055364380230534
814.0	2.102	163.9	0.2139	1.0	6.0	6.790655394950599e-5	0.009210143369656004	0.005739814275465322	0.003572489320325252	0.0022218993075773853	0.0013815069679036843	0.0008592050509410728	0.0005350695194427141	0.00033447211659631197	0.0002111491723112686	0.00013662893182658716	9.369572483970093e-5	7.242720362469622e-5	6.790655394950599e-5	7.908743984895725e-5	0.00010855122158908383	0.00016309952882662932	0.0002553149048079831	0.00040643835420047045	0.000651197693212958	0.0010456218535601603	0.0016794393014010213	0.0026953955638097677	0.004318616731556512	0.006899494111420345	0.010972045017759767	0.017323021918634326	0.027049261082333957	0.04154584486231659	0.0623235334555291	0.09055364380230534
815.0	2.102	163.9	0.2139	1.0	6.0	6.790655394950599e-5	0.009210143369656004	0.005739814275465322	0.003572489320325252	0.0022218993075773853	0.0013815069679036843	0.0008592050509410728	0.0005350695194427141	0.00033447211659631197	0.0002111491723112686	0.00013662893182658716	9.369572483970093e-5	7.242720362469622e-5	6.790655394950599e-5	7.908743984895725e-5	0.00010855122158908383	0.00016309952882662932	0.0002553149048079831	0.00040643835420047045	0.000651197693212958	0.0010456218535601603	0.0016794393014010213	0.0026953955638097677	0.004318616731556512	0.006899494111420345	0.010972045017759767	0.017323021918634326	0.027049261082333957	0.04154584486231659	0.0623235334555291	0.09055364380230534
816.0	1.579	149.1	0.1895	1.0	6.0	7.550187156087369e-5	0.012223403983525165	0.00762638885193902	0.0047500294087399345	0.0029554625870158763	0.0018379229707516436	0.0011429377284635418	0.000711316653075093	0.00044383231537227166	0.0002788519754773014	0.00017830820178726847	0.00011898161704161704	8.716424541051517e-5	7.550187156087369e-5	8.12975404288147e-5	0.00010588810888981223	0.0001549499533005332	0.00023980114178421877	0.0003799908519303163	0.0006077474775032195	0.0009752432665305663	0.001566173610213637	0.002513864901249861	0.00402892788176905	0.006439946692216939	0.010249599784504442	0.016202998288687372	0.0253493387253102	0.03904569327334568	0.05880715223372962	0.08589489367915445
817.0	2.413	175.5	0.2224	1.0	6.0	6.512542498743891e-5	0.008032648547798157	0.005003770898453312	0.0031135328518435207	0.0019361656900648344	0.0012037973717395356	0.000748761611543163	0.00046648141463300684	0.00029192749827908573	0.00018482810195441453	0.00012045151141763997	8.392338422015137e-5	6.680090999875995e-5	6.512542498743891e-5	7.850823026024566e-5	0.0001100395261076163	0.00016699826097034678	0.0002625223361333452	0.0004186125269963255	0.0006711312433582625	0.001077865583267476	0.001731297363787356	0.0027784682694376914	0.004451112360188931	0.0071095131858545275	0.011301815669928258	0.01783333257521304	0.02782164455693854	0.04267725458908311	0.06390598654917587	0.09263520336306036
818.0	2.413	175.5	0.2224	1.0	6.0	6.512542498743891e-5	0.008032648547798157	0.005003770898453312	0.0031135328518435207	0.0019361656900648344	0.0012037973717395356	0.000748761611543163	0.00046648141463300684	0.00029192749827908573	0.00018482810195441453	0.00012045151141763997	8.392338422015137e-5	6.680090999875995e-5	6.512542498743891e-5	7.850823026024566e-5	0.0001100395261076163	0.00016699826097034678	0.0002625223361333452	0.0004186125269963255	0.0006711312433582625	0.001077865583267476	0.001731297363787356	0.0027784682694376914	0.004451112360188931	0.0071095131858545275	0.011301815669928258	0.01783333257521304	0.02782164455693854	0.04267725458908311	0.06390598654917587	0.09263520336306036
819.0	2.901	136.8	0.2128	0.9666666666666667	5.793103448275862	7.420715013177622e-5	0.006690554283894516	0.004165713017439708	0.002591394290170956	0.0016114050535671759	0.0010021639331975272	0.000623954282295884	0.000389763341033699	0.0002456049859307632	0.0001582068250730042	0.00010738179684440488	8.138502656365534e-5	7.420715013177622e-5	8.418754792964568e-5	0.00011362976279078826	0.00016932965419429608	0.00026413394463566103	0.0004198767636767586	0.0006723396967451148	0.0010792956771407643	0.0017332745264401807	0.00278143610908985	0.004455722375650046	0.007116743275684599	0.01131311781160904	0.017850783973879902	0.02784801789107067	0.0427158271298772	0.06395983446218106	0.09270587013227434	0.12901309303894903
820.0	3.685	162.4	0.2732	0.9666666666666667	5.793103448275862	6.0200060361721385e-5	0.005274627930815457	0.003282363564367474	0.002041213316521433	0.0012690455880290288	0.0007891803763292914	0.0004913721399482284	0.0003070288941296042	0.0001936258668970776	0.00012497772590354698	8.522389054604372e-5	6.517623924647384e-5	6.0200060361721385e-5	6.914398815073933e-5	9.407324675585679e-5	0.0001407440490008194	0.0002199257018880132	0.00034986723782559756	0.0005604556219452398	0.0008999667406036665	0.001445815127439526	0.0023213918839857443	0.0037218819479337617	0.005952534410491896	0.009482174265378254	0.015010205821569747	0.02353185897761219	0.03635721015036015	0.05499543479663399	0.0807919001481838	0.11429609599712742
821.0	3.128	195.2	0.2824	1.0	6.0	5.503180744935918e-5	0.006207960084417835	0.0038644564965868815	0.0024035984125651434	0.0014943343592570659	0.0009290126590120026	0.0005779085646911468	0.00036021414179108444	0.000225733796917175	0.00014342392066494264	9.427065091809298e-5	6.691453612952609e-5	5.503180744935918e-5	5.587488081602972e-5	6.963752594961035e-5	9.94984927271458e-5	0.00015235252421236231	0.00024039375883948145	0.00038390680644249985	0.0006158826512723302	0.0009894538216627224	0.0015896808124627548	0.002551937525634996	0.0040899418957940845	0.006536924499392991	0.010402245856123033	0.016439939982797334	0.025709532142948147	0.0395766258807985	0.059556168450449455	0.08689113836445655
822.0	2.523	166.9	0.2957	1.0	6.0	5.730401145395995e-5	0.007685109472698943	0.00478663000906655	0.0029781480330029445	0.0018518388274153931	0.001151263257882771	0.0007159622193634678	0.0004458664893218792	0.000278742972911408	0.00017602998053953928	0.00011400704110683622	7.83429434735279e-5	6.079432062691047e-5	5.730401145395995e-5	6.706415909536262e-5	9.232876281913474e-5	0.00013893173717856926	0.0002176271281936169	0.00034655263062930846	0.0005553631394333663	0.0008919308937821396	0.001433009116161638	0.0023009355491284155	0.0036892530754094577	0.005900717355667685	0.009400516858273616	0.014883102290785898	0.023337753488884436	0.036069130384558654	0.054585099444122626	0.08023921273102086
823.0	2.964	176.6	0.4788	1.0	6.0	4.351114141967049e-5	0.00654914964830503	0.004077325495390479	0.002536121871218464	0.0015766741423511854	0.0009800232405140698	0.0006093145490270989	0.0003792508493891884	0.00023679312736711827	0.00014905947445179014	9.578422913392723e-5	6.465567103982794e-5	4.8478087018147976e-5	4.351114141967049e-5	4.860598848615066e-5	6.493947487939638e-5	9.628486810949732e-5	0.00014988030635501787	0.00023809169725121278	0.0003812438103964143	0.0006122462524228788	0.0009840118490440663	0.0015811974777849604	0.002538509480517565	0.004068613517107636	0.006503143280708334	0.010349150305706767	0.016357581047434087	0.02558439082030336	0.03939225122152673	0.059296208808086566
824.0	3.913	219.7	0.4307	1.0	6.0	4.217167618088632e-5	0.004968741327805362	0.0030915787838744105	0.0019223101070471392	0.0011948747271305863	0.0007427233594354792	0.0004619368623872593	0.00028782784468425044	0.00018022607487294315	0.00011428315449595054	7.476237307657763e-5	5.2528953973767375e-5	4.244279970019415e-5	4.217167618088632e-5	5.165228692323032e-5	7.307505560979498e-5	0.00011138853249744819	0.0001754379416201267	0.0002799953870033943	0.0004491361565114083	0.0007217029743695723	0.0011600215675851404	0.0018636261708475856	0.002990516056483959	0.004789219508984396	0.007645047198907352	0.012141628623594218	0.01913029542098557	0.029778691232516707	0.0455313624530513	0.06787382178786969
825.0	3.222	296.8	0.4708	1.0	6.0	3.4307507741972336e-5	0.0060278727181278845	0.003752030617839941	0.0023334683195017653	0.0014505272895987543	0.0009014925365709132	0.0005603475158556093	0.0003485649404538688	0.00021730774492323746	0.0001362743953574789	8.674498936012423e-5	5.727266147957901e-5	4.1044226333045244e-5	3.4307507741972336e-5	3.55046346009697e-5	4.49119241576731e-5	6.470324749302002e-5	9.945100360683036e-5	0.00015717881156664722	0.0002512046940719521	0.0004031888505086	0.0006480594076219914	0.0010418742583651497	0.0016742292942057478	0.0026875532129631424	0.004306417765728702	0.006880343784707245	0.010942080051920225	0.017276693840420868	0.02697911722197897	0.041442980252558506
826.0	2.647	306.2	0.3886	1.0	6.0	3.7382005021839385e-5	0.007327681065832932	0.004563334049564026	0.002838890677947301	0.0017650151457119796	0.0010970261935257647	0.0006818581789499782	0.0004240428174808591	0.00026416579058883167	0.00016533310682011022	0.00010471856077982328	6.831550582822177e-5	4.7709362532626965e-5	3.813608234460033e-5	3.7382005021839385e-5	4.5272314344652185e-5	6.36302017735336e-5	9.66968980429683e-5	0.0001521081203145206	0.00024264841279613022	0.0003891777781533254	0.000625378141439521	0.0010053418590038928	0.001615563558579287	0.0025936150221978157	0.004156577547221168	0.006642723916249109	0.010568662783361582	0.016698079989137273	0.026101600102700292	0.0401538194782347
827.0	1.512	292.6	0.3976	1.0	6.0	3.737634957246773e-5	0.012758045011050713	0.007961490088388472	0.00495922860677696	0.0030856334573722663	0.0019185843632875596	0.001192517430595267	0.0007411933990925287	0.0004608819682259539	0.00028700465159035924	0.00017944443231904668	0.0001133623799546366	7.348955680773198e-5	5.060976247739448e-5	3.9433443781227505e-5	3.737634957246773e-5	4.396243122343461e-5	6.071346286642887e-5	9.149957960310242e-5	0.00014343042203328094	0.00022848914753412873	0.00036627718002117736	0.0005884785311046917	0.0009460092659444479	0.0015203338444085427	0.0024411273855607053	0.003913262309785293	0.00625661209140893	0.009961227937666255	0.015755243775312722	0.02466800320450249
828.0	1.581	292.7	0.6175	1.0	6.0	2.980203243619916e-5	0.01220803350226774	0.007616659549612356	0.004743799038239982	0.0029513323519680095	0.001834954022280495	0.0011404497634952544	0.0007087367177910528	0.0004405646830236141	0.00027414130053721945	0.00017106520424231452	0.00010753135031705629	6.885891845152123e-5	4.6108876212260123e-5	3.402154493365278e-5	2.980203243619916e-5	3.2474472433150923e-5	4.265634506979407e-5	6.270070111124536e-5	9.723861064578549e-5	0.0001542455710760956	0.0002468739628600722	0.00039646356022479906	0.0006373958818769852	0.001024836585416464	0.0016469552336594235	0.0026439358025156135	0.004236882666941872	0.006770109374027146	0.010768899185746635	0.0170084495604585
829.0	1.938	225.5	0.7614	1.0	6.0	3.101306771559011e-5	0.009981645204439296	0.006222336367498358	0.00387334870617876	0.0024090112433535838	0.0014974995456950094	0.0009306544444221845	0.0005784036457633708	0.0003596758590152773	0.00022403721551208272	0.0001401765049760003	8.872133061037563e-5	5.7779988340910324e-5	4.019976686852095e-5	3.1915972786561375e-5	3.101306771559011e-5	3.728196632904674e-5	5.217142279539546e-5	7.912201118967402e-5	0.0001243588815006817	0.0001983237322615638	0.0003180696028643811	0.0005111527343371918	0.0008218710093643776	0.0013211617555853694	0.0021221156659102874	0.003403852593162263	0.005447176841276298	0.008685120033359079	0.013767975748836892	0.021631145647563178
830.0	2.188	178.5	0.945	1.0	6.0	3.1249823387414184e-5	0.008851249278659356	0.005515306410379611	0.0034323165094817397	0.0021343715711410224	0.0013266637870021647	0.0008244718153229702	0.000512455476612295	0.00031876346426444325	0.0001987191623171262	0.00012460526396424038	7.929868734838994e-5	5.232786956867045e-5	3.7457657971659264e-5	3.1249823387414184e-5	3.22687877767788e-5	4.07497652786437e-5	5.865272123850465e-5	9.011419771997029e-5	0.00014240006368620325	0.00022757568951482253	0.0003652698120719545	0.0005871454413620419	0.0009440451649334506	0.0015172922823377703	0.0024363249828790448	0.003905639715436779	0.006244536652830388	0.009942233293405819	0.015725738431020705	0.024623071245128875
831.0	1.608	188.7	0.9834	1.0	6.0	2.9406423625181178e-5	0.012005509424246767	0.007489726145658633	0.004664517651109226	0.002901920782019077	0.0018041997136833269	0.0011213233296467348	0.000696846893162556	0.00043317407241833347	0.0002695454264339054	0.00016820299606182007	0.00010574155661500928	6.772787439455872e-5	4.5375102261941284e-5	3.351537701202479e-5	2.9406423625181178e-5	3.209794120411813e-5	4.221183163083655e-5	6.20854558086215e-5	9.631048575512878e-5	0.0001527902873791649	0.0002445559190784239	0.00039274916673534907	0.0006314326108635446	0.001015262138806522	0.0016315987687629632	0.0026193575331169908	0.004197683971294957	0.00670794849812535	0.010671208895171374	0.016857060461957327
832.0	1.683	289.8	0.6288	1.0	6.0	2.964006246620118e-5	0.011476647740299242	0.007158352206461108	0.004457583270216379	0.0027729685048172577	0.0017239504468103794	0.0010714282288907348	0.0006658479324011152	0.00041393339501084755	0.0002576252501205851	0.00016085113593434909	0.00010125949545250768	6.507970414971814e-5	4.394862333810698e-5	3.298077006285347e-5	2.964006246620118e-5	3.315381739555363e-5	4.433399845132239e-5	6.576432715655645e-5	0.00010239586880211639	0.00016268691018497404	0.0002605456847143832	0.0004185121040077793	0.0006728804016180587	0.001081860018012593	0.0017384380936479747	0.0027903482125594737	0.004470329512438685	0.007140133618301015	0.011349977584836642	0.017907874745454102
833.0	1.829	378.5	0.7199	1.0	6.0	2.4391090574472253e-5	0.010570205673116216	0.0065906972929915715	0.004103207305441012	0.002552165914468879	0.0015865297766273286	0.0009859461287925876	0.0006126653523034547	0.0003808009934409435	0.0002368997622326341	0.00014774674253378284	9.274834071295122e-5	5.919446577776409e-5	3.932861638469934e-5	2.8557686208321236e-5	2.4391090574472253e-5	2.5865240642307825e-5	3.332074142653633e-5	4.848083899472297e-5	7.48489396737538e-5	0.00011851613103394532	0.00018956278818471492	0.0003043714679335465	0.0004893680181726319	0.0007870097192123106	0.0012652860303397574	0.0020326239757203933	0.0032608711262513035	0.005219733980538963	0.008325893129523153	0.013206950468078118
834.0	1.57	448.1	0.7076	1.0	6.0	2.2677459032067524e-5	0.012292507965953516	0.007669602591239299	0.004776856564640668	0.002971916025714327	0.0018477335118457663	0.0011483454655418078	0.0007135611135352161	0.0004434282877957088	0.0002757043729651523	0.00017168846635435582	0.00010735864933721521	6.785020218922364e-5	4.403082217312823e-5	3.039357074037244e-5	2.3785174407601788e-5	2.2677459032067524e-5	2.6814119710577793e-5	3.715133167759413e-5	5.607835805377456e-5	8.796865292335073e-5	0.0001401874687951012	0.00022478521842589816	0.00036125841632532354	0.0005809913945814146	0.0009343407374166023	0.0015018332116907428	0.002411639197936178	0.0038662821691416733	0.006182075451810472	0.009843903121183446
835.0	1.782	354.2	0.38	1.0	6.0	3.528394692071427e-5	0.010845982070561887	0.006763371068373942	0.004211006750717527	0.002619356903074894	0.0016283935901220987	0.0010120648325194414	0.0006290409240009158	0.00039120579698799035	0.00024373443301346797	0.00015258976469215184	9.671893696375068e-5	6.321060296643366e-5	4.431897096101979e-5	3.5676259723699906e-5	3.528394692071427e-5	4.305090029710175e-5	6.077191090906842e-5	9.254128254458236e-5	0.00014569565857786444	0.00023250014021969576	0.0003729572362727862	0.0005993613479180622	0.0009635827099681474	0.0015485872262127338	0.0024864021421620868	0.0039855359254102815	0.006371347578646584	0.010141824668552488	0.01603577228754518	0.025095035441764217
836.0	2.087	322.0	0.4529	1.0	6.0	3.3475756568692746e-5	0.009275631388456124	0.005780677835861588	0.0035978289327571068	0.0022374390674013223	0.0013907879673302715	0.0008643533033235928	0.0005372677913713716	0.000334225773127308	0.0002084000838368964	0.00013074090158460885	8.330696848558675e-5	5.513539064031456e-5	3.9713561447824976e-5	3.3475756568692746e-5	3.497945518252148e-5	4.457186427670897e-5	6.446966581289678e-5	9.926988875707079e-5	0.00015700830139449862	0.00025100541912771154	0.0004029148930006754	0.0006476478474358626	0.0010412310482868284	0.0016732086070804914	0.0026859265224741637	0.004303828108241192	0.006876240985523256	0.010935636961314596	0.01726671765787508	0.026964002736181502
837.0	2.222	489.4	0.5225	1.0	6.0	2.518467699292341e-5	0.008716984089182875	0.0054313587657379364	0.003379952671141267	0.0021017461475145265	0.0013063340861519353	0.0008117758227486045	0.0005044722661408937	0.0003136526308080744	0.00019530097231260448	0.00012209004894342285	7.710507708007076e-5	4.9948671856298545e-5	3.4342696312157806e-5	2.6678772837512767e-5	2.518467699292341e-5	2.9514733089559535e-5	4.06697466164577e-5	6.122783817506693e-5	9.593894874544544e-5	0.00015281879350978272	0.0002449907752553127	0.00039369020398672625	0.0006330955507756979	0.0010180266216455731	0.0016360913652170557	0.002626584405024598	0.004209232508681729	0.006726276729424669	0.010700023701444614	0.016901724796837107
838.0	1.836	357.9	0.5689	1.0	6.0	2.8059711205454142e-5	0.010530334555663025	0.006565742063555959	0.004087639605276697	0.0025424801092599693	0.0015805225720601514	0.00098224244845782	0.0006104141282475611	0.0003794836953656241	0.0002362125490466552	0.0001475309929880939	9.295427713130117e-5	5.9869759494774044e-5	4.0629454685895746e-5	3.0784901171928166e-5	2.8059711205454142e-5	3.182353097444371e-5	4.294617998687961e-5	6.399816387549201e-5	9.984329165699533e-5	0.00015875861423785337	0.00025433586304871123	0.00040859161150290124	0.0006569730910148367	0.00105633402065287	0.0016975113396420082	0.002724867414960248	0.0043659476546604025	0.006974727053974907	0.011090324124089812	0.01750619601931786
839.0	2.072	320.8	0.8465	1.0	6.0	2.428251127969561e-5	0.009342139890469843	0.00582226029701744	0.003623744558190717	0.002253542214162824	0.0014007488768007365	0.0008704547907354788	0.0005409129105038193	0.0003362544385048188	0.00020928027778613665	0.00013067573175831883	8.228119016610605e-5	5.2911712562845306e-5	3.577771604115675e-5	2.6917582627545005e-5	2.428251127969561e-5	2.726302695233341e-5	3.6547984270396965e-5	5.4283419431082546e-5	8.456753451471491e-5	0.0001343949750624297	0.0002152653266780132	0.00034581885324374575	0.0005560858406650646	0.0008942724585766708	0.0014374988125387819	0.0023085801412659123	0.003701739674488166	0.005920728254466174	0.009432164107557966	0.014932434384168311
840.0	1.5	511.9	1.139	1.0	6.0	1.6952193436860774e-5	0.012858775132968998	0.008024636082700615	0.0049986481674376415	0.003110151697826523	0.0019337583653243977	0.0012018126343247785	0.0007467425711465619	0.0004639619393269893	0.00028832521602829294	0.00017931003187499463	0.00011174156055781517	7.000733208744817e-5	4.446076520604152e-5	2.919565953344879e-5	2.0682351461225072e-5	1.6952193436860774e-5	1.714254219375724e-5	2.1297310088077665e-5	3.0377012122975445e-5	4.648052605151263e-5	7.33294755870517e-5	0.0001171262449862401	0.00018798141034018407	0.00030223384522407997	0.0004861823159755851	0.0007820457520751775	0.0012574127774614677	0.002020064396958711	0.0032408329608831664	0.0051878693584320726
841.0	1.652	619.6	1.575	1.0	6.0	1.287369817942247e-5	0.011689474819958095	0.00729167452916331	0.004540809535241296	0.0028247906220550244	0.0017561375218547047	0.0010913406631990416	0.0006780586443291228	0.0004212539442732157	0.0002617438919998509	0.00016271856150513913	0.00010130688524750095	6.331775138151006e-5	3.99697459052928e-5	2.5864767610755407e-5	1.7741323082948153e-5	1.3720888351427127e-5	1.287369817942247e-5	1.5003786045197992e-5	2.0603632558647293e-5	3.0967905464914103e-5	4.849244013308357e-5	7.72271692173255e-5	0.00012380973261243318	0.00019899270940076585	0.00032010996895301375	0.0005150326084913927	0.0008284779643497846	0.0013319986475831085	0.002139623991940317	0.0034319154806537956
842.0	1.164	726.3	1.171	1.0	6.0	1.3943352813759052e-5	0.016509291382688925	0.010317116377405412	0.0064322636237693544	0.004004315147460533	0.002490539393613471	0.00154814730575938	0.0009620202397826193	0.0005976971318520865	0.00037134198867273506	0.00023076747052109848	0.00014352488810452486	8.946126857429155e-5	5.6082247167873905e-5	3.5671588499255456e-5	2.351013448681369e-5	1.6785730063861205e-5	1.3943352813759052e-5	1.4325655804516455e-5	1.8020971476138646e-5	2.5883656691414073e-5	3.973140195684588e-5	6.276485880549931e-5	0.00010030588751758363	0.000161023216547727	0.00025892393239947695	0.0004165583289031332	0.0006701456150841403	0.0010777191569969478	0.001731952629055659	0.002780067412189848
843.0	1.056	893.4	1.295	1.0	6.0	1.177508525347059e-5	0.0181670603723689	0.01136028480959035	0.007085443574097236	0.0044120350649829825	0.002744546239417492	0.001706197146736024	0.001060283064367884	0.0006587507179464466	0.0004092494386910756	0.0002542738558430687	0.00015805820317018904	9.837946946499902e-5	6.144665579590245e-5	3.872239051464864e-5	2.4952729520959688e-5	1.695369317144426e-5	1.2875517954112952e-5	1.177508525347059e-5	1.339787363758011e-5	1.8119079293204402e-5	2.7030272948370635e-5	4.219151986790931e-5	6.710694300662677e-5	0.00010753285035447955	0.00017280308024005388	0.00027797226584981664	0.0004472576565194403	0.0007195366680601374	0.0011570716752935927	0.0018592239479213219
844.0	1.392	989.9	1.398	1.0	6.0	1.1045322870184151e-5	0.01384262216345373	0.008641849864956589	0.005384376332408114	0.0033506327881294034	0.002083454374532648	0.0012948967882861334	0.0008045698015662841	0.000499839426595596	0.00031052477959686055	0.00019295597169025053	0.00011998604019652486	7.475563962001315e-5	4.681051243704836e-5	2.969007715717854e-5	1.943571515964082e-5	1.367618227395463e-5	1.1079555941317408e-5	1.1045322870184151e-5	1.3565524035327943e-5	1.9222873165703265e-5	2.9325373767814697e-5	4.620841961027824e-5	7.377384413705684e-5	0.00011838953595248436	0.000190354951204399	0.0003062643964858016	0.0004927963912618916	0.0007927583904911057	0.001274663746347548	0.0020477460484893744
845.0	1.532	856.4	1.289	1.0	6.0	1.2050377354790652e-5	0.012593565377911514	0.007858333373030527	0.00489474291446201	0.003045375896389944	0.001893427460005761	0.0011767139572335644	0.0007311158271235685	0.00045421018742659565	0.00028219972125978113	0.0001753966590042469	0.00010913621781612018	6.81078405615043e-5	4.282796117626607e-5	2.745197060340659e-5	1.842453151905868e-5	1.3658092057579657e-5	1.2050377354790652e-5	1.3229556736883023e-5	1.7468246962927735e-5	2.574646238268828e-5	3.997797269382158e-5	6.345212776182514e-5	0.00010159256232436857	0.0001632062472703833	0.0002625065739382816	0.0004223649396020213	0.0006795081957426138	0.0010927747986805279	0.0017561105033500402	0.0028187275620071557
846.0	1.215	828.6	1.593	1.0	6.0	1.1091343175620565e-5	0.01582727811226284	0.009888334056669964	0.006163929858616956	0.0038368744765677645	0.002386242360040622	0.0014832510842902442	0.0009216624140922844	0.0005726005106767915	0.0003557241623096284	0.00022102482266963579	0.00013740741331792997	8.555538302769721e-5	5.348508780250398e-5	3.3782675238649747e-5	2.189267599851225e-5	1.506567606921942e-5	1.1722917296383397e-5	1.1091343175620565e-5	1.3024859314033156e-5	1.797052083948074e-5	2.70718030647766e-5	4.243271874045244e-5	6.760352969250894e-5	0.00010839950570466874	0.0001742398048471015	0.00028031020775460186	0.0004510345910921767	0.0007256185128061098	0.0011668453845452339	0.001874899354083542
847.0	1.091	1000.0	1.259	1.0	6.0	1.1283436818874409e-5	0.017594505287907583	0.010999848940138918	0.006859697329707758	0.004271098576169483	0.002656733113084634	0.0016515512564245348	0.0010263027944762615	0.0006376300640602495	0.00039612408139057985	0.00024611606883323794	0.0001529843079012091	9.52171558951559e-5	5.9465000674773836e-5	3.746325363370306e-5	2.41249666246902e-5	1.636588660175798e-5	1.2391731700453626e-5	1.1283436818874409e-5	1.278466494144603e-5	1.7242510341486005e-5	2.5687668267170845e-5	4.007250918121835e-5	6.372182187048086e-5	0.00010209969159370094	0.00016406784847297339	0.00026392126556270623	0.0004246582225104269	0.0006832060926016956	0.001098721278483191	0.0017656517984142325
848.0	1.07	928.3	1.071	1.0	6.0	1.2803355764152907e-5	0.01793362451071418	0.011213313208327268	0.006993386227376844	0.00435456043038701	0.0027087359934495794	0.0016839145606492693	0.0010464309853693132	0.0006501472412321052	0.0004039131792528117	0.000250973899188897	0.0001560325930110963	9.716020866743664e-5	6.075194155580461e-5	3.839162176582963e-5	2.4909433447045127e-5	1.718786510726885e-5	1.3441316155413293e-5	1.2803355764152907e-5	1.5126401289554038e-5	2.0947550550256918e-5	3.1612631173728214e-5	4.958699097667424e-5	7.902444763202964e-5	0.00012672477841515752	0.00020369807143356673	0.00032768965094094604	0.000527228637506311	0.0008480826007684838	0.0013634726690750676	0.0021900578654490284
849.0	1.468	1000.0	0.8724	1.0	6.0	1.3556794404356316e-5	0.01313539090783849	0.008198122584286115	0.005107048917815953	0.0031777243514960387	0.001975814807655152	0.0012279570322282554	0.0007629741365978578	0.0004740163602786965	0.0002945207898880012	0.00018307693252672837	0.00011394993888810802	7.116753337603971e-5	4.484096400891175e-5	2.888373062724076e-5	1.9606137444619584e-5	1.486280175706661e-5	1.3556794404356316e-5	1.538604554639627e-5	2.0773464829366817e-5	3.096459718481908e-5	4.831524920043564e-5	7.683517564514279e-5	0.00012311243382244572	0.00019782924251489682	0.00031821230448452994	0.0005119645897763837	0.000823537090112933	0.0013240604381504276	0.002126899457255335	0.00341158201818526
850.0	0.8782	674.1	0.6072	1.0	6.0	1.986856513521179e-5	0.02176508856792052	0.013628934150264107	0.008507758171985803	0.005300567095212677	0.0032983872242163628	0.0020509477530521276	0.0012747112840140156	0.0007920757362878847	0.0004921621831123274	0.0003058945644633982	0.00019030414873898302	0.000118700160585913	7.453863778551484e-5	4.761232510967631e-5	3.169618676987272e-5	2.3110087141690427e-5	1.986856513521179e-5	2.122195495582112e-5	2.7483033623687718e-5	4.009913122390581e-5	6.19861579807951e-5	9.820110767400615e-5	0.0001571067312405703	0.00025229296004908883	0.00040568708287269575	0.0006525400300407561	0.0010493596828225565	0.0016864150061771462	0.002707165706942165	0.004337758473581748
851.0	0.7777	772.4	0.3831	1.0	6.0	2.329568385452434e-5	0.024508783181901358	0.015363100817917539	0.009596640204772225	0.0059814484091410165	0.0037230442277233957	0.002315376805681801	0.0014392089049007793	0.0008943537504285098	0.0005557466226147264	0.0003454414602369327	0.0002149406769527549	0.00013411682731160574	8.429813645715627e-5	5.397071861582809e-5	3.612360759208556e-5	2.663032723443258e-5	2.329568385452434e-5	2.5348457904533022e-5	3.326305011748301e-5	4.8868845551999295e-5	7.577224225598028e-5	0.00012018790520371128	0.0001923687333528013	0.0003089580873804473	0.0004967897510860882	0.0007989666373804703	0.0012845011303700392	0.002063432170869074	0.003310117906291837	0.005298096620378994
852.0	0.503	1000.0	0.5564	1.0	6.0	1.7142678036789986e-5	0.03739300172930165	0.023555564904698584	0.014760199581001672	0.009217912443063006	0.005744559537590755	0.0035752662609895933	0.0022233338259771175	0.0013819244958251876	0.0008586997001255138	0.0005335234677820413	0.0003315274385497059	0.00020612471083579061	0.0001283626488875105	8.02759604627282e-5	5.075070318651179e-5	3.296119545375676e-5	2.279420623651293e-5	1.7898735322228163e-5	1.7142678036789986e-5	2.0351105650642452e-5	2.8265740891915914e-5	4.2716190636579706e-5	6.704223300047543e-5	0.00010686398170792663	0.00017137584691992908	0.00027545784669863444	0.00044307780203844304	0.0007127331569636086	0.001146092928627817	0.0018415873149128358
853.0	0.4041	835.1	0.5496	1.0	6.0	1.8681152210937505e-5	0.04612244511314373	0.02915248973585905	0.018306486613849666	0.011448083241506644	0.007140446806695703	0.004446385120580683	0.0027659615843011022	0.0017195429045519773	0.0010686118135789754	0.0006639755675268127	0.00041257370388000605	0.00025646440684801017	0.00015962091085545865	9.967546250307764e-5	6.277555593924526e-5	4.039149713434923e-5	2.7348045235007644e-5	2.062917208317684e-5	1.8681152210937505e-5	2.1053422992286834e-5	2.82943529221867e-5	4.2077786132088914e-5	6.558935476757527e-5	0.00010426111095103784	0.0001670222947215728	0.00026835009702220444	0.0004315807045795874	0.0006942102377939938	0.0011163185031941548	0.0017938253515558228
854.0	0.4651	583.0	0.6459	1.0	6.0	2.1092242145287688e-5	0.04031720558683363	0.025426243462631927	0.01594379740222775	0.009961578470049927	0.006209767479786562	0.0038654863569932496	0.0024040820863568397	0.0014943810565444748	0.0009286321528885319	0.0005770124561809172	0.00035859502987932294	0.00022301716483617235	0.00013898146905706347	8.70749858922877e-5	5.530160537618169e-5	3.631619023583374e-5	2.5729103817572703e-5	2.1092242145287688e-5	2.1333295275164495e-5	2.6507841071636303e-5	3.78120303375074e-5	5.785863187358705e-5	9.127969484736151e-5	0.00014579363249706228	0.00023397940961216267	0.00037615752227879265	0.0006050165896755713	0.0009729847713398481	0.0015638691479463126	0.0025109917328754536
855.0	0.3924	477.4	0.8237	1.0	6.0	2.0227635516709202e-5	0.0474324145122824	0.02999563780626447	0.018842036094400254	0.011785402326842975	0.007351785773515873	0.004578355753270898	0.0028482012362255416	0.0017707281232334337	0.0011004474708463223	0.0006837730648058659	0.00042489188209908935	0.0002641445168041358	0.0001644362346146856	0.00010273853870789722	6.479436776951103e-5	4.1832781747954844e-5	2.8545072442679597e-5	2.185875510313205e-5	2.0227635516709202e-5	2.3274413621986926e-5	3.170336682611391e-5	4.74628644316191e-5	7.419493759997466e-5	0.00011807485770389583	0.0001892322170133145	0.00030407522280832605	0.0004890377854182825	0.0007865696439693579	0.0012646356775405747	0.002031616395789875
856.0	0.2144	438.4	0.5634	1.0	6.0	2.585098643219079e-5	0.08352229814286866	0.05356456336478462	0.033953895224417115	0.021360870793444488	0.013373756620496067	0.008347658840918306	0.005200512142511837	0.0032360158119895707	0.0020121380470837164	0.0012506050474085447	0.0007771432230033274	0.00048296740884197015	0.0003003177645457228	0.00018705814830723277	0.00011703523863708147	7.40701203542476e-5	4.823199711281287e-5	3.354740414536707e-5	2.662097009517131e-5	2.585098643219079e-5	3.105919102914351e-5	4.344936270036501e-5	6.588497738390647e-5	0.00010354940626527905	0.00016513932994307017	0.00026486211943214233	0.0004256855179045277	0.0006845560493551088	0.0011007025694122286	0.0017687135214037337
857.0	0.2307	358.2	0.5024	1.0	6.0	2.98975881804499e-5	0.07808192693191414	0.04996913173145542	0.03163079747737717	0.019881644479013128	0.012440604258218047	0.00776244862854136	0.004834866217382902	0.0030080918402465664	0.001870281301262128	0.0011624177003929858	0.0007223882818536527	0.00044904260630805983	0.00027940071583879315	0.0001743203298851711	0.00010953418974575963	7.007236302719692e-5	4.6813446057959436e-5	3.4380146057593144e-5	2.98975881804499e-5	3.232908867115238e-5	4.223642856018853e-5	6.190922038069195e-5	9.589273905690362e-5	0.00015203462404709102	0.00024328811649853348	0.00039067742402636293	0.0006280814392085799	0.0010098659442470117	0.0016229339213192167	0.0026054827277223517
858.0	0.275	350.8	0.728	1.0	6.0	2.5096380762721125e-5	0.06633820180540623	0.042259793505678225	0.026671290713969384	0.016732492520016184	0.010457497569513858	0.006520143465210949	0.004059175334682328	0.0025247392801061863	0.0015694690047768024	0.0009753455954630748	0.0006060889112166856	0.00037673365276771296	0.00023440314814871522	0.00014624433453168552	9.189300796761205e-5	5.87885199284435e-5	3.927821953116227e-5	2.8851196022066463e-5	2.5096380762721125e-5	2.7145389931657687e-5	3.5471711096998294e-5	5.1999814565255255e-5	8.054903723553286e-5	0.00012771372177086275	0.00020438005039378012	0.00032822229175518276	0.0005277348679932293	0.0008486788274289326	0.0013642950473892787	0.0021912921184482686
859.0	0.2596	370.7	0.7167	1.0	6.0	2.4809889989673564e-5	0.06999800674741594	0.044654762895358066	0.028208844801396692	0.01770751668163061	0.01107098602970014	0.0069042570197756755	0.004298932667880943	0.002674101974747505	0.0016624031627421527	0.0010331209204427186	0.0006419809953870219	0.00039901011643840405	0.00024820314978651176	0.00015475453884069329	9.70797231407284e-5	6.185058327583345e-5	4.092353880260375e-5	2.946019661757536e-5	2.4809889989673564e-5	2.5897186162814378e-5	3.297324491805566e-5	4.767360436302587e-5	7.339546294300396e-5	0.0001160807540314955	0.00018558355683528864	0.00029793143062404817	0.0004789864299659748	0.0007703080360033481	0.0012384595917654016	0.001989617969811435
860.0	0.2127	360.8	0.823	1.0	6.0	2.3285034129445843e-5	0.08413367512798092	0.05396956721211832	0.034215983026824714	0.021527919641745406	0.01347920282611088	0.008413812335334633	0.0052418535359339165	0.003261786096275928	0.0020281727032873086	0.0012605642237673584	0.0007833115656743139	0.0004867642980909911	0.0003026185500426493	0.00018839387628363926	0.00011771441976266724	7.42496759821535e-5	4.795339646703906e-5	3.2746198336520426e-5	2.5111872355503054e-5	2.3285034129445843e-5	2.6843096582680544e-5	3.660845834558236e-5	5.4838211880506595e-5	8.574476261887545e-5	0.00013646640018484646	0.00021870871189139113	0.00035142717771203223	0.0005651473838854907	0.0009088601969025919	0.001460927840542598
861.0	0.2253	286.7	0.7039	1.0	6.0	2.8484196814858102e-5	0.07980402144998894	0.05110557520735537	0.03236438383040047	0.0203484685297558	0.01273498048627322	0.007947016148821179	0.0049501677487024075	0.0030799565349181484	0.0019150042589004507	0.0011902161562779296	0.0007396425932766854	0.0004597244597123361	0.000285973311998403	0.0001783009597928664	0.00011184240505720996	7.124158907334805e-5	4.71139447676058e-5	3.3881369756776416e-5	2.8484196814858102e-5	2.9674290153474155e-5	3.7726492074230746e-5	5.450179579498736e-5	8.387647107170639e-5	0.0001326351367130312	0.00021203098262224528	0.00034036529175235326	0.0005471603710704637	0.0008798330478814012	0.0014142633147402567	0.00227132230470474
862.0	0.3232	295.7	0.5499	1.0	6.0	3.1769259434150595e-5	0.057009048673549084	0.036185535109042335	0.02278435290378978	0.014272746458276355	0.008911848650611882	0.005553195116366832	0.0034559463460958253	0.002149086548948354	0.0013358202094224255	0.0008301691944786923	0.0005160044712401731	0.0003209821690438897	0.000200119669708815	0.00012551107757558796	7.99191464137188e-5	5.280641175370445e-5	3.790493335307571e-5	3.1769259434150595e-5	3.298049238787624e-5	4.181827906476157e-5	6.0325011946363274e-5	9.277662512836079e-5	0.00014666733977559146	0.00023443202139831072	0.0003762938706786773	0.0006048686053483503	0.0009725192529187763	0.0015629810727086503	0.0025094824991731225	0.004022385596140114
863.0	0.2596	197.8	0.4847	1.0	6.0	4.1123386054392595e-5	0.0699980102923474	0.044654768603629574	0.02820885399321281	0.017707531482858332	0.011071009863563817	0.0069042953985405525	0.004298994467734088	0.002674201488682832	0.0016625634061868343	0.0010333789542239338	0.0006423964969621681	0.00039967918176920305	0.00024928051747346333	0.0001564893758189203	9.987324636066968e-5	6.634883865251295e-5	4.81667815911953e-5	4.1123386054392595e-5	4.35898270525744e-5	5.613559153023239e-5	8.165926065225325e-5	0.00012605596683148163	0.0001995730390821779	0.0003191597860931323	0.0005123352016985612	0.0008234173584378078	0.0013234247667152723	0.002125606222355335	0.003409345944220464	0.005455861944381781
864.0	0.2108	178.1	0.3635	1.0	6.0	5.011442194887831e-5	0.08482766366456142	0.05442953697909148	0.034513748866547955	0.021717763686741526	0.013599077091920193	0.00848906068974025	0.005288940384490131	0.0032912343975693113	0.0020466503555193047	0.0012722893170722578	0.0007909744281281282	0.000492128901739892	0.0003069224118994683	0.0001926311453366438	0.0001228645879745735	8.150362615971133e-5	5.8988590975963734e-5	5.011442194887831e-5	5.282899187527553e-5	6.775876845445659e-5	9.83523778141305e-5	0.00015167397874243203	0.00024002581877140432	0.00038376428437018835	0.0006159323461464532	0.0009897066084465806	0.0015901935599944934	0.002552824720733456	0.0040913982433102266	0.00653926024156932
865.0	0.1691	161.1	0.2421	0.9666666666666667	5.793103448275862	6.43354818144399e-5	0.10357906794248126	0.06695302164810057	0.04266166559157358	0.02692911066954593	0.016895936983101992	0.010560355222964586	0.00658461180407426	0.004099540013284351	0.0025500923113256206	0.0015855794684704046	0.0009859028865928311	0.0006135205485222893	0.00038275294231806005	0.00024040009766444707	0.00015360505618632335	0.00010231946029694052	7.469172281056873e-5	6.43354818144399e-5	6.885584876832262e-5	8.929580728513149e-5	0.00013037500665457415	0.00020157380884291832	0.00031930598344472234	0.0005106631658199605	0.0008195469304158056	0.00131647770481073	0.002114019339193515	0.00339055097463727	0.005425795844674889	0.008651223775492763
866.0	0.1193	172.2	0.1421	0.9666666666666667	5.793103448275862	8.263107498980813e-5	0.14073081554560238	0.09232088833314213	0.05941190943422894	0.03774586923754938	0.02378111754134948	0.01490288189942595	0.009307626826457261	0.005800830843216548	0.0036106294135620815	0.0022457808932298436	0.001396574582688285	0.0008689130237349491	0.0005416513094379509	0.0003394453907966402	0.00021566236035174596	0.00014172509137098875	0.00010055304793351508	8.263107498980813e-5	8.381565964105315e-5	0.00010437805449683755	0.00014906435727403397	0.0002281838505748531	0.0003599682143325259	0.0005747228243986832	0.0009216669519705866	0.001479882225637311	0.0023754864440635455	0.0038079558298658813	0.00608907482340028	0.009697198366470122
867.0	0.1193	172.2	0.1421	0.9666666666666667	5.793103448275862	8.263107498980813e-5	0.14073081554560238	0.09232088833314213	0.05941190943422894	0.03774586923754938	0.02378111754134948	0.01490288189942595	0.009307626826457261	0.005800830843216548	0.0036106294135620815	0.0022457808932298436	0.001396574582688285	0.0008689130237349491	0.0005416513094379509	0.0003394453907966402	0.00021566236035174596	0.00014172509137098875	0.00010055304793351508	8.263107498980813e-5	8.381565964105315e-5	0.00010437805449683755	0.00014906435727403397	0.0002281838505748531	0.0003599682143325259	0.0005747228243986832	0.0009216669519705866	0.001479882225637311	0.0023754864440635455	0.0038079558298658813	0.00608907482340028	0.009697198366470122
868.0	0.145	167.8	0.1018	0.9666666666666667	5.793103448275862	9.81537963710295e-5	0.1187499639387777	0.07722161435177811	0.049401991260880414	0.0312649823559164	0.019649016689141638	0.012294052978957453	0.007670746221932654	0.004777853589529556	0.002972993238034401	0.0018491385707083536	0.0011504027558584748	0.0007167462126798601	0.00044847773263177813	0.00028378589844361816	0.00018467098472390737	0.00012824431942090914	0.00010146835009301276	9.81537963710295e-5	0.00011753156244785622	0.00016407240960494862	0.00024851029266551787	0.00039029565228108703	0.0006220176248241722	0.0009967440746432854	0.0015997873345739693	0.0025671332583127276	0.004113576436436482	0.006574046112156323	0.010460394710776798	0.01653000461387575
869.0	0.1222	223.4	0.1365	0.9666666666666667	5.793103448275862	7.366342939188555e-5	0.1378515076608367	0.09032789826784995	0.05808387555112762	0.03688313819486704	0.023229856004615974	0.014554344510835995	0.009088723079683666	0.005663904446881464	0.0035251758265729925	0.0021924895696884303	0.0013632961318313683	0.0008480188793573924	0.0005283353980657171	0.0003306381862644681	0.0002093308796335542	0.00013640655411980621	9.501808881854509e-5	7.560010237879767e-5	7.366342939188555e-5	8.875863802209122e-5	0.00012437059999137123	0.00018871827910428297	0.00029663867570673704	0.00047297415885096334	0.0007582037381579273	0.001217510289916446	0.0019550982721290395	0.003136356078357678	0.005021191453571702	0.008011840098706811
870.0	0.2569	242.0	0.1111	1.0	6.0	7.720940259876582e-5	0.07068169059924065	0.04510293796420978	0.02849691305228647	0.01789036454712592	0.011186157463835686	0.006976503930977124	0.004344223782400562	0.0027026232940992423	0.0016806388546121039	0.0010452450451326762	0.0006507807921060278	0.0004065142867378698	0.00025614471271615034	0.00016496916470798732	0.00011192926317565169	8.476875197394451e-5	7.720940259876582e-5	8.750234350414936e-5	0.00011802304266908093	0.00017581574535082103	0.0002742084471670113	0.0004358580668485846	0.0006978938555079668	0.0011202551197447917	0.0017989120310298778	0.002886417979178474	0.0046230159284772025	0.007381720077600871	0.011728788943748363	0.018493143475090335
871.0	0.2475	186.8	0.1516	1.0	6.0	7.52111527055469e-5	0.07316970870719147	0.04673586164656114	0.02954722874910395	0.018557215482674007	0.011606057580835867	0.007239525516828818	0.004508430554998086	0.0028049127728839605	0.0017442488347851396	0.0010847246078967959	0.0006751978552295988	0.00042149171374310256	0.0002651370938359034	0.00017005264209181252	0.0001142781753685128	8.492590138931863e-5	7.52111527055469e-5	8.28870466513284e-5	0.00010972476487998202	0.00016191919166319194	0.0002515098241870724	0.00039913404782504215	0.0006387192153530275	0.0010251203739618895	0.001646269115762077	0.002642131385086284	0.004233568926254178	0.006764586533744758	0.010760056373489023	0.016994648539327216
872.0	0.3405	204.0	0.2385	1.0	6.0	5.737220258382676e-5	0.054269784072877615	0.03441032553935206	0.021651830219962708	0.013557458901702908	0.00846296172388466	0.005272651648186608	0.0032811166057590533	0.0020404132586876347	0.0012685097102461246	0.0007887856376730655	0.0004910275924963605	0.0003066549863238232	0.00019313617664977925	0.00012425902666508812	8.410999221965114e-5	6.340958125309573e-5	5.737220258382676e-5	6.460129483224736e-5	8.676609393284554e-5	0.0001289850515485946	0.00020100200233951718	0.0003194196682286087	0.0005114875560963043	0.0008212698949614581	0.0013194905112440716	0.0021190002057293847	0.0033986042521804934	0.005438662904120847	0.008671575528632193	0.013746772815530887
873.0	0.4001	155.4	0.3864	1.0	6.0	5.178613394106743e-5	0.046562092040060905	0.029435380217182998	0.018486152433644154	0.01156126138157931	0.007211398055185453	0.0044907662441763104	0.002793743209332177	0.0017370361869779812	0.0010798183544905116	0.0006714700976373556	0.0004180829393897149	0.00026125996086692174	0.0001648108948147759	0.00010645979270463732	7.272306042126484e-5	5.580251308497918e-5	5.178613394106743e-5	5.974462789261642e-5	8.151611264847937e-5	0.00012212877816687715	0.00019095686539973716	0.0003038705524738135	0.0004868592723533576	0.0007819207233491578	0.0012564599482785847	0.002018071384544649	0.0032373593029283777	0.0051821638329330975	0.008266428917415912	0.013113953905469062
874.0	0.3345	99.14	0.3621	1.0	6.0	6.758236766875435e-5	0.05518950394927807	0.03500594781994619	0.022031657404138393	0.01379730490030475	0.008613486178148553	0.005366769377365674	0.00333985249353307	0.0020770627583156552	0.0012914370391312587	0.0008032500461521846	0.0005003576350818429	0.0003130020296516251	0.00019796564795968423	0.0001286868844657362	8.915984981384258e-5	7.024899998781943e-5	6.758236766875435e-5	8.054209534990584e-5	0.00011212044161311201	0.00016960688758000801	0.0002662604370037632	0.0004243406241349783	0.0006801637241760878	0.0010922646032667084	0.0017543238650940343	0.0028152699612495045	0.004509746643523349	0.007202392293920571	0.011447556962537792	0.01805866502175017
875.0	0.3955	107.7	0.3683	1.0	6.0	6.484644881310113e-5	0.04707815516578252	0.029767556218123343	0.018697158383125276	0.011694183499641077	0.007294705266327684	0.00454283198570826	0.002826260321558265	0.0017573896344001856	0.0010926629362437458	0.000679756178589642	0.0004237190639461246	0.0002655466084686568	0.00016873828889584977	0.00011093575786544662	7.87824952312436e-5	6.484644881310113e-5	6.59053835429347e-5	8.220250658530978e-5	0.0001175010519308187	0.00017994882386647296	0.0002839469784197354	0.00045344002560318537	0.0007273484509073366	0.001168298675835868	0.0018764089004644781	0.0030106572827713132	0.004821113508364147	0.007695403805454141	0.012220437093085386	0.019251761880342104
876.0	0.2807	137.9	0.3809	1.0	6.0	5.6431254405688724e-5	0.06507880413388692	0.041437229896002035	0.02614387830975801	0.016398325715429443	0.010247379225559934	0.00638868410183472	0.003977229228714903	0.002473844437920752	0.0015380449217426923	0.0009561982779469139	0.0005948184968462157	0.00037074454138236456	0.0002323144266496468	0.0001475745424731711	9.695036572046964e-5	6.874277208097245e-5	5.6431254405688724e-5	5.7169110062429305e-5	7.112573603813156e-5	0.00010152458121214041	0.00015538433641307218	0.0002451305617359212	0.00039143913416897903	0.0006279396658097786	0.0010087907049023013	0.0016206837753395258	0.0026015558688219694	0.004169086268579578	0.006662467202549381	0.010599641080929414
877.0	0.2195	152.3	0.2999	1.0	6.0	5.944012864003809e-5	0.08174034957764291	0.0523852316684341	0.03319119981590752	0.020874955270921428	0.013067138085953278	0.008155373953393684	0.005080435506197219	0.0031612934975136947	0.0019658451451570673	0.0012221733167812156	0.0007600505279118397	0.00047328125111997994	0.0002958059200087108	0.00018668018583596103	0.00012070488272383918	8.26364108970658e-5	6.367597553348673e-5	5.944012864003809e-5	6.894863462251889e-5	9.439720195297187e-5	0.00014166197165735943	0.00022164918677775985	0.0003527930687747326	0.0005652557648083073	0.0009077391729110639	0.00145832598672168	0.0023414537400693637	0.003753927526517673	0.006003448982247563	0.009562413013692058
878.0	0.204	124.4	0.2427	1.0	6.0	7.464238733905294e-5	0.08740806445122115	0.0561419886796104	0.03562323462523191	0.02242548076078347	0.014046058098028153	0.008769622655092617	0.0054643960410901355	0.0034007641637091262	0.002115041863775751	0.0013151489988360754	0.0008181331351243028	0.0005098362948772259	0.0003192616345499395	0.0002024512636583771	0.0001324348939281852	9.30366249239641e-5	7.51508214384189e-5	7.464238733905294e-5	9.139188592077938e-5	0.00012926611167341084	0.00019700554559297395	0.00031022726003959906	0.0004949884102118908	0.0007936874925070934	0.001274547302799467	0.0020465635430988085	0.003282592052487024	0.005253952069126959	0.008379746893992603	0.013290974547069422
879.0	0.3584	98.24	0.2268	1.0	6.0	8.476722111791503e-5	0.05169949690706975	0.032748051577818245	0.020592769858214864	0.012889152229621045	0.008043816319974072	0.005010842243156351	0.0031180917928339165	0.0019392466139943208	0.0012061050769362459	0.0007508268185676683	0.00046878059453530263	0.0002949919328673299	0.0001893662993711185	0.00012751284325203356	9.514056984338816e-5	8.476722111791503e-5	9.3993449835647e-5	0.0001249476966550387	0.00018477318406781665	0.0002872645189858656	0.0004560173451630115	0.0007297799196750392	0.0011711422439755913	0.0018803109034651769	0.0030164911201123494	0.004830154337476595	0.0077095555149026725	0.012242507697175482	0.019285728022151314	0.03001259386650034
880.0	0.4138	119.0	0.233	1.0	6.0	7.599739173553133e-5	0.04509006370806384	0.028488636498880202	0.017885110331263557	0.011182847397147347	0.00697442689369093	0.004342920784264298	0.002701801322474992	0.0016801110458370607	0.001044890583813359	0.0006505181846369073	0.000406282985825515	0.000255891297567859	0.00016463505837023312	0.00011143721684787696	8.40050013942932e-5	7.599739173553133e-5	8.556197244387331e-5	0.00011490609436669142	0.00017080275994989813	0.00026614371726134867	0.00042288594569004826	0.0006770388831796708	0.0010867578318340845	0.001745189767816029	0.002800468445181582	0.004486039353112831	0.0071647639959437175	0.011388471008346423	0.017967296622302505	0.02802416422993443
881.0	0.4644	114.1	0.2349	1.0	6.0	7.81875677256633e-5	0.0403755554187008	0.02546364596277431	0.015967531476186268	0.009976581552121772	0.006219290961846172	0.003871647143844167	0.0024082716531807994	0.0014975554028558513	0.000931520418483539	0.0005802806905070174	0.00036299834261103005	0.00022957362175768462	0.0001492072290372177	0.00010333474955064262	8.135522448238686e-5	7.81875677256633e-5	9.309768281194031e-5	0.00012952723123706386	0.00019588303501609454	0.0003074632664501133	0.0004899482603191596	0.0007852173590733337	0.0012607188272701852	0.0020242572948673617	0.0032468511186337645	0.005197024886095315	0.008289763813783959	0.013150335757244556	0.020682971629831286	0.03211030881266908
882.0	0.5468	116.5	0.3149	1.0	6.0	6.68972071691447e-5	0.034501119964314736	0.021709724534160462	0.013594022297931227	0.008485922699062615	0.005287033489349123	0.0032901332356513493	0.0020461063447976707	0.0012721790018810155	0.0007912732081966067	0.000492906229125143	0.00030835819501971365	0.000195057483812518	0.00012684261262508023	8.79532471714922e-5	6.940113314835341e-5	6.68972071691447e-5	7.986124109649162e-5	0.0001112865499295543	0.00016842740181758958	0.000264463350949449	0.00042151233735079966	0.0006756553581635284	0.0010850470160437692	0.0017427626995252144	0.002796781035387571	0.004480282800404005	0.007155718285286204	0.011374321663113716	0.01794544762806231	0.027991153692113316
883.0	0.4689	202.9	0.3208	1.0	6.0	5.054213820951656e-5	0.04000355713047888	0.02522540586407429	0.015816663506347885	0.009881698133217395	0.0061598354517260635	0.003834412893296748	0.0023848591940895496	0.0014826322238068563	0.0009216669693990939	0.0005732304003815466	0.00035712539857555843	0.00022352160442353104	0.00014157722615769185	9.236259119636126e-5	6.450394615554449e-5	5.156131439031511e-5	5.054213820951656e-5	6.120994672887078e-5	8.602892507308718e-5	0.0001307308419590594	0.00020563253800421626	0.00032800073469796783	0.0005259904042341552	0.0008450141565166879	0.0013578785011019929	0.002180680586389562	0.0034972539009289557	0.005595600212220622	0.008919330706480866	0.014133340644367207
884.0	0.5108	207.5	0.3107	1.0	6.0	5.0736984491711e-5	0.03684305999541323	0.023204238823881458	0.01453812363748388	0.009078491670864093	0.005657432382580097	0.003521019576167346	0.0021897086385298196	0.0013612554023631892	0.0008462494923589967	0.0005264293404993404	0.0003281551032453098	0.0002056966939708977	0.00013078089717160666	8.610007990838573e-5	6.13276932184817e-5	5.0736984491711e-5	5.187904318679513e-5	6.501690631839328e-5	9.318532045290535e-5	0.00014288893413174096	0.00022559680446935664	0.0003603692321740979	0.0005781994421783426	0.0009290097395156367	0.0014927545807781387	0.002396775882282071	0.003842356888568354	0.0061439616833133944	0.00978380585463103	0.015479452041132928
885.0	0.6567	148.4	0.2021	1.0	6.0	7.309632323322558e-5	0.028894171643330496	0.01814251882347649	0.0113449011324044	0.00707591875195033	0.004406267956826177	0.002741242739651844	0.0017046086502439854	0.0010600481601473234	0.0006598173853522665	0.00041186525923088863	0.00025904413464770113	0.0001660862765402387	0.00011152195269493465	8.274273235715662e-5	7.309632323322558e-5	8.035169058051296e-5	0.00010618304342805198	0.00015655332489168493	0.00024308227003556497	0.0003857046696274782	0.0006172053108061461	0.0009906062554254445	0.001590927172968266	0.0025535599517043186	0.004092299979231697	0.006540523962882938	0.010407819991626701	0.016448535006527813	0.025722559715375237	0.039595797672289865
886.0	0.8025	152.9	0.1723	1.0	6.0	8.00600014263188e-5	0.023769441426967308	0.01489549370929294	0.009302978860062506	0.00579791178356405	0.003608789077160558	0.0022446033580574556	0.0013957912767073384	0.0008683442433557008	0.0005411660724794611	0.00033893169266759814	0.0002150014848299029	0.0001407642431988695	9.90700647832958e-5	8.028310621627528e-5	8.00600014263188e-5	9.834695860083445e-5	0.0001393651763508423	0.00021257911512629843	0.0003348637612756325	0.0005343510418909936	0.0008567902717634637	0.0013757529657555422	0.0022086826641882387	0.00354159161301173	0.005665845698830094	0.009030015209337475	0.014305829447786394	0.02245504071025482	0.034756683670059504	0.05271095304296187
887.0	0.5428	142.9	0.1726	1.0	6.0	8.119790624517735e-5	0.03474654406118114	0.021866231955072545	0.013692864506907574	0.008547982309575012	0.005325883456051742	0.0033144535863768813	0.0020614031372500115	0.0012819440210784625	0.0007977470789696876	0.000497579330745484	0.0003123086454323375	0.00019919787889450356	0.00013213005479138922	9.561023002564258e-5	8.119790624517735e-5	8.556056214878237e-5	0.00010970364158314111	0.00015919962490683294	0.00024546578089494067	0.00038837535132026953	0.0006207775067405212	0.0009958975459110845	0.0015991391652789534	0.0025665349606608942	0.00411289326547381	0.006573129262326402	0.01045905513646938	0.016527988828165707	0.025843248042065583	0.03977353132618966
888.0	0.4284	232.8	0.1226	1.0	6.0	7.495217163901382e-5	0.043620424891104265	0.02754448510781192	0.017286121914353775	0.010805856674807867	0.006738346385237879	0.00419554692756643	0.002609984624384016	0.0016229793881879949	0.0010093712893761396	0.000628450789078825	0.00039258478091625323	0.0002474022900522182	0.00015939504973942723	0.0001082355091632632	8.210156726048245e-5	7.495217163901382e-5	8.513325941460835e-5	0.0001149946620809209	0.00017142884148068719	0.0002674514396668253	0.00042517600781741364	0.0006808363982110395	0.001092929381622306	0.001755132537170294	0.002816404524102943	0.004511456652146468	0.007205040746955024	0.011451675412410286	0.01806500873336786	0.02817183859791967
889.0	0.2888	179.3	0.1381	1.0	6.0	8.192008952349284e-5	0.06336923227776031	0.04032192783945809	0.025429302653623663	0.015945790918667272	0.009962923062429341	0.00621075657761137	0.0038663418377865564	0.0024049991236144526	0.001495570700141997	0.0009303691368707383	0.0005796983458718829	0.000362850937418604	0.0002298273234995754	0.00014992079866670433	0.0001046732147036759	8.36280409944556e-5	8.192008952349284e-5	9.915237103851482e-5	0.0001393023485747834	0.00021163402231957234	0.00033281916842954704	0.0005307375724263174	0.0008507812464976791	0.0013659819563235304	0.0021929498864593916	0.0035164122190109344	0.005625787366163071	0.008966796487308627	0.01420725593990925	0.022304137068207
890.0	0.3853	205.3	0.1053	1.0	6.0	8.628294447849065e-5	0.048264302706795874	0.030531549857948835	0.01918266974583416	0.012000111471323195	0.007486475680974713	0.0046627013240006345	0.0029011335139793506	0.0018042652552206187	0.001122259096076571	0.0006988701754859881	0.00043675313532328406	0.0002755081217793812	0.00017792831517760637	0.00012147850841776927	9.311538635619005e-5	8.628294447849065e-5	9.93999288670063e-5	0.00013549309589520086	0.00020289046902620517	0.00031712832828633303	0.0005044943798973152	0.0008079780055770528	0.0012968787030042358	0.002081975102849247	0.0033389519690292997	0.005343476018261539	0.008521076812016358	0.013511689786923796	0.021237881868669317	0.03294066995179278
891.0	0.4578	182.9	0.1215	1.0	6.0	8.717279764292821e-5	0.040933815668618034	0.02582127878915201	0.016194019322971036	0.010118981905503262	0.006308429042158729	0.003927311670440586	0.0024430143646414675	0.0015192864523417273	0.0009452172967735447	0.0005890924656298697	0.00036895575213525704	0.00023405168039147627	0.00015324049824492307	0.00010785551599398101	8.740860624624009e-5	8.717279764292821e-5	0.00010709095181380058	0.0001517600066170734	0.00023148466184470023	0.00036463495299779967	0.0005818279865687329	0.000932836184761101	0.0014976532665448511	0.0024038524235893434	0.0038531779644751575	0.0061608523454908725	0.009810227275353254	0.01552042061901257	0.02431015192209123	0.037510436755827804
892.0	0.4959	148.3	0.1262	1.0	6.0	9.276293991147366e-5	0.037908126193152036	0.023884847021107918	0.014968499327329217	0.009348873739428125	0.005826679701303334	0.0036268363963806	0.002256007841172069	0.0014031532145116637	0.0008733518458094192	0.0005449719007589713	0.00034241378049469455	0.000218964288714444	0.00014612383968044246	0.00010706559274985051	9.276293991147366e-5	9.990843527559734e-5	0.00013014930019643155	0.00019046313202851657	0.00029475558197973405	0.0004670338396314706	0.0007468485215207188	0.0011981558044249579	0.0019233760374220798	0.003085205966560962	0.0049394884186283305	0.007882466284202727	0.012513199098574623	0.01970278053456113	0.030639737079480246	0.04678135115443749
893.0	0.5704	193.7	0.1564	1.0	6.0	7.385739874782543e-5	0.033120951251144275	0.020830224832271503	0.013038935897515135	0.008137718556097651	0.005069456838290402	0.003154535790850383	0.0019617779077390207	0.0012198684519115848	0.0007589798310903363	0.00047319896843948657	0.00029669373705504227	0.00018874369041417866	0.0001244213613576173	8.886527551146437e-5	7.385739874782543e-5	7.592770205982638e-5	9.555257293848216e-5	0.00013726261832617162	0.00021068247306155096	0.00033273527368980744	0.0005315007216355914	0.0008525648048279802	0.0013691903269171372	0.002198304260555552	0.0035250975708732554	0.005639676684906671	0.008988760825653497	0.014241532797311532	0.022356632433281905	0.03461013872271161
894.0	0.693	175.7	0.1109	1.0	6.0	9.31779573864475e-5	0.027422208994118607	0.017208601953302302	0.01075711665199633	0.006707888649359508	0.004176631490330745	0.002598355396373823	0.001615992852333317	0.0010054294530835444	0.0006266488853726438	0.00039250872051663834	0.000249035477197066	0.00016311551552038764	0.0001149036442108989	9.325903866144682e-5	9.31779573864475e-5	0.00011463863456779831	0.00016259330114094044	0.000248102617019601	0.00039086424874429094	0.0006236916991557185	0.000999904850689565	0.0016051504734308222	0.002575899662578358	0.004127672666947116	0.006596476514363067	0.010495707216235838	0.01658479979880719	0.025929510940595642	0.03990051803897316	0.06001246811474277
895.0	0.8364	136.6	0.1468	1.0	6.0	8.954005692403343e-5	0.022828067896028925	0.014300442998418069	0.00892935494655025	0.005564331970863899	0.003463200221791067	0.002154100371513554	0.0013397400925918162	0.0008338965040736787	0.0005203992268505047	0.00032705997372168443	0.00020928580592089014	0.00013988514249478932	0.00010282494011766071	8.954005692403343e-5	9.695828410234654e-5	0.00012679010806255627	0.00018591923458536146	0.0002879792450711187	0.0004564660346172868	0.0007300663262639782	0.001171332565376099	0.0018804490507384763	0.0030166087720167375	0.0048302780116712485	0.007709712065595944	0.012242728983957748	0.019286054680158163	0.030013076814238503	0.04587193659144333	0.0683449910675018
896.0	0.8715	229.6	0.1659	1.0	6.0	6.537827467540075e-5	0.021928788726704514	0.013732341178661305	0.008572714141923905	0.005341276792102854	0.003323945901816757	0.002067142071479799	0.0012852383587938477	0.0007993515698225678	0.0004978622965814163	0.00031133447523708755	0.00019674089140537304	0.00012762193590814072	8.800853063476027e-5	6.874512572015509e-5	6.537827467540075e-5	7.712838105474286e-5	0.00010670850019326541	0.0001609474158736067	0.00025235680647222436	0.0004019930765137066	0.0006442447696592409	0.0010345729379807314	0.0016617898481009004	0.0026671942292117246	0.004273674813224251	0.00682826244733254	0.010860159098008271	0.017149758840692267	0.026786719937496522	0.04116062303263101
897.0	1.213	202.8	0.0936	1.0	6.0	9.277620021597983e-5	0.01585308942854554	0.009904684208874902	0.006174364721995917	0.0038437150588252695	0.002391034758026959	0.0014870897101464029	0.0009254296488153134	0.0005771655339715923	0.00036214193019785355	0.00023077923965229797	0.00015275414711886368	0.00011004323635742773	9.277620021597983e-5	9.696070109678461e-5	0.00012356016711506914	0.00017871235294393022	0.0002751350595795982	0.0004350306708903474	0.0006951254916324306	0.0011149169081680343	0.0017897987011736424	0.0028714971532849045	0.004599029017651188	0.007343605495948881	0.011668942055908002	0.018400667411033023	0.028678716135648482	0.04392937201932018	0.06565090627230664	0.09491984788005704
898.0	1.213	202.8	0.0936	1.0	6.0	9.277620021597983e-5	0.01585308942854554	0.009904684208874902	0.006174364721995917	0.0038437150588252695	0.002391034758026959	0.0014870897101464029	0.0009254296488153134	0.0005771655339715923	0.00036214193019785355	0.00023077923965229797	0.00015275414711886368	0.00011004323635742773	9.277620021597983e-5	9.696070109678461e-5	0.00012356016711506914	0.00017871235294393022	0.0002751350595795982	0.0004350306708903474	0.0006951254916324306	0.0011149169081680343	0.0017897987011736424	0.0028714971532849045	0.004599029017651188	0.007343605495948881	0.011668942055908002	0.018400667411033023	0.028678716135648482	0.04392937201932018	0.06565090627230664	0.09491984788005704
899.0	1.213	202.8	0.0936	1.0	6.0	9.277620021597983e-5	0.01585308942854554	0.009904684208874902	0.006174364721995917	0.0038437150588252695	0.002391034758026959	0.0014870897101464029	0.0009254296488153134	0.0005771655339715923	0.00036214193019785355	0.00023077923965229797	0.00015275414711886368	0.00011004323635742773	9.277620021597983e-5	9.696070109678461e-5	0.00012356016711506914	0.00017871235294393022	0.0002751350595795982	0.0004350306708903474	0.0006951254916324306	0.0011149169081680343	0.0017897987011736424	0.0028714971532849045	0.004599029017651188	0.007343605495948881	0.011668942055908002	0.018400667411033023	0.028678716135648482	0.04392937201932018	0.06565090627230664	0.09491984788005704
900.0	1.213	202.8	0.0936	1.0	6.0	9.277620021597983e-5	0.01585308942854554	0.009904684208874902	0.006174364721995917	0.0038437150588252695	0.002391034758026959	0.0014870897101464029	0.0009254296488153134	0.0005771655339715923	0.00036214193019785355	0.00023077923965229797	0.00015275414711886368	0.00011004323635742773	9.277620021597983e-5	9.696070109678461e-5	0.00012356016711506914	0.00017871235294393022	0.0002751350595795982	0.0004350306708903474	0.0006951254916324306	0.0011149169081680343	0.0017897987011736424	0.0028714971532849045	0.004599029017651188	0.007343605495948881	0.011668942055908002	0.018400667411033023	0.028678716135648482	0.04392937201932018	0.06565090627230664	0.09491984788005704
901.0	1.213	202.8	0.0936	1.0	6.0	9.277620021597983e-5	0.01585308942854554	0.009904684208874902	0.006174364721995917	0.0038437150588252695	0.002391034758026959	0.0014870897101464029	0.0009254296488153134	0.0005771655339715923	0.00036214193019785355	0.00023077923965229797	0.00015275414711886368	0.00011004323635742773	9.277620021597983e-5	9.696070109678461e-5	0.00012356016711506914	0.00017871235294393022	0.0002751350595795982	0.0004350306708903474	0.0006951254916324306	0.0011149169081680343	0.0017897987011736424	0.0028714971532849045	0.004599029017651188	0.007343605495948881	0.011668942055908002	0.018400667411033023	0.028678716135648482	0.04392937201932018	0.06565090627230664	0.09491984788005704
902.0	1.213	202.8	0.0936	1.0	6.0	9.277620021597983e-5	0.01585308942854554	0.009904684208874902	0.006174364721995917	0.0038437150588252695	0.002391034758026959	0.0014870897101464029	0.0009254296488153134	0.0005771655339715923	0.00036214193019785355	0.00023077923965229797	0.00015275414711886368	0.00011004323635742773	9.277620021597983e-5	9.696070109678461e-5	0.00012356016711506914	0.00017871235294393022	0.0002751350595795982	0.0004350306708903474	0.0006951254916324306	0.0011149169081680343	0.0017897987011736424	0.0028714971532849045	0.004599029017651188	0.007343605495948881	0.011668942055908002	0.018400667411033023	0.028678716135648482	0.04392937201932018	0.06565090627230664	0.09491984788005704
903.0	0.9887	191.0	0.1032	1.0	6.0	9.065540260019872e-5	0.01937980820784933	0.012124355059722886	0.007564356279530149	0.004711364253998692	0.0029314949817536282	0.0018232156602953572	0.0011341302804939207	0.0007063879701479336	0.0004416486244218493	0.00027891057921197217	0.00018062350322713803	0.00012408928008686177	9.624526180605448e-5	9.065540260019872e-5	0.00010602534595236734	0.0001459015628455765	0.00021948349174731908	0.00034372863012226975	0.0005472155048496463	0.0008766007926105206	0.001407016949267893	0.002258439501370892	0.003620859037326089	0.005791710958245689	0.00922845859243453	0.014615027395715541	0.022928003121835665	0.03546034618125017	0.053716710834925845	0.07906737978920261
904.0	0.9178	183.2	0.1121	1.0	6.0	8.82942337006201e-5	0.0208456647378845	0.013048706456704858	0.008143893289202895	0.005073390446562729	0.0031571093480335806	0.0019635754659568586	0.0012213014219306995	0.0007603779520297877	0.0004748849415064956	0.0002990572219094355	0.00019233116125562567	0.00013006234823715246	9.786404446085853e-5	8.82942337006201e-5	9.913910924549008e-5	0.00013290056854809923	0.00019736869863990126	0.0003074056582059918	0.000488336200010708	0.0007816835826638283	0.001254460442252564	0.0020138639414017034	0.003230014096517605	0.005170092278259028	0.00824711685301849	0.0130836231350585	0.020580414224861853	0.03195665361016625	0.04868654691330788	0.07222072924603923
905.0	0.9774	211.5	0.07432	1.0	6.0	0.00010316910484801706	0.01959949497109171	0.012262846721408528	0.007651201524186682	0.004765671952018301	0.0029654439308550973	0.0018445092721121412	0.0011476358569537089	0.0007152068349977904	0.00044781179682423946	0.00028384012909397774	0.00018545818459306742	0.0001299465847072492	0.00010447921805157015	0.00010316910484801706	0.0001257098812816873	0.00017730165892212532	0.0002698409091912797	0.0004246371078148968	0.0006772506674849905	0.001085483510336192	0.0017421456917827555	0.002794979031650085	0.004476907652005873	0.007150061786544483	0.011365256073096219	0.017931316082851857	0.02796972263797975	0.04289379714189565	0.06420820882248972	0.09303168852670168
906.0	1.184	243.4	0.07464	1.0	6.0	9.48643084653146e-5	0.016235077315197605	0.010144819587596988	0.006324636809381871	0.003937486914327297	0.002449451507295935	0.001523451405488445	0.0009480644714942472	0.0005912769264836794	0.00037098138644211506	0.0002363864375260734	0.00015642409197288247	0.0001126239884582514	9.48643084653146e-5	9.903885462423895e-5	0.0001261085901147342	0.00018231947067471493	0.0002806326402458798	0.0004436837757232259	0.0007089188167991212	0.0011369977236651361	0.0018251634530246433	0.002928041593165728	0.0046891075813820324	0.007486223834850208	0.011892534845209345	0.018745884113105637	0.029199457552622078	0.04468845899560091	0.06670553970909847	0.09629535432834009
907.0	1.184	243.4	0.07464	1.0	6.0	9.48643084653146e-5	0.016235077315197605	0.010144819587596988	0.006324636809381871	0.003937486914327297	0.002449451507295935	0.001523451405488445	0.0009480644714942472	0.0005912769264836794	0.00037098138644211506	0.0002363864375260734	0.00015642409197288247	0.0001126239884582514	9.48643084653146e-5	9.903885462423895e-5	0.0001261085901147342	0.00018231947067471493	0.0002806326402458798	0.0004436837757232259	0.0007089188167991212	0.0011369977236651361	0.0018251634530246433	0.002928041593165728	0.0046891075813820324	0.007486223834850208	0.011892534845209345	0.018745884113105637	0.029199457552622078	0.04468845899560091	0.06670553970909847	0.09629535432834009
908.0	0.9187	241.0	0.07083	1.0	6.0	9.740006032608291e-5	0.020825687537771784	0.013036120279613	0.00813602880053799	0.00506852396507252	0.0031541525773182855	0.0019618590419821827	0.001220433982800563	0.0007601610460931904	0.00047526923544265594	0.00030013190153640963	0.00019434485760925463	0.00013348071896373734	0.00010347740411809424	9.740006032608291e-5	0.00011384136682826669	0.0001565943327637222	0.0002355202402119252	0.0003688034052525573	0.0005870890015215532	0.0009403952145573448	0.00150922939149193	0.0024220479659867976	0.0038820092951752793	0.006206500516627216	0.009882029112577205	0.015631983354111832	0.02448013253845157	0.03776189920688049	0.05699094884924028	0.08347037072039674
909.0	0.7964	355.0	0.08646	1.0	6.0	7.301123551431164e-5	0.023947132320019982	0.015007857022511782	0.00937354147961718	0.005842020627524079	0.0036362645836819714	0.00226165166554341	0.00140629773492875	0.0008747164918050974	0.0005448692659670109	0.0003408189799197782	0.00021550808414096622	0.00014000685771843664	9.687342131499451e-5	7.613931483438377e-5	7.301123551431164e-5	8.676446284188371e-5	0.00012057401291588127	0.00018224326836339182	0.00028599305533119537	0.00045570967097973	0.0007303632931948378	0.0011727474863073473	0.001883298703835019	0.0030215253692132994	0.004838330179570941	0.007722589202334702	0.01226297956559974	0.01931732002128444	0.030060153492105862	0.04594033593019289
910.0	0.6696	460.3	0.09075	1.0	6.0	6.290128986312505e-5	0.028353293398430294	0.01779920333527241	0.011128742802064152	0.006940499229202705	0.004321672082895947	0.002688453284436605	0.0016716294101017765	0.0010393342045341854	0.0006466099098383556	0.0004031219793590905	0.00025274768226814557	0.00016078227941823968	0.00010598449078310949	7.569157374804516e-5	6.290128986312505e-5	6.465622567641977e-5	8.136050005983007e-5	0.00011687150688167414	0.00017938623005707516	0.0002833214400230006	0.00045260743374209313	0.0007261177039327562	0.0011663888959118293	0.0018733881028517821	0.003005851731297722	0.004813475308928219	0.007683326818468631	0.012201526930333917	0.019222612345073914	0.0299176410767663
911.0	0.4865	475.6	0.07321	1.0	6.0	6.796395044091988e-5	0.03861226174654368	0.024335066941238638	0.015253234448775504	0.009527676930023236	0.005938412817098692	0.0036963648739735877	0.0022990320207891468	0.0014294761874323076	0.0008890044658248195	0.0005535522263025583	0.0003458977604488313	0.0002181544690482035	0.0001408318261258431	9.606740434773207e-5	7.35158798025234e-5	6.796395044091988e-5	7.81269480061146e-5	0.00010635111177389369	0.00015915207151434094	0.0002487100271476089	0.000395655979036752	0.0006337634703398988	0.0010175537047150932	0.001634374798828609	0.0026232440493431596	0.004203538913563789	0.006717022291763158	0.010685340964376318	0.016878885390067964	0.026375950550459812
912.0	0.542	492.6	0.09964	1.0	6.0	5.7109269425119433e-5	0.034796023057333356	0.021897763684703947	0.013712739771416021	0.008560397179839236	0.005333551154649256	0.0033190856546363207	0.002064046815551931	0.0012832014073693803	0.0007979053722583424	0.0004966737524336326	0.0003101292334741009	0.00019524041996615412	0.00012547931305524832	8.472831270061842e-5	6.356885917396507e-5	5.7109269425119433e-5	6.385540249802179e-5	8.53649264286986e-5	0.0001266050608204229	0.00019709407913676993	0.00031308344540439135	0.0005012665378338529	0.0008048232893698645	0.0012930742307373556	0.0020766583188398793	0.0033309376553179947	0.005331023768012272	0.008501591545394156	0.013481369940530313	0.0211914134574216
913.0	0.451	516.6	0.1358	1.0	6.0	4.810764464576025e-5	0.04152533651095135	0.02620035178422057	0.01643409603328091	0.010269860914066838	0.006402736503947483	0.003985968913121079	0.002479240691036507	0.0015413255886786222	0.0009581142877358389	0.0005958099590897481	0.0003710395940651697	0.00023198086259170687	0.00014653505227543075	9.496449845644369e-5	6.535128626135424e-5	5.0849951852856104e-5	4.810764464576025e-5	5.648966478162281e-5	7.793221877404165e-5	0.00011738789770032368	0.00018396463642736418	0.0002930152580187905	0.00046964438540409424	0.0007544011985188363	0.0012123650701998856	0.0019474449418517693	0.0031244875575500717	0.005002523295597568	0.007982459575837321	0.012669867341505239
914.0	0.5898	483.5	0.1688	1.0	6.0	4.488955179540432e-5	0.032066438272714236	0.020158844884749345	0.012615405814676704	0.007872062139664618	0.00490337617642039	0.0030508482152066226	0.0018969803107575904	0.001179159675637287	0.0007330164333771468	0.0004560038509378717	0.0002843007355602806	0.00017829072918730166	0.0001134925835450348	7.49339614285739e-5	5.3702446369767356e-5	4.488955179540432e-5	4.645736599214592e-5	5.8767544438372635e-5	8.466402706221342e-5	0.0001301277062454404	0.0002056514536867786	0.0003286454967163335	0.0005274086260866263	0.0008475299462845624	0.0013620636501895135	0.00218747714730122	0.003508167462961469	0.0056129861980302	0.008946786091885624	0.014176168290297261
915.0	0.7385	480.2	0.1768	1.0	6.0	4.345845413875644e-5	0.025776195901191273	0.016165417397590955	0.010100920495799061	0.006296998167128147	0.003919972420078995	0.002438110172086875	0.0015156989382957187	0.0009421228875610699	0.0005857778709888252	0.0003646553127126054	0.0002277712000463556	0.0001435277030083886	9.246443671613775e-5	6.278052070910339e-5	4.761406388789826e-5	4.345845413875644e-5	4.935239983349201e-5	6.66574209911423e-5	9.937115045068368e-5	0.00015504735209024174	0.00024653099545146124	0.00039489802530588995	0.0006342495951663186	0.0010193919325939367	0.0016379789084382623	0.0026294183907414905	0.004213636845227353	0.006733190159517349	0.01071084552936971	0.01691846968564916
916.0	0.6351	570.6	0.1934	1.0	6.0	3.9142874747842824e-5	0.029847502533261083	0.01874792704107882	0.011726130700883545	0.007314668511323889	0.0045552115955125065	0.002833834823946579	0.0017618779720805426	0.0010950904274153988	0.0006806793246446033	0.000423349469489531	0.0002637980701623363	0.00016520615193118442	0.00010480307906933358	6.863106797064158e-5	4.832895132882801e-5	3.920297208830694e-5	3.9142874747842824e-5	4.813423083327845e-5	6.825458432349772e-5	0.00010415201970216194	0.00016411495590399922	0.00026197550200489963	0.00042027334856070903	0.0006753777472321572	0.0010856641643881765	0.0017444111174531463	0.002799825984282898	0.004485387704427441	0.007163960567825908	0.011387350229679932
917.0	0.5424	673.6	0.1786	1.0	6.0	3.649915486318553e-5	0.03477124132731362	0.021881946799613337	0.013702731067144636	0.008554082400669844	0.005329548949268472	0.003316501349223058	0.0020622947579666704	0.0012818810541114815	0.0007967131614802284	0.0004953346513078842	0.00030833381089082534	0.00019257354968085834	0.00012132427830027793	7.812424510391282e-5	5.298861172157338e-5	4.0106449300120944e-5	3.649915486318553e-5	4.133231665136616e-5	5.572261449404589e-5	8.299498035486582e-5	0.00012944841599271214	0.0002058044906689258	0.0003296654033190367	0.0005295290752765845	0.0008512356377186557	0.001368196880669671	0.0021974184410498967	0.003524118780882428	0.005638389419839289	0.008986894689821116
918.0	0.8891	428.0	0.1473	1.0	6.0	5.0649964529424255e-5	0.021504021108980104	0.013464138636997186	0.008404396961136791	0.0052360271238411195	0.003258247160454873	0.0020261206736185322	0.0012595314539877946	0.0007830618848688178	0.00048724099759189636	0.0003039322778714755	0.00019084861539367607	0.000121877934868794	8.108485995363923e-5	5.9040927442758724e-5	5.0649964529424255e-5	5.397153009682523e-5	6.977233915288137e-5	0.00010170212770649338	0.00015713320570588608	0.0002488534238607565	0.00039799231675143835	0.0006388266368276403	0.0010264980075781172	0.001649225814645063	0.0026473258795706345	0.004242138473637749	0.006778350667108916	0.010781792669920751	0.017028392145861253	0.026602741663184895
919.0	0.8024	459.5	0.1439	1.0	6.0	5.048731175844222e-5	0.0237722957397094	0.014897261956561936	0.009304030108175333	0.005798473393941241	0.0036089847619211178	0.002244475970129554	0.0013953104216547013	0.0008673983505000456	0.0005395362428634611	0.00033624094205953435	0.00021062751728648783	0.00013369554489800457	8.767205295404266e-5	6.192033753308376e-5	5.048731175844222e-5	5.0729365465745566e-5	6.270154887714346e-5	8.916939349888854e-5	0.00013624521410078369	0.00021479282614686674	0.0003429168502157434	0.0005500896882574508	0.0008838122460356174	0.0014201988512360247	0.0022805513194979355	0.003656786282423949	0.005849182157208587	0.00931930735883285	0.0147566711660624	0.023144597737601365
920.0	0.7817	394.9	0.1014	1.0	6.0	6.322695783189688e-5	0.024386464025871277	0.015285744684600795	0.009548092448405775	0.005951167799640603	0.0037042966321823917	0.0023039311284646716	0.0014324586799865945	0.000890753540261837	0.0005544698596708027	0.0003461952003386783	0.00021790013338417497	0.0001399667620047878	9.439152600456176e-5	7.064167873448511e-5	6.322695783189688e-5	7.043232457310581e-5	9.392114583162845e-5	0.00013911688191867446	0.00021644861458268945	0.0003437398948704098	0.0005502708481360685	0.00088339473679124	0.0014190895139506556	0.002278502341871782	0.003653346194424998	0.005843612301321982	0.009310462572308926	0.014742858256991974	0.02312346542167983	0.035750872002094584
921.0	0.9034	412.7	0.1133	1.0	6.0	5.862950949860368e-5	0.021170850838678937	0.013253856770653449	0.008272492615983645	0.005153619312255294	0.003206912409130014	0.0019942336323506243	0.001239813207654015	0.0007709891209923545	0.0004800358777198534	0.00029993394316656243	0.0001891344636528565	0.00012205232096129391	8.318837539744062e-5	6.356004230684681e-5	5.862950949860368e-5	6.725600581618016e-5	9.143153211176367e-5	0.00013673851268246958	0.00021363222842584506	0.00033983618288483406	0.0005443822911867016	0.0008741732038059334	0.0014044377844494521	0.0022551231798293332	0.003616066540244372	0.005784404989654333	0.009217128037370143	0.014597492030617528	0.02290126183025739	0.03542063086264703
922.0	1.004	343.6	0.1465	1.0	6.0	5.6888304919585236e-5	0.019090057033435227	0.01194170112166746	0.007449785196409714	0.004639648833228152	0.002886545161000285	0.0017948283521687222	0.0011158148390460962	0.0006939373357385213	0.0004321944134783814	0.000270270585382119	0.00017080124780569702	0.00011081399798597818	7.644761698678399e-5	5.975855190759275e-5	5.6888304919585236e-5	6.717234688700451e-5	9.29857400571115e-5	0.00014028909609703353	0.0002199978736236413	0.00035048267006241115	0.0005617552059080183	0.0009022473042406139	0.0014495944705893778	0.0023275192752362068	0.0037317110031055366	0.005968177026670108	0.009506843350516358	0.015048610109667074	0.02359049899411092	0.03644420839983551
923.0	1.332	325.9	0.1267	1.0	6.0	6.230798677527756e-5	0.014457211259016722	0.009027710433865827	0.005625716874479364	0.003501300584857888	0.0021775290960153715	0.0013538385936865303	0.0008418956083815189	0.0005241374257290739	0.00032739740171226105	0.00020629884899077755	0.0001328824893141247	9.018721662049016e-5	6.834548740711098e-5	6.230798677527756e-5	7.067799739693826e-5	9.53880062410328e-5	0.00014214340207450199	0.00022173271286726832	0.00035249834730558547	0.000564515516160896	0.0009063844785751095	0.0014560494316575518	0.0023377439740005597	0.0037479653862158378	0.005993954167572727	0.009547436987723958	0.015111764701005254	0.023686893688673116	0.0365871709394732	0.055322721413380065
924.0	1.022	265.5	0.1355	1.0	6.0	6.75407148070498e-5	0.018760159780852038	0.011733875046080172	0.007319583040960609	0.004558380821510205	0.00283597137680811	0.0017634680854436316	0.0010964987969041492	0.0006822304895506641	0.0004254017184787854	0.0002668258546499052	0.00016990963064097072	0.00011226994817733032	8.058800542918695e-5	6.75407148070498e-5	7.011121232302038e-5	8.88918054293257e-5	0.00012821881572035922	0.0001971684086704789	0.0003116368287669043	0.0004979677641578479	0.0007989181229709237	0.0012832193969518862	0.002060632443534213	0.003305182567384691	0.005289960358647878	0.008436673363017282	0.013379935945466196	0.021035675179609515	0.032638292125369554	0.04966955741114614
925.0	1.24	279.8	0.08419	1.0	6.0	8.461233037015015e-5	0.015513236905739265	0.009691075503581665	0.006040682677733305	0.0037602515281270365	0.0023389576737303823	0.0014545376494667591	0.000904944825621604	0.0005640376223978475	0.00035334530524983515	0.0002242835344843852	0.000147058682462978	0.00010383154839100246	8.461233037015015e-5	8.49577485040591e-5	0.00010494509139652695	0.00014918755083824655	0.0002278919126294452	0.00035919421479516697	0.0005732892853817608	0.0009192462887245322	0.0014759248136810596	0.002369103312391193	0.0037977379892053433	0.006072829974349532	0.00967159791330392	0.015304857810464393	0.023981477424767503	0.03702377868587718	0.05594345561965791	0.08206629536859858
926.0	0.911	271.8	0.1314	1.0	6.0	6.838620580423323e-5	0.02099795572004395	0.013144761346797817	0.008204079507813277	0.005110899403794219	0.003180331322063011	0.0019777704595065853	0.0012297095016450552	0.0007649271198219014	0.00047662091378032905	0.0002983790391811492	0.0001890810843447017	0.0001234885075241315	8.644635763832143e-5	6.939314489626068e-5	6.838620580423323e-5	8.319120403083473e-5	0.00011722651331189725	0.00017834823351539538	0.0002806519515348921	0.0004476931616675984	0.0007178327056069671	0.0011528444691614166	0.0018515224131503256	0.002970789166208128	0.004757569460149811	0.0075948167119133094	0.012062848450532024	0.019008745447635585	0.02959561446197655	0.045265115002120576
927.0	0.8117	337.7	0.1912	1.0	6.0	5.083709766614879e-5	0.023506330989552987	0.014729093939654778	0.00919841357322081	0.0057324235783297465	0.003567790515898285	0.0022188298426778653	0.0013793663215636222	0.0008575017691133555	0.0005334110753821621	0.0003324754964265949	0.00020835282780502356	0.00013238625674701716	8.702563504482342e-5	6.178738693558496e-5	5.083709766614879e-5	5.1642739332555184e-5	6.438959800149265e-5	9.202210763172841e-5	0.00014092127090718483	0.00022237085960403704	0.0003551421451401532	0.0005697706636468605	0.0009154514942215431	0.001470986916326415	0.0023619078621106423	0.0037866914177404425	0.006055556685736952	0.00964455248915729	0.015262890801992505	0.023917520907139316
928.0	1.0	183.9	0.1469	1.0	6.0	7.70276760042747e-5	0.01916498835289032	0.011988951194843306	0.007479451667707001	0.00465826628980923	0.002898291883081279	0.0018023715381918642	0.0011208798585062938	0.0006976881877446398	0.00043549571296047824	0.00027388472625656054	0.00017556362856782572	0.0001178257663839358	8.733005806349387e-5	7.70276760042747e-5	8.453589746037868e-5	0.00011158703308394144	0.0001644249852103095	0.00025523716242366584	0.0004049410646372291	0.0006479388105722841	0.0010398586454467373	0.0016698671660121752	0.0026798733914521985	0.004293740363135558	0.006859980622938918	0.01090993040826696	0.017226809380721644	0.02690347249996262	0.04133196129815817	0.062023763192403054
929.0	1.135	219.9	0.1539	1.0	6.0	6.879233417483932e-5	0.016924040215384777	0.010578042529316618	0.006595698707425053	0.004106482675670603	0.0025544543123750822	0.0015883532950443655	0.0009877237329423561	0.0006148070884268795	0.00038380177735241076	0.0002414534308203047	0.00015490634661885627	0.00010416957919034026	7.751845062056687e-5	6.879233417483932e-5	7.597297927120756e-5	0.0001007176514546508	0.00014873903423871183	0.0002311164487423736	0.00036683189657060256	0.0005870918108964189	0.0009423677810158372	0.001513614467333286	0.0024298251064432865	0.0038948886113806735	0.006227235914902038	0.009914852919316342	0.015683103339361883	0.024558076495683923	0.037877205090363936	0.05715438997191324
930.0	1.093	183.9	0.1531	1.0	6.0	7.543884356695661e-5	0.017562953691800606	0.010980067366914759	0.0068474328333911864	0.004263641152837277	0.0026524073684772677	0.001649375904425885	0.0010257821454002175	0.0006386465698800166	0.00039891393666323903	0.00025132490772680587	0.00016181691549156692	0.000109716197650926	8.298331984415632e-5	7.543884356695661e-5	8.533739326882542e-5	0.00011496350239834465	0.00017115529337263511	0.0002668725369405344	0.0004241586425582495	0.0006791472948120482	0.0010901831036207244	0.0017507073761571061	0.002809311567225044	0.0045001436126353355	0.007187114160245	0.011423545073848712	0.018021522665295425	0.02810612317961348	0.043093240737271936	0.06448643029061606
931.0	1.101	185.4	0.1206	1.0	6.0	8.561689453994666e-5	0.017437586749003055	0.010901190033024165	0.006798073674786086	0.004232883691219767	0.002633332788775462	0.0016376482924820158	0.0010187184482312044	0.0006346244302719349	0.00039700748848042565	0.00025109490177005554	0.00016321076259344	0.00011305639833976374	8.904218186987618e-5	8.561689453994666e-5	0.00010198655019531246	0.00014192901438476893	0.00021465983851066216	0.0003369418495864605	0.0005369052113537708	0.0008604063441533148	0.001381254612217669	0.0022173097489749283	0.003555256022637962	0.005687495721668627	0.009064125227975435	0.014358973633733143	0.02253635692366948	0.03487773601401664	0.052884130132749056	0.0779411017526946
932.0	1.101	185.4	0.1206	1.0	6.0	8.561689453994666e-5	0.017437586749003055	0.010901190033024165	0.006798073674786086	0.004232883691219767	0.002633332788775462	0.0016376482924820158	0.0010187184482312044	0.0006346244302719349	0.00039700748848042565	0.00025109490177005554	0.00016321076259344	0.00011305639833976374	8.904218186987618e-5	8.561689453994666e-5	0.00010198655019531246	0.00014192901438476893	0.00021465983851066216	0.0003369418495864605	0.0005369052113537708	0.0008604063441533148	0.001381254612217669	0.0022173097489749283	0.003555256022637962	0.005687495721668627	0.009064125227975435	0.014358973633733143	0.02253635692366948	0.03487773601401664	0.052884130132749056	0.0779411017526946
933.0	1.116	137.3	0.1295	1.0	6.0	9.6675183785579e-5	0.017207273335674175	0.010756291732647987	0.006707389997932863	0.004176349023022617	0.0025982258293150936	0.0016159870132846845	0.001005546298470664	0.0006269155561339786	0.00039298693305335865	0.00024983583708420193	0.0001644231031152896	0.0001170207944252321	9.6675183785579e-5	9.868260731577863e-5	0.00012350341389089022	0.00017686459766397074	0.0002710711091896798	0.0004278162439949359	0.0006831066121275136	0.001095351502858311	0.0017582587129465021	0.0028209371353276227	0.004518391311247858	0.0072158480406279285	0.011468522729696506	0.018090983606268818	0.028211046746213556	0.04324655254569603	0.06470015726069556	0.09367638695694887
934.0	1.304	121.9	0.1142	0.9666666666666667	5.793103448275862	0.00010760481186530053	0.014763182802604575	0.009219969730910245	0.005746142804557548	0.0035767323255286687	0.002225018113177293	0.0013842151286830489	0.0008621258970325352	0.0005388773994513441	0.0003400472100901875	0.0002197805661255942	0.00015031245082859312	0.00011559509871283784	0.00010760481186530053	0.00012449181718435375	0.0001701507067361161	0.0002551104129938421	0.00039893906663136916	0.0006346905119956868	0.0010163442010881732	0.001630762183871769	0.002616426646250628	0.004192026503098193	0.006698371465836604	0.010655785918290816	0.016832930442935674	0.026306137619224956	0.040454559747959445	0.060791973985997345	0.08853019726066319	0.12390540214366272
935.0	0.8146	93.62	0.08341	0.9666666666666667	5.793103448275862	0.00014384686864634904	0.023424796393749517	0.014677730464865682	0.009166454687470458	0.005712917619450819	0.0035563983679584503	0.0022129837837108046	0.0013777402801069556	0.0008597297137025368	0.0005400120951004171	0.00034497756525432024	0.0002296474570039778	0.00016739728423534642	0.00014384686864634904	0.0001535511023644197	0.00019874218424778206	0.00028983398092548475	0.0004477935786288362	0.0007088926221710803	0.00113284264812386	0.001815952534716016	0.0029117318969029754	0.0046621499190989575	0.007442946752311834	0.011824331212168174	0.018640387178019906	0.029040252639695802	0.04445644306445455	0.0663834021870866	0.09587560636134279	0.13285516576293505
936.0	0.8166	89.81	0.09266	0.9666666666666667	5.793103448275862	0.00013980170693689596	0.023368753637627603	0.014642288938634162	0.009144178181241469	0.005698954636733692	0.003547637267442442	0.002207444133374301	0.001374158654521738	0.0008572846432028651	0.0005381407555556767	0.0003432482065570277	0.00022766057385929092	0.00016469366729505384	0.00013980170693689596	0.00014722994584216926	0.00018868591066235953	0.00027372409340033254	0.00042192311241127364	0.0006673272063043212	0.0010660954544410993	0.0017089120534139657	0.002740478293549287	0.004389210962026779	0.007010597356105878	0.0111460351136571	0.017592040206361275	0.02745642251807671	0.04214251541366596	0.0631586912381362	0.09165332485044186	0.12773060935728467
937.0	0.8166	89.81	0.09266	0.9666666666666667	5.793103448275862	0.00013980170693689596	0.023368753637627603	0.014642288938634162	0.009144178181241469	0.005698954636733692	0.003547637267442442	0.002207444133374301	0.001374158654521738	0.0008572846432028651	0.0005381407555556767	0.0003432482065570277	0.00022766057385929092	0.00016469366729505384	0.00013980170693689596	0.00014722994584216926	0.00018868591066235953	0.00027372409340033254	0.00042192311241127364	0.0006673272063043212	0.0010660954544410993	0.0017089120534139657	0.002740478293549287	0.004389210962026779	0.007010597356105878	0.0111460351136571	0.017592040206361275	0.02745642251807671	0.04214251541366596	0.0631586912381362	0.09165332485044186	0.12773060935728467
938.0	0.7103	71.13	0.1219	0.9666666666666667	5.793103448275862	0.0001383066304659637	0.02677229719477212	0.016796667806038595	0.010498118999924224	0.006545985301591398	0.004075970697734618	0.002536277627796879	0.0015783820386731336	0.000983680415127381	0.000615767614382566	0.0003899924583337509	0.0002543073815232916	0.000177396242326941	0.00014149500282911978	0.0001383066304659637	0.00016708820167966488	0.00023447368883724773	0.0003559861968775097	0.0005595679399229395	0.000891886014874844	0.0014287213304220838	0.002291457349098578	0.00367250544971256	0.005873114300573334	0.009356395771539858	0.014814035826818355	0.023232018024065364	0.03591199288368475	0.054361042546731186	0.07993710615919258	0.11322281296919103
939.0	0.9005	70.45	0.1241	0.9666666666666667	5.793103448275862	0.0001354984436423132	0.02123775318964562	0.013296248110034865	0.008299356603734083	0.0051708455081280885	0.0032183583718013785	0.0020024973628849857	0.0012467868438110598	0.0007782781067568373	0.0004893230734315172	0.0003133659834625419	0.00020981696160564126	0.00015476721660879038	0.0001354984436423132	0.0001475545879280925	0.00019371165417586618	0.0002846076992195067	0.0004411669917289066	0.000699343834011154	0.0011181908061384878	0.0017928800348854638	0.0028750849753048317	0.004603918427020601	0.007350839617910561	0.011679975597545699	0.01841752088756299	0.028704040477530494	0.04396625115395287	0.06570216256424564	0.09498677088171052	0.13178081186174895
940.0	0.773	97.29	0.1346	1.0	6.0	0.00011081141083455189	0.02465424254129675	0.015455253684256168	0.009654725800780169	0.006018080197255431	0.0037463728285751026	0.0023306723842948665	0.0014499603990134283	0.0009030289273318071	0.0005643445679993164	0.0003559478214979002	0.00022978409656129677	0.0001567294080979648	0.00011990836605287997	0.00011081141083455189	0.00012733296331436477	0.00017328284266215864	0.0002592563903419111	0.0004050538187195256	0.0006441780704251196	0.0010313725384679868	0.0016547392312740378	0.0026547235587671184	0.0042530553018611	0.006795118869073983	0.010807809230653337	0.017068498042636573	0.026663432365748498	0.04097955179012482	0.061529394947669985	0.08950553313918033
941.0	0.9826	145.4	0.1371	1.0	6.0	9.003673750886756e-5	0.019497769817182344	0.012198701076836342	0.007610952237072833	0.004740463760524311	0.002949623859617325	0.001834487333148724	0.0011411208760560637	0.0007107023622247506	0.00044428004213767065	0.00028046583980169393	0.0001814616246311147	0.00012440384885256954	9.610895795927665e-5	9.003673750886756e-5	0.00010478141447254095	0.0001437451674340565	0.00021591720583599082	0.0003379310247385551	0.0005378544604154283	0.0008615339038771911	0.001382817901498531	0.0022196616744639057	0.0035589183819063107	0.005693259214897374	0.009073181278549072	0.014373067466810973	0.022557910670135548	0.03490981155452853	0.05293000321214664	0.07800322556948744
942.0	1.045	128.0	0.1383	1.0	6.0	9.737099843656563e-5	0.018354900919652143	0.011478685536415602	0.007159801740817809	0.004458767428758836	0.0027741563339046876	0.0017254147905789608	0.0010735070292646597	0.0006690216814522143	0.0004189359800489438	0.0002656135556056487	0.0001736725006827591	0.00012187877915646235	9.826455440109966e-5	9.737099843656563e-5	0.00011898836759152369	0.00016810448065472463	0.0002560467457620813	0.0004030706088185604	0.0006429626113414938	0.0010306436525750696	0.0016543281516527382	0.002654534714301565	0.004253043744231972	0.006795278701013323	0.010808169363592595	0.017069122081150433	0.026664418104945572	0.0409810226343184	0.061531472628308444	0.08950828570133706
943.0	0.9638	106.3	0.1982	1.0	6.0	8.727544452266017e-5	0.019870527811279876	0.01243367647305115	0.007758236517214204	0.004832446412368554	0.00300692453910725	0.0018701042472292807	0.001163192933086143	0.000724296247426074	0.00045252500883893453	0.0002852630947467525	0.0001839184938632899	0.0001250877512133058	9.517785189602119e-5	8.727544452266017e-5	9.955201587748123e-5	0.00013484016154014585	0.00020128214162785544	0.0003141943180489933	0.0004995604783577253	0.0007999144000760571	0.0012838496105065094	0.0020610422404584413	0.0033054664499911008	0.005290183283420015	0.008436885126207131	0.013380181162338177	0.021036000050736203	0.032638747453793464	0.049670195478993116	0.07356758089553253
944.0	1.097	98.08	0.3092	1.0	6.0	7.265226181466131e-5	0.01750002952376238	0.010940460487677705	0.006822622043246651	0.004248139218105381	0.002642726916503207	0.001643316074080443	0.0010219561545251148	0.0006361752437612489	0.0003972279114510594	0.00025003509459640164	0.00016062534553691664	0.00010834743793900162	8.112092037863852e-5	7.265226181466131e-5	8.098260590931266e-5	0.00010803450058957167	0.00016005254959920332	0.00024903600245330953	0.0003954832521870208	0.0006330531642104214	0.0010161443122211056	0.0016319475056791918	0.0026192558436657094	0.004197114355602135	0.006706794466019573	0.010669241655277823	0.01685391825582561	0.026338061639182005	0.04050153898828555	0.06085803780352883
945.0	1.048	116.9	0.2875	1.0	6.0	6.935181026788064e-5	0.018303263441434677	0.011446111572380527	0.007139305450920993	0.004445823791304956	0.0027658557983952893	0.0017198702705026917	0.0010694488471219353	0.0006655161650668776	0.0004151742861748303	0.0002607264616910175	0.00016653013158891126	0.00011082968847525275	8.075420359204378e-5	6.935181026788064e-5	7.398575694313605e-5	9.572495626869168e-5	0.00013958844361091445	0.0002156975906852145	0.00034159418761352766	0.0005462383532019305	0.0008765535642109219	0.0014078851633280989	0.002260414797886611	0.003624374802629819	0.005797520691070671	0.009237756208883126	0.014629594083345637	0.022950323850097886	0.035493557558639977	0.05376414309826802
946.0	1.323	131.9	0.2002	1.0	6.0	7.978009938731827e-5	0.014554164097053625	0.009088623308299976	0.005663863878740987	0.003525185719574153	0.002192552461113241	0.001363426663610618	0.0008482472774936231	0.0005287144989228157	0.0003312556688255014	0.00021032954472502131	0.00013801734149528416	9.76134588952293e-5	7.978009938731827e-5	8.039425333183884e-5	9.959557293411629e-5	0.00014181633614423307	0.00021679815197889654	0.0003418223723902887	0.0005456480508303676	0.0008750111455350177	0.0014050413754961946	0.0022556311696713565	0.0036165942447355013	0.005785068936851653	0.009218067922316093	0.014598891055048413	0.022903361714029274	0.03542372967838828	0.053664438980422106	0.07899675475802422
947.0	1.343	119.6	0.1776	1.0	6.0	8.722579846711009e-5	0.014340560159817155	0.008954533150589094	0.005580061807943308	0.0034729894824310132	0.002160162429642076	0.0013434573181621587	0.0008361210056427212	0.0005216425456243108	0.00032760853130634333	0.00020926604365045727	0.00013929234619034257	0.0001015220095550224	8.722579846711009e-5	9.309789455380215e-5	0.00012049191235896157	0.00017572958570727607	0.0002715492486038003	0.00043001586246347814	0.0006875305620694013	0.0011030077652758531	0.0017708788777210005	0.0028413394687692986	0.004551037860119835	0.007267640366908568	0.011549822327245978	0.01821665603646886	0.028400904456609047	0.043523886766850206	0.0650865561768997	0.09418214646483682
948.0	1.343	119.6	0.1776	1.0	6.0	8.722579846711009e-5	0.014340560159817155	0.008954533150589094	0.005580061807943308	0.0034729894824310132	0.002160162429642076	0.0013434573181621587	0.0008361210056427212	0.0005216425456243108	0.00032760853130634333	0.00020926604365045727	0.00013929234619034257	0.0001015220095550224	8.722579846711009e-5	9.309789455380215e-5	0.00012049191235896157	0.00017572958570727607	0.0002715492486038003	0.00043001586246347814	0.0006875305620694013	0.0011030077652758531	0.0017708788777210005	0.0028413394687692986	0.004551037860119835	0.007267640366908568	0.011549822327245978	0.01821665603646886	0.028400904456609047	0.043523886766850206	0.0650865561768997	0.09418214646483682
949.0	1.613	110.6	0.2298	1.0	6.0	7.936100978918304e-5	0.011968852380883292	0.007466863609865286	0.004650416958317928	0.002893420295463369	0.0017993721425633641	0.0011190671512928368	0.0006966460968353432	0.00043498444791321685	0.0002737865115389192	0.00017585592252061417	0.00011857621720925378	8.871219506293339e-5	7.936100978918304e-5	8.835967072867059e-5	0.00011778453679077941	0.00017442680206742597	0.0002713493260749448	0.0004308713980000131	0.000689636383395196	0.0011068430428954799	0.001777310366076297	0.0028518026018058934	0.0045678197212534934	0.007294286394714274	0.01159165845804286	0.018281321339510062	0.02849857059421448	0.043666489186114564	0.06528511378904156	0.09444182978300411
950.0	1.613	110.6	0.2298	1.0	6.0	7.936100978918304e-5	0.011968852380883292	0.007466863609865286	0.004650416958317928	0.002893420295463369	0.0017993721425633641	0.0011190671512928368	0.0006966460968353432	0.00043498444791321685	0.0002737865115389192	0.00017585592252061417	0.00011857621720925378	8.871219506293339e-5	7.936100978918304e-5	8.835967072867059e-5	0.00011778453679077941	0.00017442680206742597	0.0002713493260749448	0.0004308713980000131	0.000689636383395196	0.0011068430428954799	0.001777310366076297	0.0028518026018058934	0.0045678197212534934	0.007294286394714274	0.01159165845804286	0.018281321339510062	0.02849857059421448	0.043666489186114564	0.06528511378904156	0.09444182978300411
951.0	1.613	110.6	0.2298	1.0	6.0	7.936100978918304e-5	0.011968852380883292	0.007466863609865286	0.004650416958317928	0.002893420295463369	0.0017993721425633641	0.0011190671512928368	0.0006966460968353432	0.00043498444791321685	0.0002737865115389192	0.00017585592252061417	0.00011857621720925378	8.871219506293339e-5	7.936100978918304e-5	8.835967072867059e-5	0.00011778453679077941	0.00017442680206742597	0.0002713493260749448	0.0004308713980000131	0.000689636383395196	0.0011068430428954799	0.001777310366076297	0.0028518026018058934	0.0045678197212534934	0.007294286394714274	0.01159165845804286	0.018281321339510062	0.02849857059421448	0.043666489186114564	0.06528511378904156	0.09444182978300411
952.0	1.613	110.6	0.2298	1.0	6.0	7.936100978918304e-5	0.011968852380883292	0.007466863609865286	0.004650416958317928	0.002893420295463369	0.0017993721425633641	0.0011190671512928368	0.0006966460968353432	0.00043498444791321685	0.0002737865115389192	0.00017585592252061417	0.00011857621720925378	8.871219506293339e-5	7.936100978918304e-5	8.835967072867059e-5	0.00011778453679077941	0.00017442680206742597	0.0002713493260749448	0.0004308713980000131	0.000689636383395196	0.0011068430428954799	0.001777310366076297	0.0028518026018058934	0.0045678197212534934	0.007294286394714274	0.01159165845804286	0.018281321339510062	0.02849857059421448	0.043666489186114564	0.06528511378904156	0.09444182978300411
953.0	1.63	162.5	0.2242	1.0	6.0	6.72913044105334e-5	0.011845465772247342	0.0073895043136643105	0.004602042965398577	0.00286317543311596	0.0017803903271409744	0.0011070082454719462	0.0006887404552319449	0.0004294111338871768	0.00026925943250350083	0.00017132921183293635	0.00011300347212093225	8.080498425683869e-5	6.72913044105334e-5	6.933778624915015e-5	8.741568270147211e-5	0.00012569912756009815	0.00019302377795538876	0.0003049122506921034	0.0004871172045348138	0.000781455916317169	0.0012551684507878485	0.0020156636407347136	0.0032333018909488534	0.005175578059090075	0.008255942080874887	0.013097513454996804	0.02060182057450898	0.031988759928928204	0.048732915143459794	0.07228431794768166
954.0	1.362	210.9	0.2437	1.0	6.0	5.587622349157193e-5	0.014143264764722333	0.008830601790000368	0.005502457524406785	0.0034244003611739937	0.002129598504668609	0.0013239458655802054	0.0008231866223826625	0.0005123081617150891	0.0003197208746513067	0.00020100307079896288	0.00012874399622023525	8.624941575675355e-5	6.369795829132953e-5	5.587622349157193e-5	6.097525974541626e-5	8.017224201416777e-5	0.00011790064994488008	0.00018286940415966323	0.0002900605830064658	0.00046415170717763833	0.0007451125797608975	0.0011971642799036824	0.001922898861443158	0.0030851308498898674	0.004939793070593101	0.007883208754331865	0.012514520287495376	0.019704911370632898	0.030642996416583784	0.04678610980055801
955.0	1.167	203.6	0.3287	1.0	6.0	4.93921067893316e-5	0.01646758299009675	0.010290920230550017	0.006415919717726918	0.003994199863941966	0.0024843742384646514	0.0015445300741239558	0.0009601235065855696	0.0005970857653757631	0.00037187595927664393	0.00023257079701847696	0.00014701483084048734	9.544501751244049e-5	6.59436466708781e-5	5.169112198859069e-5	4.93921067893316e-5	5.85143334896032e-5	8.116495987516816e-5	0.00012257534721247452	0.0001923038762778542	0.0003064280733755836	0.00049121500201263	0.0007890722167877343	0.0012680358072702548	0.0020366834890013052	0.003267144620817054	0.005229584179460056	0.008341375950131395	0.013231096273963133	0.020807115623796536	0.03229624861228792
956.0	1.191	237.4	0.4303	1.0	6.0	3.963694296235171e-5	0.016141088684220102	0.01008562050030851	0.006287415863062653	0.003913980859376179	0.0024343584098578406	0.0015133327706146403	0.0009406002971297818	0.0005847487359516859	0.0003638823969072176	0.00022707604684660965	0.000142749657384767	9.142360574357257e-5	6.123621956397653e-5	4.520918725623701e-5	3.963694296235171e-5	4.3230771949826115e-5	5.682078555846766e-5	8.354686624162288e-5	0.00012958172573959297	0.00020555024752370488	0.00032896530666515504	0.0005282225045532419	0.0008490237646791955	0.0013645768020089874	0.0021915751854561503	0.0035147579927755183	0.005623491271965905	0.008963378381550723	0.014202050929131791	0.022296242885587125
957.0	1.342	281.0	0.351	1.0	6.0	4.0437547815550165e-5	0.01435099100158631	0.008960982052513682	0.0055839328065548175	0.0034751436233242277	0.002161084594710735	0.001343355617261471	0.0008349699209717559	0.0005191750930841889	0.0003232537706366481	0.00020201676829726835	0.00012747209678736686	8.239748656430335e-5	5.63751727854146e-5	4.3389374715678355e-5	4.0437547815550165e-5	4.683673867393643e-5	6.406537991957143e-5	9.61036895047784e-5	0.00015034990565977315	0.00023932006019911856	0.00038351341424454116	0.0006160778223608471	0.0009902807274958492	0.0015913256235712686	0.0025547676066198957	0.004094578431556995	0.006544355268275721	0.010413977931562662	0.01645816866382819	0.025737244740568342
958.0	1.642	144.6	0.364	1.0	6.0	5.55847665978604e-5	0.011759888351192922	0.007335853260243783	0.004568493962755201	0.0028421973176352864	0.0017672199112151073	0.0010986338248350283	0.0006832384846215143	0.00042551425749443126	0.00026606837364984425	0.00016810673008067526	0.00010900462149448267	7.510516144652102e-5	5.857264881034277e-5	5.55847665978604e-5	6.544983761728986e-5	9.044622553468878e-5	0.00013634612447620026	0.00021374180565005702	0.00034047253044589644	0.0005456911845889835	0.0008764537455189916	0.0014082080813729264	0.002261231205712324	0.0036258634508841143	0.005800000285072418	0.009241735961367825	0.014635836013017937	0.02295989225806372	0.035507796254011	0.05378447861159603
959.0	1.591	115.2	0.3682	1.0	6.0	6.269086123677372e-5	0.012132291809042555	0.007569243617164939	0.004714276213213203	0.0029330830483377977	0.0018238385743350035	0.001133928798684988	0.0007053142182791617	0.00043945378579439155	0.00027508688058661585	0.00017428662811475363	0.00011377386911516551	7.956622764091926e-5	6.375694553168499e-5	6.269086123677372e-5	7.612021481208436e-5	0.00010714617594230976	0.00016293142887138532	0.00025634408213794785	0.00040890076028461474	0.0006556574498533184	0.0010530965021317896	0.0016916217189049503	0.0027150111860511786	0.0043499669653513165	0.0069492339478591314	0.011050191354607806	0.017444018101791418	0.027232524733791535	0.04181455672665391	0.06269986697701802
960.0	1.779	83.51	0.6408	1.0	6.0	5.576474333642497e-5	0.01086411427999695	0.006774765043227776	0.004218184115439179	0.0026239333392080017	0.0016314103292206215	0.0010142129194819793	0.0006308145885171128	0.0003930142523077275	0.00024599554564780455	0.00015582631624402467	0.00010167937018534534	7.104201947728678e-5	5.6832292575393966e-5	5.576474333642497e-5	6.759154037860536e-5	9.50442398933027e-5	0.00014446188736537752	0.00022724715224382334	0.0003624775654853507	0.0005812505338667884	0.0009337019038179522	0.00150015408533011	0.0024085453936928372	0.0038610938783131873	0.006173683408275944	0.009830593690605438	0.015552179171947206	0.02435861372197091	0.0375821829931677	0.056736155882986083
961.0	1.982	68.22	0.5489	1.0	6.0	6.538409833212282e-5	0.009762304132586507	0.006085180644725081	0.0037879093992319295	0.0023560159647998263	0.0014648809782180374	0.0009109419232054527	0.0005670664246045838	0.0003541028190496432	0.0002229436368202705	0.00014331104548734062	9.680943963357525e-5	7.26921725144876e-5	6.538409833212282e-5	7.319477066599473e-5	9.792724103139908e-5	0.0001452917500010793	0.00022621675192097186	0.00035935109337590217	0.0005753113950587821	0.0009235932887411562	0.0014835813951756154	0.0023817870965359735	0.003818246358116478	0.006105560486249839	0.009723253834865235	0.01538525514796697	0.02410412723567307	0.03720546620869714	0.056201533405983294	0.08241262773638577
962.0	2.285	67.06	0.6016	1.0	6.0	6.33916925394898e-5	0.008478783949089961	0.00528256026919048	0.003287325920735185	0.002044329254991329	0.001271026404713175	0.0007904805721721018	0.0004922910232310084	0.0003077784414025661	0.00019437922006994643	0.0001259090287398222	8.654847545544876e-5	6.720037214755429e-5	6.33916925394898e-5	7.424079960288414e-5	0.00010225278916932179	0.00015389488297753583	0.00024108105991758557	0.0003838984698598435	0.0006151779570840105	0.0009878929161825144	0.0015869107576306195	0.0025473384001498648	0.004082503029907212	0.006525059834638858	0.010383547540405885	0.016410907061677176	0.02566540320539441	0.03951160704452362	0.059464505553225196	0.0867693322437299
963.0	1.754	91.54	0.6627	1.0	6.0	5.174425723083641e-5	0.011017245827537334	0.006870647290964992	0.004278023713052893	0.0026611920009991918	0.001654558416092367	0.0010285472391257829	0.0006396283799644442	0.0003983374666179383	0.0002490560529612154	0.00015733068714599498	0.00010197505916973667	7.019725962568191e-5	5.465172623779967e-5	5.174425723083641e-5	6.080187609953865e-5	8.391665835566985e-5	0.00012642688474529153	0.00019814416553367133	0.00031560302093498684	0.0005058340815244298	0.000812484195318496	0.0013055719533149937	0.0020968103286297915	0.003363217598567982	0.00538242107684736	0.008582794338042602	0.013608191981982645	0.021386040643218415	0.03316216222796479	0.05042359455041824
964.0	1.612	117.3	0.5786	1.0	6.0	4.857530364424166e-5	0.01197610686354174	0.007471329927361561	0.004653077271843779	0.002894870041976903	0.001799938908450079	0.0011188790312597861	0.0006956584307503156	0.00043296837274688776	0.00027027560475864393	0.00017003818528827153	0.00010910627621272757	7.34002898255674e-5	5.466697538490128e-5	4.857530364424166e-5	5.3716348636258106e-5	7.127738358838456e-5	0.00010531476844128825	0.00016368707804214152	0.00025985938219757907	0.00041598306629794075	0.0006679300934320174	0.0010733600165106637	0.001724465004443201	0.0027677794465850477	0.004434223954087733	0.007082845616760206	0.011260015169986775	0.01776871579043851	0.02772393875264797	0.04253430162787658
965.0	1.592	121.2	0.7017	1.0	6.0	4.384267029372183e-5	0.012124725000022174	0.007564463141007777	0.004711229265501386	0.0029310855622118764	0.0018224365913827238	0.0011328011775180767	0.0007042013670071677	0.0004380987927927869	0.0002731765516293355	0.00017137923379308107	0.00010919706965834674	7.226165242059607e-5	5.203555794476738e-5	4.384267029372183e-5	4.5788410660689166e-5	5.832181930410691e-5	8.433846186787227e-5	0.00012984703476361003	0.0002053508356454679	0.0003282555929764609	0.0005268397446662481	0.0008466517693634798	0.0013606763062439344	0.0021852680912264892	0.0035046470967169626	0.005607394532798541	0.008937966154680772	0.01416241664238277	0.022235550025869934	0.034429785046737126
966.0	1.205	139.7	0.9226	1.0	6.0	3.566712926754472e-5	0.01595654582854204	0.009969604425869959	0.0062148095653258946	0.0038686645762375576	0.002406113521624311	0.0014957285598935347	0.0009296046722300907	0.0005778338701920994	0.00035945491038902837	0.00022411422693912497	0.00014056937619262463	8.952095444228826e-5	5.9171301633784315e-5	4.250452304535074e-5	3.566712926754472e-5	3.707796527496385e-5	4.70627088548028e-5	6.792858766403846e-5	0.00010449600384905555	0.00016520807717136562	0.0002640695341785542	0.00042384989652881957	0.0006812570039369257	0.0010951878278907601	0.0017597352884169033	0.002824375353515323	0.004524535022586561	0.007225988315079492	0.011484681212607803	0.018116109347728688
967.0	1.404	215.1	0.6709	1.0	6.0	3.336370514517283e-5	0.013725951308634972	0.008568649719200575	0.0053386481305683214	0.0033221647358464617	0.0020658041157852634	0.0012840371436997249	0.0007980104306132581	0.0004960715039061877	0.00030868003735346335	0.0001926089831695337	0.00012105702233006818	7.74924583095452e-5	5.18461752614598e-5	3.818917279371122e-5	3.336370514517283e-5	3.6253774752681294e-5	4.7527056420339294e-5	6.978859508257095e-5	0.00010818111919078909	0.00017156868125415265	0.00027457175185139715	0.00044090985462363316	0.0007087871614848379	0.0011394697035844146	0.0018307896884943021	0.002938069155291378	0.004705717455781066	0.007512908394582403	0.011934596865321487	0.018810940734131337
968.0	1.88	229.5	0.6939	1.0	6.0	3.2243706591668574e-5	0.010286421678789943	0.006413071307672864	0.00399236938074756	0.002483148683780583	0.0015436300227128484	0.0009593423524026104	0.0005962434464820705	0.00037077789939386454	0.00023096313253635948	0.00014452578988917626	9.149898298930495e-5	5.96280728282158e-5	4.154556892317286e-5	3.307068620524184e-5	3.2243706591668574e-5	3.8873074024481686e-5	5.4490804974007876e-5	8.27056215140044e-5	0.00013003431631320776	0.00020740044688928426	0.00033263868348337	0.0005345625643768428	0.0008594811375527335	0.001381529559950043	0.0022188399286457673	0.0035583735275343193	0.005692866122760937	0.009072851256092942	0.0143727296672537	0.02255750010888433
969.0	2.274	195.5	0.6389	1.0	6.0	3.580679746146778e-5	0.008519369531083744	0.005307850226435178	0.0033029695619769166	0.0020538669181410234	0.0012766338177815978	0.000793442952193849	0.000493289002874477	0.000307041100245873	0.0001917353762159993	0.00012074701281428658	7.76744651166569e-5	5.256232861403664e-5	3.960509319677226e-5	3.580679746146778e-5	4.0288883760949334e-5	5.408691659074186e-5	8.038906209059339e-5	0.00012527048248947318	0.0001990906035380945	0.00031886881578580266	0.0005121683818509097	0.0008233360556101695	0.0013234100438811421	0.0021256543308610532	0.0034094671300698635	0.005456081994754278	0.008699164560849312	0.013789886643896037	0.02166473667811821	0.03357843326493972
970.0	3.683	220.1	0.697	1.0	6.0	3.2400972391738244e-5	0.005277356078227983	0.003283945236724956	0.002042005642524424	0.001269228450921971	0.0007887947671490766	0.000490328374769265	0.0003050853846224877	0.00019033306323528343	0.00011957408978151506	7.645978492463551e-5	5.102502160389649e-5	3.738966702472778e-5	3.2400972391738244e-5	3.490521267468233e-5	4.5480908236057446e-5	6.65719810862999e-5	0.00010305101308429112	0.00016334095204131196	0.00026134959842446387	0.0004196510634802476	0.0006746158730859569	0.0010845883393386536	0.0017427772773012098	0.0027972684584005934	0.004481346145578612	0.00715757906033635	0.011377349341900475	0.017950194090273982	0.027998367662060923	0.04293574540964916
971.0	3.494	278.4	0.6023	1.0	6.0	3.13717061463069e-5	0.005561225694951541	0.0034609531711792527	0.00215220182011449	0.0013377544261310738	0.0008313658310117267	0.0005167387888865389	0.0003214234224964535	0.000200369688741014	0.00012562760052606603	7.992908994853514e-5	5.2712064241600185e-5	3.768447299743355e-5	3.13717061463069e-5	3.2313924819524185e-5	4.0728598892027456e-5	5.85603675445944e-5	8.992932836240698e-5	0.0001420800034031502	0.00022704662556496607	0.000364409928115404	0.0005857572747934049	0.0009418113074582435	0.0015137054929424264	0.002430579891254946	0.003896469459866579	0.006229977326026553	0.009919310951874805	0.015690117544137277	0.024568813137005877	0.03789311129291813
972.0	4.265	267.0	0.8282	1.0	6.0	2.708066815670021e-5	0.004560492265280701	0.002837086331944608	0.0017638383252240586	0.0010962075900296335	0.0006812095750845547	0.00042341463340153266	0.0002634129068584876	0.00016428146366644997	0.00010312496663778106	6.581142291250581e-5	4.3715698195603353e-5	3.172930519488502e-5	2.708066815670021e-5	2.869472703354379e-5	3.694436918153551e-5	5.373626874881373e-5	8.295059414495615e-5	0.00013133504127074008	0.00021005667477286608	0.0003372619443263221	0.0005422148741870883	0.0008719135789779776	0.0014015691466006202	0.0022509969908805125	0.003609766700892394	0.0057745715796883226	0.009201730694576632	0.014573570984186593	0.022864724857487084	0.035366328984522376
973.0	5.545	462.4	0.641	1.0	6.0	2.324036318719837e-5	0.003511459879788085	0.0021836203705634825	0.0013572495943003989	0.0008434070860170194	0.0005240958088032667	0.00032579185711966655	0.00020275759844842487	0.00012658638586648404	7.968016600458089e-5	5.11977448465154e-5	3.4554516373535126e-5	2.5902300063740616e-5	2.324036318719837e-5	2.5953028945085343e-5	3.466725722028488e-5	5.139723371200062e-5	8.000900368793535e-5	0.00012711143276783327	0.00020357645533896547	0.0003270321730045679	0.0005258846245310972	0.0008457447986208208	0.0013596096528273986	0.0021838000301844947	0.00350245082739129	0.00560399448328744	0.00893265737272201	0.014154172320012913	0.022222945949389068	0.03441101600093238
974.0	5.584	380.3	0.7352	1.0	6.0	2.3946033890794848e-5	0.003487023388728019	0.0021684071143282728	0.0013477904191105028	0.0008375333859157447	0.0005204565040686701	0.0003235481046461704	0.00020139156611437468	0.00012578256370482632	7.925281034007477e-5	5.1048079570062836e-5	3.4647948998981736e-5	2.6260442678398078e-5	2.3946033890794848e-5	2.7169393462468495e-5	3.6675525502852866e-5	5.466159070810351e-5	8.52836865975826e-5	0.00013561444690607	0.0002172693995380645	0.0003490690665292734	0.0005613288266637997	0.0009027076943851869	0.0014510433522011978	0.002330279508184723	0.0037363896489470074	0.005975776595530754	0.009518921826096925	0.015067469610334347	0.023619327380679702	0.03648699231014458
975.0	5.225	385.2	0.8637	1.0	6.0	2.2081104659786115e-5	0.0037257059205853043	0.002317030463687181	0.0014402312545007282	0.0008949790212563303	0.0005561185691190563	0.0003456457746190882	0.00021502448504940452	0.00013409946301917204	8.417556523188856e-5	5.3714586234314125e-5	3.56746764583971e-5	2.5884776399423893e-5	2.2081104659786115e-5	2.3384000558359994e-5	3.009452464077795e-5	4.3763821744575164e-5	6.755102859893529e-5	0.00010695168205508982	0.0001710629111971737	0.0002746723566138749	0.000441639274345341	0.0007103119534853422	0.0011421369870001678	0.0018352020926863098	0.0029452105809216556	0.004717146201925401	0.007531031806022483	0.011963019605735706	0.018854810671312155	0.02936373544887976
976.0	5.16	267.2	0.617	1.0	6.0	3.194301848057915e-5	0.003772492717037589	0.002346200156766012	0.0014584290150767283	0.0009063744414066562	0.0005633320280243121	0.00035033974498183113	0.0002182823251210064	0.00013667376943684293	8.66613794013855e-5	5.668668095409274e-5	3.982034818924002e-5	3.216271780071793e-5	3.194301848057915e-5	3.911010032634729e-5	5.5320274308148284e-5	8.431912597335485e-5	0.00013280438155060262	0.00021196606030933764	0.00034005144842251794	0.0005465256982962035	0.0008787325094794082	0.0014124468957461955	0.0022683815253843804	0.003637505005361242	0.005818637474917651	0.0092712069140889	0.01468179271503414	0.023030176638566078	0.035612279254790734	0.053933618294337037
977.0	5.16	267.2	0.617	1.0	6.0	3.194301848057915e-5	0.003772492717037589	0.002346200156766012	0.0014584290150767283	0.0009063744414066562	0.0005633320280243121	0.00035033974498183113	0.0002182823251210064	0.00013667376943684293	8.66613794013855e-5	5.668668095409274e-5	3.982034818924002e-5	3.216271780071793e-5	3.194301848057915e-5	3.911010032634729e-5	5.5320274308148284e-5	8.431912597335485e-5	0.00013280438155060262	0.00021196606030933764	0.00034005144842251794	0.0005465256982962035	0.0008787325094794082	0.0014124468957461955	0.0022683815253843804	0.003637505005361242	0.005818637474917651	0.0092712069140889	0.01468179271503414	0.023030176638566078	0.035612279254790734	0.053933618294337037
978.0	6.853	248.7	0.5252	1.0	6.0	3.538905151353499e-5	0.0028432263072942932	0.0017677028992458016	0.0010986805675295079	0.000682859039610123	0.00042462057818678275	0.00026445366439432043	0.00016539751487264651	0.00010457433972611867	6.792928102882428e-5	4.699181024043336e-5	3.692127292101237e-5	3.538905151353499e-5	4.204048045600089e-5	5.841253109983802e-5	8.828794652925247e-5	0.00013856642664698143	0.0002208507535569212	0.000354105305638863	0.0005689775323250529	0.0009147192551001918	0.0014701478123926516	0.0023607719266917574	0.003785006427032468	0.0060529595855455	0.009640509461419321	0.015256631173356372	0.023907989285149478	0.0369149407657945	0.05578882099639414	0.08185867624821444
979.0	6.23	196.0	0.4794	1.0	6.0	4.2248352246830736e-5	0.003126677445680603	0.0019441578581625492	0.0012084615240958844	0.0007511671798563782	0.00046718116977333065	0.0002910819017073925	0.00018224107342879154	0.00011552458010487896	7.551713280725847e-5	5.2971528041718164e-5	4.26755170021947e-5	4.2248352246830736e-5	5.1590663421879084e-5	7.286091152139998e-5	0.00011097242558034085	0.0001747238563545429	0.00027881874420503507	0.0004472263090297923	0.0007186220572325015	0.0011550669534948336	0.0018556775300825913	0.0029778006551154294	0.004768963910914232	0.007612989417458389	0.01209140548976049	0.01905284249190872	0.02966206084002056	0.04536177704785062	0.06763901648325364	0.09750952749960345
980.0	5.241	190.0	0.5415	1.0	6.0	3.944547805335782e-5	0.0037144464180365305	0.0023100896322817625	0.001436028154572556	0.0008925509828571568	0.0005549076788004592	0.0003453733842635413	0.0002156281367844997	0.00013571897157553167	8.718555228419787e-5	5.8811184508369497e-5	4.403651692974332e-5	3.944547805335782e-5	4.397618749584107e-5	5.867529733825888e-5	8.69388815519952e-5	0.00013529443397923945	0.00021490147334452558	0.0003441089725352736	0.0005526381955211242	0.0008882993053895668	0.0014276435195984963	0.002292627269498416	0.003676163213752098	0.005880028454285889	0.00936797105321684	0.01483247057278016	0.02326043051506364	0.03595433409210174	0.05442149034616815	0.08001866608754858
981.0	2.518	231.6	0.5218	1.0	6.0	3.6741704262209835e-5	0.007700190043690562	0.004795989011516211	0.0029838827049932337	0.0018552493147158272	0.0011531281944992435	0.0007167090040327107	0.0004456663242811284	0.0002775489851430567	0.00017356581606185197	0.00010970274524553393	7.120309813209359e-5	4.916789842201498e-5	3.850279071806292e-5	3.6741704262209835e-5	4.347703529278484e-5	6.026508193734109e-5	9.098457272427562e-5	0.0001427298305608191	0.00022744133049176595	0.0003646408115909165	0.0005858777727603648	0.0009418493859859789	0.0015136702103745931	0.002430463734485032	0.0038962472195726763	0.006229601803618922	0.009918705823025443	0.01568916870699182	0.02456736269959935	0.037890963655530276
982.0	3.672	204.7	0.6067	1.0	6.0	3.591400113171438e-5	0.005293092698707281	0.00329376845682615	0.0020481393792355384	0.0012730727002833802	0.0007912314222259199	0.0004919181995148009	0.0003061949970300262	0.0001912186776577827	0.00012044036795209797	7.750701128193594e-5	5.249535893707663e-5	3.962312572461519e-5	3.591400113171438e-5	4.051004096886979e-5	5.447314354507722e-5	8.102959883551682e-5	0.00012631324804350449	0.0002007761879518949	0.0003215855577661521	0.0005165407201775243	0.0008303651712850376	0.001334695686189449	0.002143739869821363	0.003438364290381882	0.005502038779043736	0.008771714605934677	0.013903102185686196	0.021838292658626975	0.0338374597451032	0.05139373853432851
983.0	3.656	140.1	0.5626	1.0	6.0	4.624740599108768e-5	0.005316168232943876	0.003308190547591769	0.002057172982213771	0.0012787797317347176	0.0007949212081887104	0.0004944400164750418	0.00030813050626359007	0.0001930149080449046	0.0001225125049314954	8.033418119631007e-5	5.673132803753247e-5	4.624740599108768e-5	4.6458216069132e-5	5.741173411327081e-5	8.163844371465425e-5	0.00012473381215276464	0.00019664491701988328	0.0003139514903061576	0.0005036499494516304	0.0008092665685745975	0.0013005876335973794	0.002088934790432399	0.003350701785681111	0.00536255460502777	0.00855144636984003	0.013559259984603148	0.021310971076095534	0.03304997859449797	0.05026223308547326	0.0743763524327804
984.0	2.588	136.4	0.6228	1.0	6.0	4.380610361665346e-5	0.007493497832676893	0.004666906630603718	0.0029034633965141234	0.0018052464495342294	0.0011221138380002973	0.0006975630590989456	0.000433981165058818	0.00027062996661989707	0.00016981575541706356	0.00010825549743265927	7.172437365867162e-5	5.1778368303978696e-5	4.380610361665346e-5	4.596400173121878e-5	5.875013807911989e-5	8.51184568235883e-5	0.00013115880741811434	0.0002074970062003983	0.00033173054316274235	0.000532442026330044	0.0008556638067440452	0.001375148158334419	0.002208458690498829	0.0035416942512424155	0.005666292529153036	0.009030894096861499	0.014307305465541164	0.022457363611397663	0.03476018021380352	0.052715978177125915
985.0	2.3	124.1	0.5789	1.0	6.0	4.7881381972426465e-5	0.008423903742351602	0.005248209621861245	0.0032658280356480888	0.0020308163054471398	0.0012624135283122817	0.0007847914255827846	0.00048821587062309197	0.0003043771250164085	0.0001908660036801159	0.00012147176871894802	8.016116974197768e-5	5.7386105083405365e-5	4.7881381972426465e-5	4.944914096895974e-5	6.245091215421562e-5	8.989019327671911e-5	0.00013810363608884866	0.0002182173201730323	0.0003486958905917213	0.0005595506837501634	0.0008991196418089246	0.001444831815993336	0.0023200497346930545	0.003719882821906126	0.00594944712634919	0.009477363030632973	0.015002750489448656	0.02352049552822682	0.03634036187471315	0.05497145330942138
986.0	2.927	132.1	0.4739	1.0	6.0	5.106908197666995e-5	0.006631410957549648	0.004128690989111904	0.0025681582723996394	0.0015966692451767665	0.0009925544145714114	0.0006172617872098161	0.0003844451476834178	0.0002404331002668644	0.000151985916400755	9.867354201707054e-5	6.817588853335493e-5	5.344317752080049e-5	5.106908197666995e-5	6.0503931173954824e-5	8.3927004232791e-5	0.00012674781082173484	0.00019884961856887529	0.0003168554374017886	0.0005079212540661809	0.0008158840203500664	0.0013110582898501677	0.0021056200038741223	0.003377305967738667	0.00540483742816587	0.008618196883233583	0.013663466950599954	0.021470838514665216	0.03328885738756305	0.05060576422573716	0.07484498456694162
987.0	2.209	141.8	0.4322	1.0	6.0	5.154085960184503e-5	0.008767889734117297	0.005463237801677638	0.0033999211264544313	0.002114322320018668	0.0013143878013450704	0.000817154727179178	0.0005084145853539312	0.00031706789673878997	0.00019897819044983642	0.00012687932532488882	8.411388091623045e-5	6.07977842607053e-5	5.154085960184503e-5	5.420248991053996e-5	6.939684549304134e-5	0.00010063355098890302	0.00015512497876336116	0.0002454425749228228	0.0003923938461123568	0.0006297557185076014	0.0010118825229205165	0.0016257520161330238	0.0026097356660309047	0.0041821747562580044	0.006683251554055133	0.01063232857512926	0.016796756669744294	0.026251357333440837	0.04037407951219304	0.06067886121759203
988.0	2.209	141.8	0.4322	1.0	6.0	5.154085960184503e-5	0.008767889734117297	0.005463237801677638	0.0033999211264544313	0.002114322320018668	0.0013143878013450704	0.000817154727179178	0.0005084145853539312	0.00031706789673878997	0.00019897819044983642	0.00012687932532488882	8.411388091623045e-5	6.07977842607053e-5	5.154085960184503e-5	5.420248991053996e-5	6.939684549304134e-5	0.00010063355098890302	0.00015512497876336116	0.0002454425749228228	0.0003923938461123568	0.0006297557185076014	0.0010118825229205165	0.0016257520161330238	0.0026097356660309047	0.0041821747562580044	0.006683251554055133	0.01063232857512926	0.016796756669744294	0.026251357333440837	0.04037407951219304	0.06067886121759203
989.0	3.052	161.2	0.4431	1.0	6.0	4.766293713833731e-5	0.00636153368138414	0.003960256012634546	0.002463222731399626	0.0015313569118213955	0.0009519121801834586	0.0005919488316859665	0.00036862985927664955	0.00023046651594928034	0.0001455663655517358	9.431763161264123e-5	6.487671030413957e-5	5.043794199603923e-5	4.766293713833731e-5	5.59094493393551e-5	7.708240103537352e-5	0.00011607218111423671	0.0001818793657183582	0.0002896798171943109	0.00046429166277040125	0.0007458043573247276	0.0011985645959132485	0.0019253231373428574	0.0030891181106765865	0.004946210273518742	0.00789340074406576	0.012530498306996431	0.019729532996407253	0.03068000344523889	0.046839762522794696	0.06968139361765091
990.0	3.052	161.2	0.4431	1.0	6.0	4.766293713833731e-5	0.00636153368138414	0.003960256012634546	0.002463222731399626	0.0015313569118213955	0.0009519121801834586	0.0005919488316859665	0.00036862985927664955	0.00023046651594928034	0.0001455663655517358	9.431763161264123e-5	6.487671030413957e-5	5.043794199603923e-5	4.766293713833731e-5	5.59094493393551e-5	7.708240103537352e-5	0.00011607218111423671	0.0001818793657183582	0.0002896798171943109	0.00046429166277040125	0.0007458043573247276	0.0011985645959132485	0.0019253231373428574	0.0030891181106765865	0.004946210273518742	0.00789340074406576	0.012530498306996431	0.019729532996407253	0.03068000344523889	0.046839762522794696	0.06968139361765091
991.0	2.263	125.6	0.2704	1.0	6.0	6.988537212727588e-5	0.008560524971725002	0.005333672456269179	0.0033192280962579105	0.002064243175727734	0.001283497035692348	0.000798368615589842	0.0004974117370898165	0.0003113126294662724	0.00019714290332176047	0.00012854084312972488	8.965684144118306e-5	7.150395248558225e-5	6.988537212727588e-5	8.442534835720355e-5	0.00011848090094039301	0.00017991258909363047	0.00028288708668151646	0.00045111345683793445	0.0007232225858990459	0.0011614334114134752	0.0018652528307643973	0.0029927236192925284	0.004792492713233981	0.007650077850395385	0.012149418049908546	0.019142251654501525	0.029796659552854526	0.0455574642209	0.06790994029008031	0.0978613254515039
992.0	2.263	125.6	0.2704	1.0	6.0	6.988537212727588e-5	0.008560524971725002	0.005333672456269179	0.0033192280962579105	0.002064243175727734	0.001283497035692348	0.000798368615589842	0.0004974117370898165	0.0003113126294662724	0.00019714290332176047	0.00012854084312972488	8.965684144118306e-5	7.150395248558225e-5	6.988537212727588e-5	8.442534835720355e-5	0.00011848090094039301	0.00017991258909363047	0.00028288708668151646	0.00045111345683793445	0.0007232225858990459	0.0011614334114134752	0.0018652528307643973	0.0029927236192925284	0.004792492713233981	0.007650077850395385	0.012149418049908546	0.019142251654501525	0.029796659552854526	0.0455574642209	0.06790994029008031	0.0978613254515039
993.0	2.047	127.3	0.3205	1.0	6.0	6.263775603145362e-5	0.009455243348004627	0.005893088433967206	0.0036680644335276296	0.0022813649710295004	0.0014184165567521975	0.0008820176400789512	0.0005490312867317464	0.00034280058204607083	0.00021576608587972395	0.00013860038942251082	9.34770733486609e-5	6.996775689844762e-5	6.263775603145362e-5	6.979162659488656e-5	9.308087868060921e-5	0.00013788297422273827	0.00021453637059373312	0.00034070881505770265	0.0005454244676914423	0.0008756239782451947	0.0014066275826805153	0.002258545314937808	0.0036214788279510407	0.005792973643970833	0.009230619971217113	0.014618498025102568	0.022933371779394265	0.03546836433164802	0.05372817999339804	0.07908288774463376
994.0	1.541	155.7	0.3076	1.0	6.0	5.815993395427034e-5	0.012520998565976521	0.007812898069915333	0.004866458543547624	0.0030279070393126116	0.00188281409341531	0.0011705325017029972	0.0007279486608237947	0.00045332945315247825	0.0002834035094757002	0.00017896405293848806	0.0001158924962141892	7.961555800098083e-5	6.174830413587803e-5	5.815993395427034e-5	6.801989946853274e-5	9.360519766760262e-5	0.00014082366266900898	0.0002205710334688877	0.00035122660108751803	0.000562840977610502	0.0009039234846474656	0.0014522421510380482	0.0023317338989692258	0.0037384240388554433	0.005978831110043266	0.009523626667932713	0.015074725258964092	0.02363036363140684	0.03650333804449366	0.055203437484314756
995.0	1.387	165.1	0.2314	1.0	6.0	6.517505581882393e-5	0.013891902413019696	0.008672849076919112	0.005403869042876229	0.0033629727356020607	0.002091435402000704	0.0013003414205855757	0.0008087282419142947	0.0005036699431802456	0.0003149119336822614	0.00019891387452966431	0.0001288923631647578	8.866998029268001e-5	6.89504939769002e-5	6.517505581882393e-5	7.646964900825458e-5	0.00010544212798071054	0.0001587811106525617	0.0002487910869536227	0.0003962072550364012	0.0006349110268230158	0.0010195592390132597	0.001637692586347933	0.002628616852302055	0.0042121465505541	0.006730696428776744	0.010706846564467257	0.016912223899685674	0.02642653208103301	0.040631585926417385	0.061040795654280576
996.0	1.696	147.3	0.2808	1.0	6.0	6.34308951504023e-5	0.011389745506929238	0.007103977637757883	0.004423735749990963	0.002752044242020666	0.0017111972937237617	0.0010639304310209744	0.0006618844707970489	0.0004125926477021977	0.0002585990675686095	0.00016436546308065198	0.00010812733291645488	7.688934394665106e-5	6.34308951504023e-5	6.464014358719888e-5	8.079509638265097e-5	0.00011562627840513816	0.00017717387869013002	0.0002796321073998602	0.00044659254830843793	0.0007163982899927865	0.001150748413036289	0.0018482900208253601	0.0029656987189909246	0.0047495096231652345	0.007582090073295146	0.01204292611917203	0.018978026189961805	0.029549348126171486	0.045197813742944605	0.06741187352141206
997.0	1.584	133.2	0.1921	1.0	6.0	7.912002046918474e-5	0.01218530293731609	0.007602519135373735	0.004735139540491493	0.0029462139493380483	0.0018322174001261726	0.0011394714785759633	0.0007092941770575233	0.00044278822155072634	0.00027854569539278713	0.00017866923831412354	0.00012009357105855285	8.928424937610911e-5	7.912002046918474e-5	8.725002795462271e-5	0.00011555002679901729	0.00017055176391092154	0.00026494049761180676	0.00042045420260001485	0.0006728213362824292	0.0010797923089940259	0.0017338994630063031	0.002782329909952042	0.004457081608230384	0.00711885662202173	0.011316410009763049	0.01785586035364259	0.027855685115321587	0.042727037846470986	0.06397548223611248	0.09272640257514615
998.0	1.553	163.1	0.2001	1.0	6.0	7.101743904445045e-5	0.01242548350941768	0.007753047736678441	0.004829120288893323	0.0030047146758276086	0.001868508439109968	0.0011618455500614438	0.0007228870045332335	0.0004507285019273632	0.00028266405185527313	0.00017991594857541502	0.00011875618618643511	8.505332933694769e-5	7.101743904445045e-5	7.340314071467991e-5	9.27598509763664e-5	0.00013355655282985232	0.00020520773842494066	0.000324230348839609	0.0005180106768898566	0.0008310009079390271	0.0013346459066839562	0.0021429973664876924	0.003436768371046372	0.005499248412908215	0.008767155059157788	0.013895893451940797	0.021827187045382033	0.033820855733223125	0.05136989038583424	0.07588567505773441
999.0	1.036	163.0	0.1767	1.0	6.0	7.4591059773998e-5	0.018511354164248477	0.0115771714397257	0.007221426356233594	0.0044971260739801655	0.0027978640702519854	0.0017398550639532225	0.0010819809618843183	0.0006734741879936605	0.0004203910781059955	0.00026440559321455127	0.00016952135103635995	0.0001138243200838355	8.444456506544369e-5	7.4591059773998e-5	8.198487339297004e-5	0.00010833208044281602	0.00015971447016245718	0.000247984641852019	0.0003934769409230286	0.0006296317406857824	0.0010105264390801278	0.0016228595847295594	0.002604662066557531	0.0041738082671089844	0.006669813514344529	0.010611101811606143	0.016763787942541363	0.02620128491968615	0.0403004207616571	0.060575263948124174
1000.0	1.336	129.7	0.1597	1.0	6.0	8.826913537692497e-5	0.014414616485450959	0.009001031354098327	0.005609139656626472	0.003491130820951761	0.0021714690583162204	0.001350507794813732	0.0008405318577415983	0.0005244284602898811	0.0003294117261120694	0.00021050274410553337	0.00014024825353635973	0.00010241806309208266	8.826913537692497e-5	9.452965748034868e-5	0.00012264286483606104	0.0001790962462339439	0.0002769077957334198	0.00043859925050407416	0.0007013074843404898	0.0011251220078128373	0.0018063354078420321	0.002898057264122689	0.004641416434007643	0.007410766878494637	0.011774277298313783	0.018563350160053418	0.028924200154932724	0.04428737995014503	0.06614860770519972	0.09556947618520766
